# Blender 4.0.2
# www.blender.org
mtllib Shrimp-bl.mtl
o Cube.003
v -0.298924 2.017519 -0.852133
v 0.216532 2.017518 -0.852133
v -0.172163 2.595370 -0.147125
v -0.286115 2.004557 -0.095016
v 0.091643 2.594932 -0.150977
v -0.186244 2.029955 0.701972
v 0.104347 2.030704 0.704462
v -0.167822 2.156687 1.358126
v 0.085256 2.157617 1.363191
v -0.149242 2.515394 1.543754
v -0.168811 2.705921 -1.416349
v 0.188090 2.029737 -1.220282
v -0.287069 2.034775 -1.224288
v -0.315844 2.462859 -0.279913
v -0.303402 2.194677 0.744292
v 0.230279 2.219694 0.757026
v 0.129855 2.242190 1.354450
v 0.219082 2.422130 0.976622
v -0.167249 2.474372 1.462409
v -0.164693 2.258136 1.671803
v 0.085247 2.480842 1.469030
v -0.067188 2.481734 1.728033
v 0.013133 2.498856 1.695340
v -0.275213 1.904327 -1.462760
v -0.327450 2.019830 -1.480727
v -0.201335 2.478900 -1.779559
v 0.189608 1.905223 -1.460629
v -0.316760 2.280740 -1.747576
v 0.088456 2.457363 -1.832203
v 0.235938 2.296854 -1.723225
v -0.274346 1.708420 -1.601650
v -0.171582 2.146053 -2.062225
v -0.311511 2.011925 -1.940558
v 0.089707 2.146946 -2.061594
v 0.205719 1.986706 -2.003669
v -0.275868 1.400771 -1.766018
v -0.166882 1.701808 -2.213798
v 0.194185 1.392759 -1.769055
v 0.083824 1.698873 -2.214655
v -0.195967 0.777808 -2.215383
v 0.179660 0.819239 -1.950202
v 0.087682 0.771838 -2.230622
v 0.167245 1.276164 -1.771095
v -0.250297 1.277073 -1.771330
v -0.204119 0.086596 -1.697718
v -0.201367 0.120976 -1.937538
v -0.284808 0.091352 -1.830205
v 0.098249 0.085823 -1.928244
v 0.202338 0.090241 -1.829747
v -0.225621 0.232820 -1.658507
v 0.142211 0.228829 -1.655857
v 0.154376 1.662717 -1.434919
v 0.117359 1.574538 -1.301833
v 0.161549 1.742773 -1.532127
v 0.179636 1.780341 -1.511773
v 0.177674 1.797479 -1.490969
v 0.160032 1.818092 -1.493226
v 0.115479 1.830799 -1.487577
v 0.061373 1.617071 -1.220943
v 0.071860 1.807765 -1.491126
v 0.067190 1.770248 -1.522815
v 0.095196 1.736808 -1.538630
v 0.102565 1.778768 -1.360977
v 0.072667 1.762121 -1.357140
v 0.070163 1.167975 -1.102165
v 0.048189 1.170070 -1.104916
v 0.127241 1.585287 -1.730593
v 0.161351 1.615034 -1.720378
v 0.164398 1.657766 -1.695921
v 0.125844 1.689044 -1.700708
v 0.052998 1.528229 -1.396259
v 0.079810 1.684187 -1.701588
v 0.058584 1.668052 -1.696079
v 0.053083 1.648190 -1.713560
v 0.063356 1.604859 -1.726585
v 0.083632 1.473279 -1.470063
v 0.061758 1.646852 -1.556162
v 0.064405 1.107245 -1.200007
v 0.041132 1.084794 -1.200845
v 0.163095 1.906624 -1.340541
v 0.187819 1.918252 -1.330759
v 0.204262 1.937336 -1.316353
v 0.209587 1.960574 -1.299806
v 0.206844 1.978055 -1.271870
v 0.185268 2.003437 -1.271600
v 0.071404 1.722237 -0.967703
v 0.103429 2.011392 -1.271721
v 0.077369 1.990641 -1.272063
v 0.071393 1.974008 -1.300011
v 0.072192 1.950174 -1.316550
v 0.084694 1.928276 -1.330912
v 0.101063 1.679481 -1.080128
v 0.106744 1.912101 -1.340624
v 0.076341 1.913935 -1.116777
v 0.070077 1.152520 -0.902090
v 0.043232 1.155516 -0.905434
v 0.125881 1.464746 -0.981705
v 0.036334 1.418244 -0.951111
v 0.092377 1.418651 -0.986836
v 0.163786 1.978727 -1.055189
v 0.185687 2.022805 -1.062828
v 0.210840 2.036747 -1.023018
v 0.203421 2.064573 -1.014070
v 0.182608 2.092719 -1.028020
v 0.133060 2.101647 -1.001159
v 0.067129 1.787791 -0.660983
v 0.080034 2.068077 -1.001126
v 0.067313 2.040767 -1.012787
v 0.067046 2.008952 -1.024055
v 0.106021 1.735368 -0.760151
v 0.107211 1.981858 -1.053582
v 0.078270 1.242932 -0.501113
v 0.051375 1.245405 -0.504476
v 0.043523 1.497712 -0.590732
v 0.192111 1.963202 -0.658147
v 0.178358 2.072429 -0.765278
v 0.203006 2.083294 -0.754480
v 0.219338 2.101253 -0.738577
v 0.224534 2.123195 -0.720310
v 0.221583 2.138552 -0.691174
v 0.199996 2.163846 -0.689173
v 0.084047 1.860854 -0.407849
v 0.118157 2.171802 -0.689295
v 0.092108 2.151138 -0.691366
v 0.086340 2.136629 -0.720516
v 0.087267 2.114091 -0.738774
v 0.099881 2.093318 -0.754633
v 0.114533 1.826569 -0.522923
v 0.122007 2.077907 -0.765362
v 0.089988 2.063102 -0.542222
v 0.082462 1.287837 -0.384774
v 0.055641 1.291078 -0.388080
v 0.048973 1.556476 -0.414152
v -0.306387 2.293744 0.962885
v -0.167472 2.354219 1.581980
v 0.087007 2.372391 1.552211
v 0.246551 0.859363 -2.031785
v -0.165441 1.648338 -1.224737
v -0.155049 1.762111 -1.357135
v -0.134182 1.743411 -1.371420
v -0.184038 1.207427 -1.129959
v -0.173801 1.416349 -1.124171
v -0.144140 1.646843 -1.556155
v -0.123054 1.625946 -1.566541
v -0.177746 1.141095 -1.234884
v -0.159107 1.269907 -1.320877
v -0.158722 1.913922 -1.116773
v -0.133435 1.893524 -1.137401
v -0.191369 1.204784 -0.929038
v -0.125921 1.171008 -0.902058
v -0.149336 1.415509 -0.889047
v -0.176090 1.429193 -0.886494
v -0.199095 1.290260 -0.536524
v -0.135937 1.246875 -0.566523
v -0.172368 2.063088 -0.542219
v -0.147239 2.044285 -0.564489
v -0.203928 1.341953 -0.407482
v -0.141583 1.306773 -0.448061
v -0.144860 1.989543 -0.770386
v 0.017838 2.139843 1.383425
v -0.094333 2.611938 1.037300
v -0.123822 1.975295 -1.232011
v -0.106880 1.952311 -0.965666
v -0.126071 1.842194 -1.444991
v -0.102230 1.621237 -1.576591
v 0.105038 1.300869 -1.748546
v -0.041226 -0.072377 -1.720104
v 0.045931 1.984753 -0.450554
v 0.056504 2.018267 -0.450653
v 0.090549 2.026063 -0.406793
v 0.084602 2.044030 -0.386473
v 0.066597 2.060797 -0.374648
v 0.019817 2.067624 -0.360256
v 0.000233 1.921561 -0.269089
v -0.005399 1.983243 -0.443054
v 0.061225 1.890875 -0.189106
v 0.159561 1.873150 0.492658
v 0.083919 2.157805 -0.200410
v 0.096093 2.180187 -0.189619
v 0.123574 2.175551 -0.140879
v 0.114749 2.188065 -0.117732
v 0.095194 2.201995 -0.104703
v 0.023328 2.201995 -0.104703
v -0.001688 2.183772 -0.143711
v 0.011654 2.154834 -0.185403
v 0.063130 1.991454 0.029321
v 0.061821 1.800515 0.691384
v 0.045931 2.053278 0.078737
v 0.056504 2.086791 0.078638
v 0.090549 2.094588 0.122498
v 0.084602 2.112555 0.142818
v 0.066597 2.129322 0.154643
v 0.019817 2.136148 0.169035
v 0.000233 1.990085 0.260202
v -0.005399 2.051768 0.086237
v 0.061225 1.959400 0.340185
v 0.168941 1.967604 0.928313
v 0.045931 2.131648 0.482037
v 0.056504 2.162759 0.494497
v 0.090549 2.153562 0.538085
v 0.084602 2.162611 0.563655
v 0.066597 2.173729 0.580899
v 0.019817 2.174668 0.596800
v 0.000233 2.005093 0.626628
v -0.005399 2.127439 0.488426
v 0.061225 1.946685 0.689297
v 0.161413 1.726036 1.234111
v -0.028355 2.053320 -0.395479
v -0.012795 2.130641 0.121137
v -0.056118 2.174043 0.559507
v -0.152138 1.887725 -0.191454
v -0.231128 1.872514 0.493407
v -0.254354 1.898550 0.472257
v -0.257416 1.637410 0.564244
v -0.154293 1.988681 0.027471
v -0.138940 1.801352 0.690532
v -0.152138 1.956249 0.337837
v -0.144767 1.901333 0.639986
v -0.150486 1.945464 0.686311
v -0.241811 1.707474 1.335905
v 0.067294 2.260916 1.498765
v 0.067913 2.242484 1.502504
v 0.055928 2.226743 1.501653
v 0.040942 2.213923 1.509856
v 0.059524 2.298040 1.518238
v 0.021105 2.310405 1.523312
v 0.005878 2.299130 1.504715
v 0.054075 2.282273 1.839407
v 0.030856 2.256185 1.788132
v 0.070005 2.342615 2.177309
v 0.094318 2.333052 2.174984
v -0.166549 3.216263 2.839992
v 0.098638 3.207298 2.823376
v 0.096649 3.211758 2.837404
v -0.162752 3.208452 2.819496
v 0.091522 2.837531 2.852293
v -0.115938 2.202041 1.587147
v -0.017218 2.282004 1.506597
v -0.041203 2.254482 1.560829
v -0.174275 2.505077 2.594059
v 0.076155 2.521576 2.583039
v 0.091987 2.505000 2.593900
v -0.170053 3.609648 2.380853
v 0.093324 3.621688 2.386237
v 0.084377 3.606002 2.385552
v 0.081345 3.619542 2.388416
v 0.103390 2.489414 1.378554
v 0.105173 2.447732 1.324108
v 0.073871 2.499041 1.401409
v -0.196360 2.396801 1.310213
v -0.220033 2.454213 1.353141
v -0.239205 2.421577 1.464569
v -0.247422 2.394783 1.458966
v -0.209080 2.393098 1.499922
v -0.173743 2.438722 1.501677
v -0.174354 2.403908 1.512543
v -0.111341 2.441105 1.492245
v -0.145766 2.499011 1.413528
v -0.126774 2.479193 1.353204
v -0.293694 2.219800 0.912030
v 0.252617 2.075533 -0.781095
v 0.135381 1.994246 -0.768426
v 0.242677 2.050529 -0.213513
v 0.179273 1.984850 -0.292395
v -0.320915 1.993666 -0.283027
v -0.336787 1.994985 -0.518806
v -0.175322 2.623313 -0.340467
v -0.182384 2.723655 -0.833964
v 0.091827 2.623830 -0.340630
v 0.101416 2.720766 -0.817388
v 0.251914 1.991303 -0.417948
v 0.247469 2.000919 -0.643020
v 0.162381 2.070375 0.582216
v 0.026864 1.970376 0.454381
v 0.065479 2.001796 0.666049
v -0.241944 2.003912 0.229765
v 0.089584 2.588449 0.023349
v 0.089795 2.596293 0.184107
v 0.185970 2.008212 0.080565
v -0.174199 2.587508 0.066018
v -0.302426 2.474827 0.102712
v -0.318293 2.449204 0.606390
v 0.120552 2.196094 1.316602
v 0.105540 2.175938 1.345002
v 0.059117 2.152436 1.407756
v -0.201583 2.726906 -1.016153
v -0.169032 2.754360 -1.160720
v -0.168881 2.737437 -1.293126
v -0.169907 2.207875 1.651361
v 0.213277 2.194321 0.832607
v 0.151315 2.104446 0.851075
v 0.063593 2.600405 1.038371
v -0.137666 2.250145 1.739208
v -0.092679 2.257901 1.814925
v 0.090351 2.211433 1.647540
v 0.035607 2.183480 1.679391
v 0.074485 2.191268 1.645321
v -0.180823 2.583615 1.031052
v -0.301879 2.554417 -1.170325
v 0.098432 2.583615 1.031052
v 0.233731 2.516604 -0.955120
v -0.231888 2.581522 0.573572
v -0.330530 0.641324 -2.009121
v -0.325677 0.436989 -1.928987
v -0.311784 0.251337 -1.856412
v 0.106353 2.012916 -1.227343
v 0.134586 2.687947 -0.816819
v 0.184378 2.613691 -0.782642
v 0.251040 2.243404 -1.046926
v -0.163664 2.302522 1.650470
v -0.332714 2.312981 0.668101
v 0.162284 2.553412 -0.203252
v 0.220869 2.483522 -0.224030
v -0.294847 2.426147 1.005448
v -0.213041 2.364656 1.407979
v 0.143519 2.586306 0.600800
v 0.185474 2.538433 0.588589
v 0.246897 2.282457 0.741853
v 0.242091 2.248202 0.672778
v -0.323665 2.191438 0.180155
v -0.077564 2.337772 1.743017
v -0.082960 2.322638 1.742462
v 0.118662 2.503469 1.357430
v 0.140078 2.561594 0.934397
v 0.176894 2.517419 0.922961
v 0.200953 2.478166 0.927351
v 0.221844 2.290151 0.975151
v -0.145568 2.494452 1.555035
v 0.092022 2.520458 1.443874
v 0.103612 2.496894 1.430085
v 0.082509 2.304655 1.644523
v 0.135827 2.363030 1.384668
v 0.103129 2.311981 1.567174
v -0.083213 2.488813 1.722830
v -0.087408 2.246402 1.833734
v -0.332919 2.217163 -1.222722
v -0.236946 2.655286 -1.334288
v -0.300039 2.510695 -1.414860
v 0.183363 2.250607 1.103635
v -0.210255 2.241426 1.364262
v -0.179632 2.226061 1.621751
v -0.189346 2.497644 1.419360
v 0.250118 2.193898 -0.078619
v 0.236522 2.181442 0.271609
v 0.220429 2.473854 0.118617
v -0.327511 2.268407 0.751959
v 0.244024 2.105581 -1.206332
v 0.228662 2.057206 -1.235566
v -0.332830 2.247340 -0.071960
v -0.240959 2.551711 -0.131479
v -0.289737 2.501844 -0.200722
v 0.156020 2.654420 -1.328185
v 0.218174 2.528815 -1.353276
v 0.205409 2.023393 -1.135195
v 0.221940 2.028158 -1.018650
v -0.222470 2.561595 0.934395
v -0.263483 2.498123 0.983980
v 0.086389 2.755459 -1.018739
v 0.086821 2.754250 -1.160166
v 0.087145 2.737366 -1.291203
v -0.311440 2.429813 0.871528
v 0.008886 2.488212 1.703919
v 0.056543 2.515932 1.555240
v -0.131041 2.208313 1.742820
v 0.027499 2.245983 1.805322
v -0.014176 2.242522 1.845428
v 0.017824 2.231759 1.814937
v -0.291837 1.952897 -1.400026
v -0.283850 1.995340 -1.303250
v 0.063902 2.251335 1.718975
v 0.000204 2.263250 1.813295
v 0.053254 2.213158 1.746103
v -0.274883 2.380746 -1.763188
v -0.309600 1.933753 -1.492494
v 0.090003 2.619191 0.778509
v 0.086868 2.627619 0.550757
v -0.311605 2.059781 -1.258405
v 0.108374 1.880285 -1.459236
v -0.315393 2.154690 -1.864472
v 0.239456 1.948474 -1.528633
v 0.227727 1.926606 -1.498895
v -0.324876 1.827203 -1.639953
v -0.311201 1.719954 -1.650216
v 0.158615 2.454911 -1.744062
v 0.205922 2.331497 -1.782609
v 0.199646 1.943843 -1.389499
v 0.203345 2.005192 -1.291555
v 0.249465 2.163406 -1.217655
v 0.219049 2.426695 -1.603866
v 0.088062 2.533611 -1.743698
v 0.086538 2.604836 -1.640628
v 0.105923 2.673604 -1.464483
v -0.234897 2.140462 -2.014918
v -0.278950 2.138732 -1.959452
v -0.317310 2.385518 -1.589621
v 0.189479 1.700688 -1.603759
v -0.281583 1.612279 -1.648173
v -0.292399 1.534462 -1.703941
v 0.242801 1.803504 -1.657039
v 0.228809 1.719954 -1.650216
v -0.322908 1.445961 -1.900141
v -0.314006 1.349711 -1.895698
v -0.296228 1.324551 -1.847830
v 0.141950 2.132158 -2.029379
v 0.184525 2.065572 -2.009519
v 0.247635 1.822827 -1.742064
v 0.235729 2.171056 -1.846192
v 0.122377 2.279484 -1.957236
v 0.090805 2.375318 -1.907165
v -0.220409 1.714904 -2.165197
v -0.330027 1.822826 -1.742064
v -0.171837 2.334149 -1.943030
v 0.203742 1.859202 -1.503885
v 0.199323 1.774642 -1.552068
v 0.043266 1.390986 -1.736177
v 0.127856 1.397226 -1.749295
v 0.146617 1.390627 -1.753434
v -0.290938 1.238664 -2.125100
v 0.213836 1.324552 -1.847830
v -0.308620 1.210320 -1.948757
v -0.307676 1.039598 -1.992507
v -0.286764 0.820716 -2.126557
v 0.140124 1.765290 -2.153156
v 0.240516 1.445963 -1.900139
v -0.259354 0.822491 -1.946635
v 0.202305 1.636164 -1.642448
v 0.200274 1.506548 -1.704260
v 0.198686 1.623421 -2.070757
v 0.086578 1.944574 -2.149601
v -0.322948 0.861278 -2.017702
v -0.281555 1.639077 -2.067508
v -0.326029 2.475286 -1.061309
v -0.332992 2.386380 -1.241451
v -0.178501 1.880868 -1.393334
v -0.146684 1.922660 -1.297360
v 0.152481 0.802739 -2.185147
v 0.237673 0.832770 -2.075381
v -0.167055 1.003335 -2.268687
v -0.166616 1.227883 -2.274012
v -0.192279 1.436256 -2.239708
v -0.276404 1.256696 -1.811834
v -0.266936 1.007973 -1.937797
v -0.250180 0.854937 -1.919615
v 0.231614 1.349709 -1.895699
v 0.226228 1.210320 -1.948757
v 0.225284 1.039598 -1.992508
v 0.232282 1.028872 -2.095668
v 0.230694 1.187461 -2.081725
v 0.194012 1.256696 -1.811835
v 0.167636 0.852368 -1.920175
v 0.086356 1.006384 -2.268181
v 0.112654 1.236861 -2.254882
v 0.110629 1.439322 -2.238773
v 0.096352 1.962578 -1.257645
v -0.148643 1.780066 -1.471549
v 0.087186 1.925524 -1.302958
v 0.091104 1.882066 -1.387649
v -0.241763 1.980453 -0.989880
v -0.238182 2.007568 -1.188939
v 0.100023 1.959962 -0.983678
v -0.229983 1.619837 -1.608332
v -0.146820 1.549064 -1.607525
v 0.091973 1.957899 -1.055103
v 0.094551 1.975380 -1.166461
v -0.173623 1.711544 -1.530238
v 0.169200 1.992052 -0.927544
v 0.092537 1.819765 -1.459263
v -0.264533 0.828447 -1.856587
v -0.262722 1.326386 -1.775012
v 0.087793 1.748128 -1.498370
v -0.256990 1.118888 -1.826164
v -0.252078 0.989963 -1.853630
v 0.162680 1.716260 -1.573387
v 0.081460 1.706432 -1.532011
v 0.019065 1.605097 -1.580793
v 0.092430 1.599586 -1.592638
v -0.222710 0.167334 -1.651864
v -0.284361 0.114335 -1.788352
v 0.087322 1.497229 -1.641240
v -0.227734 0.104466 -1.744552
v 0.160082 1.652968 -1.606911
v 0.152947 1.451230 -1.702446
v 0.093066 1.431796 -1.688146
v -0.266798 0.426229 -1.877083
v -0.324132 0.654788 -1.985150
v -0.236057 0.521605 -1.855383
v -0.221571 0.239159 -1.755677
v 0.165279 1.130251 -1.820642
v 0.167109 1.027788 -1.847082
v -0.296728 0.587607 -2.055805
v -0.319981 0.396651 -1.952995
v -0.306971 0.225784 -1.888802
v 0.180330 1.326387 -1.775012
v -0.170204 0.313116 -2.058710
v -0.197032 0.543542 -2.142777
v 0.182556 0.847897 -1.860054
v 0.003988 -0.068106 -1.644528
v 0.105936 -0.002495 -1.690221
v 0.161717 0.110087 -1.759098
v 0.126855 0.094023 -1.715138
v -0.328163 2.419261 -1.373789
v -0.322522 2.375687 0.873919
v 0.174784 0.037171 -1.829610
v 0.202568 0.117489 -1.790154
v -0.327957 0.846097 -2.052670
v -0.301052 1.654322 -1.998430
v 0.137178 0.149117 -1.648120
v -0.214824 2.427793 1.367734
v -0.173624 2.424081 1.471757
v -0.327177 2.415313 -0.081926
v 0.168803 0.651405 -1.812442
v 0.243858 0.628118 -2.020241
v 0.236446 0.384001 -1.950170
v 0.226341 0.235462 -1.889928
v 0.119921 0.554245 -2.143007
v 0.153756 0.524093 -1.855948
v 0.139337 0.243447 -1.756119
v 0.171680 0.615723 -1.915054
v 0.114727 1.657669 -1.443900
v 0.084760 1.702741 -1.498222
v 0.063345 1.720598 -1.490098
v 0.114252 1.694269 -1.502306
v 0.117698 1.739689 -1.548582
v 0.135780 1.611497 -1.341039
v 0.183410 1.686355 -1.407767
v 0.142407 1.566493 -1.274034
v 0.051747 1.744451 -1.478300
v 0.140092 1.743856 -1.548217
v 0.159543 1.622414 -1.326803
v 0.188390 1.700789 -1.369509
v 0.051875 1.770973 -1.461332
v 0.162484 1.610047 -1.285512
v 0.054095 1.756803 -1.386089
v 0.170553 1.768581 -1.533902
v 0.167698 1.752884 -1.356999
v 0.084285 1.809268 -1.442762
v 0.179015 1.709588 -1.334411
v 0.162721 1.648174 -1.260895
v 0.137714 1.768709 -1.347977
v 0.110262 1.813646 -1.429701
v 0.165123 1.807350 -1.522565
v 0.154843 1.697474 -1.280943
v 0.115624 1.650724 -1.221807
v 0.138959 1.815109 -1.438150
v 0.129660 1.707373 -1.271218
v 0.165630 1.801360 -1.442641
v 0.138606 1.830427 -1.504966
v 0.101083 1.712633 -1.273810
v 0.186195 1.754440 -1.409931
v 0.074386 1.705294 -1.281062
v 0.190111 1.757535 -1.461127
v 0.096814 1.826921 -1.507523
v 0.055367 1.693232 -1.296429
v 0.050502 1.602305 -1.243204
v 0.185180 1.731481 -1.478102
v 0.042345 1.714861 -1.369693
v 0.060306 1.682381 -1.434534
v 0.169239 1.710304 -1.489940
v 0.072986 1.796993 -1.524265
v 0.086012 1.664942 -1.443280
v 0.144810 1.696903 -1.498133
v 0.057682 1.630876 -1.329680
v 0.084745 1.577728 -1.300324
v 0.106334 1.608353 -1.345280
v 0.082459 1.760654 -1.542538
v 0.078344 1.616815 -1.342472
v 0.080499 1.159284 -1.150610
v 0.093082 1.170784 -1.137164
v 0.082266 1.135148 -1.124319
v 0.089243 1.174328 -1.113598
v 0.033513 1.176443 -1.120511
v 0.032700 1.177098 -1.136669
v 0.039380 1.167133 -1.147013
v 0.056569 1.156537 -1.155122
v 0.137867 1.497369 -1.222357
v 0.095919 1.337474 -1.112891
v 0.083249 1.234054 -1.102269
v 0.045539 1.318409 -1.120060
v 0.079030 1.544516 -1.167309
v 0.087684 1.627881 -1.208187
v 0.150447 1.544012 -1.213132
v 0.090862 1.484877 -1.142013
v 0.107721 1.577067 -1.177795
v 0.061510 1.441130 -1.211291
v 0.070369 1.525356 -1.252043
v 0.104212 1.536950 -1.272001
v 0.104564 1.489938 -1.243708
v 0.093626 1.435869 -1.219435
v 0.141974 1.613996 -1.213034
v 0.126301 1.502003 -1.158752
v 0.061450 1.499209 -1.158309
v 0.050904 1.227742 -1.103843
v 0.067735 1.305280 -1.106673
v 0.053233 1.557617 -1.248396
v 0.048931 1.488930 -1.206455
v 0.034843 1.305064 -1.145564
v 0.099746 1.352232 -1.188807
v 0.108621 1.254155 -1.127092
v 0.052975 1.356587 -1.183053
v 0.119598 1.401114 -1.190848
v 0.124739 1.413570 -1.144579
v 0.129385 1.396822 -1.164154
v 0.100277 1.414751 -1.125847
v 0.045743 1.443174 -1.159063
v 0.065986 1.413339 -1.127196
v 0.112936 1.529043 -1.627103
v 0.153995 1.543257 -1.607125
v 0.124771 1.474485 -1.463691
v 0.071493 1.563408 -1.684687
v 0.050198 1.582460 -1.679485
v 0.105566 1.590596 -1.741348
v 0.100920 1.554294 -1.687711
v 0.125330 1.501345 -1.514732
v 0.171719 1.563225 -1.594357
v 0.038775 1.608046 -1.671900
v 0.150724 1.511883 -1.490931
v 0.177246 1.583590 -1.558972
v 0.039162 1.637153 -1.659901
v 0.144248 1.605187 -1.738397
v 0.042696 1.636526 -1.583388
v 0.170336 1.634533 -1.592861
v 0.071838 1.678072 -1.648965
v 0.160758 1.641703 -1.726650
v 0.168549 1.598982 -1.526320
v 0.153602 1.551585 -1.442823
v 0.126334 1.656143 -1.551907
v 0.100708 1.687054 -1.646440
v 0.150463 1.622637 -1.516066
v 0.139924 1.568460 -1.433269
v 0.113147 1.560206 -1.404130
v 0.128713 1.681665 -1.637289
v 0.143338 1.678114 -1.715945
v 0.120293 1.608080 -1.462896
v 0.153183 1.670165 -1.648844
v 0.087003 1.659871 -1.559963
v 0.091669 1.612849 -1.465886
v 0.103625 1.690479 -1.712803
v 0.064861 1.604391 -1.471264
v 0.177398 1.623715 -1.659695
v 0.045594 1.589833 -1.483923
v 0.041763 1.509775 -1.415363
v 0.172208 1.595076 -1.671702
v 0.076815 1.667604 -1.738658
v 0.031284 1.598171 -1.559625
v 0.048166 1.554691 -1.617989
v 0.156093 1.572166 -1.679327
v 0.073739 1.535932 -1.623949
v 0.055425 1.486645 -1.460687
v 0.131543 1.557570 -1.684597
v 0.059430 1.631179 -1.733074
v 0.047415 1.522570 -1.505642
v 0.095820 1.497553 -1.517842
v 0.067872 1.506429 -1.516097
v 0.084390 1.598956 -1.742176
v 0.073915 1.090095 -1.246318
v 0.086713 1.103771 -1.235338
v 0.076166 1.070993 -1.216204
v 0.083277 1.111439 -1.212711
v 0.027433 1.112398 -1.218930
v 0.026341 1.110182 -1.234932
v 0.032855 1.098531 -1.243461
v 0.049915 1.086636 -1.249860
v 0.129608 1.410032 -1.377771
v 0.089757 1.272120 -1.241017
v 0.077403 1.172239 -1.212035
v 0.039284 1.252179 -1.243830
v 0.071669 1.466286 -1.330937
v 0.079511 1.541080 -1.386072
v 0.141377 1.468231 -1.374344
v 0.084011 1.412047 -1.295687
v 0.100134 1.496414 -1.347512
v 0.053524 1.356778 -1.355610
v 0.061573 1.432441 -1.410777
v 0.095053 1.440257 -1.433052
v 0.095952 1.398997 -1.396893
v 0.085503 1.350100 -1.363245
v 0.146791 1.483984 -1.424788
v 0.127850 1.482121 -1.353790
v 0.115067 1.399353 -1.301210
v 0.054304 1.423321 -1.313756
v 0.045043 1.165806 -1.211910
v 0.061725 1.241587 -1.228713
v 0.044129 1.449822 -1.397140
v 0.037067 1.347149 -1.321949
v 0.028776 1.227530 -1.256767
v 0.092255 1.273197 -1.318401
v 0.102318 1.187581 -1.240457
v 0.112007 1.320909 -1.329406
v 0.117929 1.341352 -1.286169
v 0.122258 1.321395 -1.302547
v 0.093792 1.345874 -1.267524
v 0.038657 1.368065 -1.304306
v 0.059485 1.344308 -1.268013
v 0.119287 1.801962 -1.238016
v 0.155461 1.803776 -1.236445
v 0.191628 1.811623 -1.211306
v 0.151143 1.678312 -1.070766
v 0.093393 1.864345 -1.297191
v 0.067043 1.884732 -1.284823
v 0.136941 1.916917 -1.351886
v 0.129550 1.854694 -1.303036
v 0.151464 1.728677 -1.121926
v 0.212723 1.830070 -1.188370
v 0.052641 1.911802 -1.266894
v 0.183636 1.731899 -1.087677
v 0.220267 1.854584 -1.164161
v 0.052503 1.941277 -1.242086
v 0.180002 1.942228 -1.346355
v 0.054073 1.912106 -1.153029
v 0.204530 1.788304 -1.084044
v 0.210538 1.912656 -1.160190
v 0.091821 1.984756 -1.212960
v 0.197410 1.976284 -1.321496
v 0.206175 1.846500 -1.095919
v 0.185178 1.760302 -1.016766
v 0.160696 1.930079 -1.118247
v 0.127185 1.993469 -1.204328
v 0.183539 1.870361 -1.075838
v 0.168001 1.776496 -0.999860
v 0.108450 1.943163 -1.132491
v 0.134251 1.756184 -0.969938
v 0.163034 1.984141 -1.197399
v 0.177794 2.010705 -1.298941
v 0.144132 1.835712 -1.021478
v 0.191355 1.975080 -1.212812
v 0.124771 1.905410 -1.082787
v 0.108214 1.838767 -1.022161
v 0.132272 2.022907 -1.284251
v 0.077340 1.832879 -1.033506
v 0.041382 1.884347 -1.181333
v 0.055546 1.712218 -0.982802
v 0.221650 1.924835 -1.241834
v 0.054322 1.820706 -1.054362
v 0.047661 1.701923 -1.004345
v 0.215911 1.895932 -1.266652
v 0.095357 2.004461 -1.308966
v 0.040824 1.836045 -1.113919
v 0.072688 1.815858 -1.225847
v 0.196617 1.872137 -1.284631
v 0.066145 1.691724 -1.065258
v 0.166871 1.857202 -1.297082
v 0.087020 1.967911 -1.334931
v 0.057747 1.750347 -1.104590
v 0.115924 1.725624 -1.126349
v 0.081222 1.735610 -1.120353
v 0.114729 1.937272 -1.354304
v 0.075824 1.150051 -0.965672
v 0.088601 1.152092 -0.956959
v 0.098656 1.161482 -0.943745
v 0.085269 1.116212 -0.934004
v 0.093590 1.162033 -0.914652
v 0.029757 1.169223 -0.915333
v 0.024871 1.164730 -0.929747
v 0.024763 1.169110 -0.943075
v 0.033108 1.158663 -0.957106
v 0.054278 1.147085 -0.968363
v 0.075259 1.634037 -1.040565
v 0.154361 1.571227 -0.994408
v 0.101545 1.359845 -0.887718
v 0.093604 1.232582 -0.896264
v 0.040038 1.337896 -0.900230
v 0.081464 1.619707 -0.921035
v 0.092581 1.727348 -0.957217
v 0.168274 1.637748 -0.968371
v 0.095624 1.543316 -0.899658
v 0.116689 1.660846 -0.928128
v 0.060837 1.501294 -0.991120
v 0.068522 1.572366 -1.012908
v 0.113902 1.627175 -1.048851
v 0.113954 1.565636 -1.022008
v 0.100264 1.496183 -1.001339
v 0.176614 1.674823 -1.021106
v 0.155513 1.677802 -0.952258
v 0.145781 1.607512 -0.928997
v 0.133885 1.530413 -0.909685
v 0.118283 1.303749 -0.908893
v 0.059871 1.563321 -0.917601
v 0.046464 1.225311 -0.894909
v 0.067006 1.319820 -0.885737
v 0.051138 1.648531 -1.017717
v 0.045312 1.558525 -0.977838
v 0.027803 1.314018 -0.924842
v 0.101683 1.330948 -0.972839
v 0.110634 1.216422 -0.927076
v 0.076559 1.237170 -0.889434
v 0.051529 1.390297 -0.971761
v 0.140682 1.450748 -0.957485
v 0.137942 1.426138 -0.917276
v 0.106981 1.455658 -0.891065
v 0.040735 1.495473 -0.927680
v 0.065047 1.454186 -0.893458
v 0.142231 1.734077 -0.756145
v 0.093179 1.916483 -0.999682
v 0.067671 1.933667 -0.986277
v 0.136390 1.993797 -1.068076
v 0.129543 1.905817 -1.004920
v 0.166254 1.841023 -0.921186
v 0.160849 1.771914 -0.796743
v 0.046745 1.930920 -0.930966
v 0.195338 1.854446 -0.909343
v 0.176322 1.758427 -0.752973
v 0.047992 1.965996 -0.916047
v 0.185321 1.754341 -0.706913
v 0.064560 1.998336 -0.903473
v 0.223600 1.913005 -0.867121
v 0.101953 2.083817 -0.987453
v 0.093490 2.022597 -0.895822
v 0.198379 2.059037 -1.046393
v 0.213593 1.941889 -0.848834
v 0.195464 1.849587 -0.731712
v 0.191649 2.010698 -0.892497
v 0.171719 1.843760 -0.694548
v 0.130889 2.065352 -0.937154
v 0.186122 1.920399 -0.777003
v 0.140812 1.828363 -0.663880
v 0.168494 2.058492 -0.936657
v 0.146086 1.896906 -0.724146
v 0.189696 2.075346 -0.987667
v 0.158662 2.106853 -1.025174
v 0.104995 1.936657 -0.769534
v 0.107093 1.853809 -0.683321
v 0.214721 2.020034 -0.953858
v 0.079034 1.871183 -0.717984
v 0.223596 1.986510 -0.965568
v 0.113206 2.102532 -1.028444
v 0.065151 1.923646 -0.794895
v 0.055190 1.871384 -0.758998
v 0.206696 2.006443 -1.031311
v 0.216947 1.953182 -0.981474
v 0.091516 2.078817 -1.041218
v 0.045658 1.902869 -0.830671
v 0.053786 1.768174 -0.686726
v 0.059522 1.866943 -0.904305
v 0.191983 1.971667 -1.033340
v 0.199794 1.906164 -0.967933
v 0.044841 1.877405 -0.853614
v 0.054513 1.785247 -0.741333
v 0.090300 1.846447 -0.921043
v 0.071323 1.749823 -0.746843
v 0.168075 1.906029 -0.997767
v 0.087725 2.048833 -1.056676
v 0.067295 1.791345 -0.790661
v 0.130269 1.835312 -0.924211
v 0.124669 1.769526 -0.806656
v 0.090751 2.012608 -1.056898
v 0.092892 1.776276 -0.803018
v 0.083047 1.230502 -0.563599
v 0.095954 1.233867 -0.555511
v 0.106200 1.245201 -0.544090
v 0.093008 1.202042 -0.527158
v 0.101579 1.250321 -0.515371
v 0.037736 1.257407 -0.516198
v 0.032635 1.250713 -0.529652
v 0.032319 1.252946 -0.543499
v 0.040459 1.240413 -0.555842
v 0.061466 1.227181 -0.565463
v 0.080866 1.696725 -0.713544
v 0.160726 1.641827 -0.659307
v 0.109753 1.449897 -0.519957
v 0.101805 1.322881 -0.508291
v 0.048083 1.426345 -0.527928
v 0.092607 1.736293 -0.608658
v 0.174887 1.711050 -0.643969
v 0.103471 1.629225 -0.560466
v 0.123984 1.740796 -0.607356
v 0.067331 1.573413 -0.643654
v 0.074614 1.640171 -0.676447
v 0.119386 1.688592 -0.721238
v 0.119908 1.632030 -0.685069
v 0.106603 1.566705 -0.653544
v 0.162419 1.753697 -0.634438
v 0.153111 1.687946 -0.600283
v 0.141587 1.614853 -0.568924
v 0.126219 1.391148 -0.532313
v 0.067429 1.646216 -0.580781
v 0.054699 1.315982 -0.505092
v 0.075286 1.410730 -0.511189
v 0.057084 1.714661 -0.692890
v 0.051955 1.632043 -0.639288
v 0.035497 1.398915 -0.548296
v 0.114189 1.465422 -0.613317
v 0.118378 1.302059 -0.536439
v 0.084862 1.328510 -0.502007
v 0.056978 1.470944 -0.606273
v 0.135547 1.477342 -0.600013
v 0.144914 1.541917 -0.561342
v 0.150535 1.520779 -0.584742
v 0.082106 1.494521 -0.626192
v 0.115043 1.543988 -0.538390
v 0.048207 1.577654 -0.579788
v 0.073079 1.542219 -0.539882
v 0.143837 1.959473 -0.671122
v 0.164545 1.824699 -0.513312
v 0.108361 2.027057 -0.725696
v 0.081915 2.046472 -0.712037
v 0.152282 2.083543 -0.776015
v 0.144562 2.017861 -0.731980
v 0.167240 1.878510 -0.558901
v 0.226908 1.984701 -0.619038
v 0.067372 2.072138 -0.692251
v 0.195936 1.887995 -0.538555
v 0.235544 2.020899 -0.608783
v 0.067044 2.099687 -0.665322
v 0.195293 2.108365 -0.768307
v 0.198572 1.862893 -0.492105
v 0.067982 2.063977 -0.578671
v 0.226207 1.969340 -0.545587
v 0.224495 2.065033 -0.584639
v 0.106135 2.140873 -0.632761
v 0.212507 2.140476 -0.740860
v 0.219693 1.994283 -0.525497
v 0.198158 1.902443 -0.453124
v 0.175090 2.090115 -0.553962
v 0.141240 2.149686 -0.624506
v 0.196903 2.016588 -0.503860
v 0.180852 1.917338 -0.435184
v 0.122198 2.093413 -0.555488
v 0.146895 1.894864 -0.407100
v 0.175129 2.139163 -0.615341
v 0.192717 2.173129 -0.715952
v 0.156761 2.050260 -0.508584
v 0.157117 1.978002 -0.452514
v 0.205669 2.131198 -0.632612
v 0.122378 2.023968 -0.485883
v 0.119276 1.955071 -0.438024
v 0.147085 2.184212 -0.700724
v 0.090416 1.976081 -0.465201
v 0.055506 2.038400 -0.609050
v 0.068302 1.851988 -0.423765
v 0.236191 2.083244 -0.665070
v 0.067554 1.965496 -0.487071
v 0.060576 1.843324 -0.446070
v 0.230643 2.056267 -0.692008
v 0.110356 2.167660 -0.727009
v 0.054480 1.985221 -0.545419
v 0.076964 1.986864 -0.655071
v 0.211488 2.033877 -0.711845
v 0.108672 1.968093 -0.669264
v 0.079504 1.837678 -0.507438
v 0.181838 2.019914 -0.725586
v 0.102222 2.133142 -0.755678
v 0.071368 1.899064 -0.542363
v 0.131328 1.875860 -0.565476
v 0.096995 1.885359 -0.560686
v 0.130080 2.104023 -0.777074
v 0.088669 1.290101 -0.448320
v 0.101382 1.291486 -0.439388
v 0.111338 1.299866 -0.425440
v 0.097898 1.253999 -0.419188
v 0.106062 1.298254 -0.396425
v 0.042233 1.305485 -0.397030
v 0.037452 1.302076 -0.411773
v 0.037439 1.307435 -0.424739
v 0.045889 1.298058 -0.439447
v 0.067145 1.287346 -0.451381
v 0.088461 1.778314 -0.487035
v 0.167252 1.712234 -0.445104
v 0.113747 1.493516 -0.354805
v 0.105916 1.367241 -0.372844
v 0.052340 1.472568 -0.369358
v 0.093808 1.755138 -0.368859
v 0.105145 1.865169 -0.396860
v 0.180951 1.776633 -0.414094
v 0.107842 1.677368 -0.353118
v 0.129068 1.796685 -0.372620
v 0.073733 1.642266 -0.447698
v 0.081549 1.714759 -0.464088
v 0.127166 1.772081 -0.495529
v 0.127047 1.708717 -0.473335
v 0.113235 1.637922 -0.457985
v 0.183088 1.774894 -0.440656
v 0.168059 1.815381 -0.395142
v 0.158185 1.743559 -0.377240
v 0.146180 1.665239 -0.363799
v 0.130659 1.439146 -0.379969
v 0.072213 1.698657 -0.369782
v 0.058771 1.359897 -0.372373
v 0.079209 1.453460 -0.356054
v 0.064171 1.791073 -0.463348
v 0.058091 1.698354 -0.430312
v 0.040293 1.450587 -0.395765
v 0.120220 1.530086 -0.441969
v 0.123174 1.353413 -0.404647
v 0.088820 1.371312 -0.365815
v 0.062850 1.533970 -0.435127
v 0.141241 1.538579 -0.425805
v 0.149552 1.592507 -0.373120
v 0.155756 1.577305 -0.400623
v 0.088347 1.561439 -0.448523
v 0.119170 1.589312 -0.350982
v 0.053176 1.631747 -0.385015
v 0.077256 1.588028 -0.353781
v 0.250553 2.396942 -1.213624
v 0.245533 2.412117 -0.124090
v 0.248368 2.398812 0.659767
v -0.228067 2.308336 1.326742
v 0.133708 2.433288 1.359796
v 0.232622 2.430792 0.828725
v 0.240568 2.371592 0.874189
v 0.092343 2.441837 1.453491
v 0.245800 2.433103 -1.343476
v 0.250446 2.212107 -1.698552
v 0.233998 2.000514 -1.920075
v 0.246651 2.090798 -1.831587
v 0.218660 1.654321 -1.998430
v 0.247622 0.644786 -1.993186
v 0.243036 0.444534 -1.928626
v 0.229434 0.251923 -1.856497
v 0.238081 1.676417 -1.882983
v -0.318328 1.102597 -2.079772
v -0.333267 2.212371 -1.689259
v 0.218255 2.372880 1.023897
v 0.144845 2.315505 1.332273
v -0.131487 2.280563 1.699736
v -0.129457 2.346563 1.673300
v -0.084193 2.350122 1.725277
v 0.009895 2.326175 1.738128
v 0.003780 2.352305 1.719234
v 0.078368 2.266132 1.670171
v -0.241625 1.667254 -1.433817
v -0.202558 1.574285 -1.300272
v -0.175318 1.724253 -1.527397
v -0.155270 1.739459 -1.520632
v -0.201297 1.739067 -1.548405
v -0.196839 1.693420 -1.500894
v -0.224287 1.613652 -1.339655
v -0.264278 1.683751 -1.410374
v -0.230349 1.594900 -1.300471
v -0.134693 1.741474 -1.479212
v -0.223101 1.741121 -1.546231
v -0.246145 1.613134 -1.285991
v -0.142626 1.783584 -1.498507
v -0.127016 1.743008 -1.427820
v -0.241874 1.750916 -1.540223
v -0.266920 1.732749 -1.373068
v -0.144994 1.791492 -1.452373
v -0.254372 1.766750 -1.531410
v -0.266406 1.685688 -1.346226
v -0.249810 1.753612 -1.358581
v -0.166135 1.808653 -1.442141
v -0.254231 1.789559 -1.527095
v -0.253647 1.681902 -1.296268
v -0.225373 1.768679 -1.352996
v -0.193551 1.816539 -1.436469
v -0.253366 1.805013 -1.511662
v -0.237229 1.697456 -1.280916
v -0.188365 1.773417 -1.350190
v -0.198031 1.650671 -1.221766
v -0.222500 1.813824 -1.436359
v -0.240030 1.820837 -1.504144
v -0.212042 1.707362 -1.271202
v -0.247994 1.800992 -1.441829
v -0.220730 1.830618 -1.500068
v -0.183423 1.712587 -1.273768
v -0.265284 1.781353 -1.453210
v -0.198808 1.832665 -1.500147
v -0.156670 1.705184 -1.281043
v -0.140351 1.619034 -1.229285
v -0.266771 1.774050 -1.497049
v -0.274442 1.736352 -1.424870
v -0.178060 1.826622 -1.504364
v -0.137687 1.693115 -1.296461
v -0.126984 1.699934 -1.407845
v -0.133294 1.592588 -1.230138
v -0.267026 1.729913 -1.478386
v -0.162077 1.813534 -1.511982
v -0.126092 1.699390 -1.346345
v -0.144613 1.692960 -1.455476
v -0.250480 1.709045 -1.490126
v -0.158268 1.797564 -1.527905
v -0.138087 1.600412 -1.288892
v -0.168553 1.675173 -1.461512
v -0.225636 1.696142 -1.498077
v -0.154139 1.776098 -1.531752
v -0.140084 1.630895 -1.329740
v -0.199487 1.659288 -1.449077
v -0.169952 1.577464 -1.301907
v -0.190244 1.607258 -1.344055
v -0.163300 1.614436 -1.342088
v -0.175800 1.756549 -1.549599
v -0.144512 1.155406 -1.154909
v -0.171092 1.170564 -1.114099
v -0.139507 1.147699 -1.103804
v -0.123998 1.142574 -1.112725
v -0.163682 1.307626 -1.183568
v -0.152761 1.525356 -1.252043
v -0.174213 1.166794 -1.136801
v -0.161561 1.179997 -1.103785
v -0.238511 1.598466 -1.228662
v -0.134092 1.307980 -1.113646
v -0.122811 1.201557 -1.110707
v -0.174018 1.518936 -1.152996
v -0.176113 1.602983 -1.191518
v -0.115989 1.172454 -1.136887
v -0.120059 1.314646 -1.132077
v -0.145619 1.439782 -1.212535
v -0.186638 1.536950 -1.272005
v -0.181698 1.490443 -1.243856
v -0.230296 1.535764 -1.230104
v -0.188547 1.299971 -1.169407
v -0.216374 1.613297 -1.206126
v -0.209975 1.519723 -1.164087
v -0.188401 1.288123 -1.118251
v -0.148834 1.559202 -1.181400
v -0.143030 1.447302 -1.139667
v -0.144185 1.236042 -1.101022
v -0.135054 1.540070 -1.235846
v -0.159003 1.235357 -1.101094
v -0.166041 1.343022 -1.110467
v -0.121865 1.164125 -1.146447
v -0.127117 1.425169 -1.181268
v -0.212096 1.416909 -1.181142
v -0.194646 1.411231 -1.202812
v -0.209530 1.395084 -1.149890
v -0.160502 1.404090 -1.206940
v -0.131134 1.420567 -1.144734
v -0.134410 1.363255 -1.184120
v -0.196106 1.451571 -1.138619
v -0.229502 1.539752 -1.616305
v -0.161520 1.579400 -1.717346
v -0.141572 1.595600 -1.713037
v -0.187114 1.590213 -1.741088
v -0.183533 1.553708 -1.686176
v -0.213858 1.503700 -1.513856
v -0.252535 1.560099 -1.596547
v -0.214259 1.479214 -1.460574
v -0.121709 1.604954 -1.672280
v -0.208950 1.592581 -1.739687
v -0.230501 1.502924 -1.471289
v -0.129254 1.642967 -1.698860
v -0.114918 1.615577 -1.621848
v -0.227810 1.603251 -1.735831
v -0.255757 1.614923 -1.568557
v -0.132408 1.658915 -1.654903
v -0.240438 1.620372 -1.730178
v -0.255766 1.573359 -1.533802
v -0.238873 1.638051 -1.557701
v -0.153700 1.677578 -1.648237
v -0.240343 1.643584 -1.729969
v -0.243874 1.578501 -1.483751
v -0.214517 1.653913 -1.554452
v -0.181200 1.686295 -1.644523
v -0.239725 1.661529 -1.717503
v -0.227704 1.596556 -1.471115
v -0.177556 1.659140 -1.551895
v -0.210150 1.683589 -1.644431
v -0.226499 1.678458 -1.712677
v -0.202675 1.608073 -1.462877
v -0.177575 1.562239 -1.403989
v -0.235561 1.669946 -1.647979
v -0.207260 1.688841 -1.710067
v -0.174009 1.612811 -1.465836
v -0.152639 1.532273 -1.382255
v -0.252678 1.648572 -1.655999
v -0.185337 1.690881 -1.710129
v -0.147145 1.604286 -1.471224
v -0.131830 1.528690 -1.404756
v -0.253419 1.633619 -1.697871
v -0.262380 1.609283 -1.620301
v -0.164528 1.684224 -1.712853
v -0.127914 1.589711 -1.483932
v -0.115285 1.576720 -1.594564
v -0.254051 1.593484 -1.671695
v -0.148432 1.670024 -1.717757
v -0.115453 1.587075 -1.533933
v -0.132098 1.561391 -1.640504
v -0.237333 1.570896 -1.679267
v -0.144370 1.651493 -1.730533
v -0.120787 1.528353 -1.455985
v -0.155954 1.542773 -1.643704
v -0.143912 1.480650 -1.463831
v -0.212371 1.556834 -1.684380
v -0.140203 1.629693 -1.730447
v -0.129816 1.522578 -1.505705
v -0.187117 1.529284 -1.629186
v -0.179752 1.496689 -1.516469
v -0.152837 1.504151 -1.515341
v -0.184033 1.471534 -1.470044
v -0.161577 1.607254 -1.744920
v -0.137862 1.085552 -1.249546
v -0.165122 1.107647 -1.212527
v -0.133749 1.087022 -1.197805
v -0.118095 1.080427 -1.205410
v -0.153127 1.351556 -1.363141
v -0.162678 1.400489 -1.397053
v -0.166326 1.441341 -1.433073
v -0.167857 1.099912 -1.234253
v -0.176216 1.230502 -1.234159
v -0.155758 1.118773 -1.203884
v -0.227714 1.513711 -1.401198
v -0.120803 1.239005 -1.239378
v -0.116868 1.138837 -1.213848
v -0.139204 1.391683 -1.292587
v -0.171976 1.443296 -1.312054
v -0.109633 1.105571 -1.234340
v -0.190803 1.351442 -1.355528
v -0.197640 1.427224 -1.410698
v -0.229895 1.492162 -1.400488
v -0.135813 1.393926 -1.374948
v -0.137602 1.453383 -1.423078
v -0.218064 1.440924 -1.397004
v -0.211527 1.539891 -1.395010
v -0.194016 1.462401 -1.330878
v -0.202730 1.416900 -1.313657
v -0.191136 1.238823 -1.254738
v -0.140234 1.460751 -1.335715
v -0.138361 1.174456 -1.210791
v -0.153177 1.173742 -1.210995
v -0.174911 1.312240 -1.254982
v -0.115353 1.095671 -1.242374
v -0.134762 1.277111 -1.317213
v -0.204999 1.338835 -1.321823
v -0.186686 1.279561 -1.314284
v -0.200350 1.340958 -1.286141
v -0.155610 1.327423 -1.257096
v -0.120247 1.325767 -1.318964
v -0.265953 1.810982 -1.223556
v -0.186201 1.895082 -1.329033
v -0.161548 1.912469 -1.318715
v -0.218292 1.916379 -1.351756
v -0.212160 1.853440 -1.301456
v -0.231786 1.728804 -1.123166
v -0.293286 1.827246 -1.192140
v -0.242072 1.682631 -1.065119
v -0.135729 1.908336 -1.268466
v -0.244934 1.918508 -1.348453
v -0.259008 1.734879 -1.104086
v -0.264888 1.714741 -1.057577
v -0.145680 1.962490 -1.285046
v -0.125540 1.902021 -1.205996
v -0.267797 1.929420 -1.339315
v -0.295881 1.880750 -1.139042
v -0.147855 1.964738 -1.227785
v -0.282932 1.947217 -1.325910
v -0.294895 1.819382 -1.113980
v -0.274697 1.903766 -1.118411
v -0.173542 1.983912 -1.212314
v -0.282665 1.974202 -1.317047
v -0.278516 1.806844 -1.054174
v -0.244692 1.921176 -1.109615
v -0.206988 1.992555 -1.203753
v -0.281349 1.990496 -1.295877
v -0.258172 1.823282 -1.033329
v -0.196606 1.944492 -1.131124
v -0.222675 1.722711 -0.957147
v -0.242409 1.989221 -1.203602
v -0.264896 2.008506 -1.284445
v -0.227192 1.833775 -1.020358
v -0.194655 1.758592 -0.969669
v -0.273701 1.974504 -1.211886
v -0.241207 2.019740 -1.278242
v -0.207151 1.905402 -1.082780
v -0.192210 1.840544 -1.023083
v -0.158267 1.729273 -0.967171
v -0.295057 1.952477 -1.228552
v -0.214384 2.022252 -1.278351
v -0.159600 1.832743 -1.033502
v -0.138940 1.719998 -0.984681
v -0.297563 1.950595 -1.282872
v -0.305879 1.893363 -1.201195
v -0.189071 2.015608 -1.284751
v -0.136626 1.820568 -1.054420
v -0.125246 1.846583 -1.188622
v -0.130352 1.688054 -0.990036
v -0.297641 1.894076 -1.267254
v -0.169650 2.000956 -1.296323
v -0.123203 1.836132 -1.114116
v -0.147559 1.845692 -1.247242
v -0.277605 1.870640 -1.285074
v -0.165255 1.984118 -1.318241
v -0.132432 1.727297 -1.057985
v -0.176965 1.825054 -1.257024
v -0.156142 1.685872 -1.070928
v -0.247347 1.856270 -1.297158
v -0.160291 1.958691 -1.326390
v -0.140151 1.750379 -1.104659
v -0.214642 1.803778 -1.243989
v -0.198285 1.725638 -1.126357
v -0.163616 1.735617 -1.120365
v -0.205493 1.677347 -1.080102
v -0.187093 1.937799 -1.350817
v -0.143460 1.145676 -0.968200
v -0.171335 1.144122 -0.918104
v -0.112461 1.163658 -0.915961
v -0.167168 1.334897 -0.978435
v -0.157650 1.634037 -1.040565
v -0.179506 1.156585 -0.943959
v -0.189094 1.318461 -0.893927
v -0.256177 1.700725 -0.982627
v -0.128186 1.314662 -0.895129
v -0.161050 1.583248 -0.911161
v -0.182132 1.694483 -0.940867
v -0.108262 1.163510 -0.944065
v -0.112989 1.335249 -0.915529
v -0.210388 1.494766 -0.991020
v -0.191351 1.585193 -0.907530
v -0.145351 1.499855 -0.992816
v -0.150914 1.572366 -1.012908
v -0.196335 1.627177 -1.048856
v -0.189915 1.566277 -1.022189
v -0.179587 1.496042 -1.000643
v -0.249106 1.619034 -0.997538
v -0.208390 1.401520 -0.965945
v -0.242501 1.713614 -0.967572
v -0.228274 1.607214 -0.929038
v -0.177637 1.188671 -0.907475
v -0.200532 1.301978 -0.908981
v -0.141918 1.235875 -0.889990
v -0.132659 1.625245 -1.005293
v -0.159871 1.233199 -0.889970
v -0.115609 1.154924 -0.956897
v -0.122247 1.477164 -0.957500
v -0.226229 1.467055 -0.957345
v -0.227833 1.476229 -0.926596
v -0.191926 1.397254 -0.977430
v -0.160563 1.420072 -0.986847
v -0.126603 1.465762 -0.913850
v -0.127156 1.409415 -0.966065
v -0.214291 1.501394 -0.906426
v -0.246266 1.841658 -0.924159
v -0.277730 1.854446 -0.909343
v -0.234854 1.736040 -0.752870
v -0.175584 1.915802 -0.998975
v -0.161431 1.978775 -1.030697
v -0.146425 1.919590 -0.967748
v -0.218823 1.988871 -1.065635
v -0.210051 1.903111 -1.001841
v -0.243186 1.771852 -0.796699
v -0.301963 1.881908 -0.882439
v -0.148277 2.006864 -1.019781
v -0.129085 1.930778 -0.930484
v -0.262928 1.763622 -0.750504
v -0.148291 2.036879 -1.007459
v -0.130405 1.965790 -0.915472
v -0.257742 2.011232 -1.066562
v -0.274258 1.778441 -0.729259
v -0.161165 2.063965 -0.995881
v -0.143533 1.980678 -0.882319
v -0.297908 1.873903 -0.807212
v -0.272752 1.827737 -0.711230
v -0.184207 2.083276 -0.986695
v -0.157481 1.981987 -0.857557
v -0.283289 2.047962 -1.047755
v -0.287769 1.909184 -0.796779
v -0.242986 1.818249 -0.667381
v -0.212756 2.091953 -0.981532
v -0.277590 2.077473 -1.031861
v -0.257716 1.885112 -0.731366
v -0.203442 1.943865 -0.774359
v -0.243698 2.088831 -0.980271
v -0.244509 2.045901 -0.913909
v -0.262416 2.095195 -1.024085
v -0.230493 1.932958 -0.763808
v -0.210147 1.880877 -0.704198
v -0.192582 2.028647 -0.892649
v -0.201222 1.830826 -0.663666
v -0.271611 2.074393 -0.984643
v -0.270431 1.983247 -0.851385
v -0.240720 2.105956 -1.019964
v -0.291135 2.050781 -0.993354
v -0.298049 1.981635 -0.900618
v -0.216261 2.107916 -1.020184
v -0.164107 1.846206 -0.691109
v -0.299141 2.021901 -1.004997
v -0.308302 1.947329 -0.914068
v -0.193237 2.100761 -1.024683
v -0.137549 1.882442 -0.769452
v -0.293859 1.992562 -1.017959
v -0.301863 1.933499 -0.953436
v -0.175579 2.085726 -1.032691
v -0.128008 1.902413 -0.830360
v -0.136190 1.768708 -0.687194
v -0.142008 1.866684 -0.904175
v -0.276357 1.968184 -1.029167
v -0.282186 1.906164 -0.967933
v -0.166312 2.065369 -1.042858
v -0.127311 1.875735 -0.852012
v -0.137091 1.786721 -0.743644
v -0.172746 1.846341 -0.920940
v -0.161236 1.743128 -0.751623
v -0.249747 1.952678 -1.037071
v -0.248717 1.887284 -0.978696
v -0.212437 1.834498 -0.922982
v -0.171681 2.032954 -1.060152
v -0.155001 1.786095 -0.794408
v -0.203031 1.733655 -0.760028
v -0.192934 1.996463 -1.063327
v -0.148793 1.225986 -0.565186
v -0.183306 1.245700 -0.515856
v -0.144691 1.218077 -0.502401
v -0.121758 1.237689 -0.515981
v -0.183133 1.633882 -0.685268
v -0.160246 1.678420 -0.698125
v -0.187052 1.240333 -0.543509
v -0.238913 1.694312 -0.707346
v -0.197246 1.408046 -0.519668
v -0.171677 1.257581 -0.503524
v -0.236258 1.648929 -0.590525
v -0.249049 1.750628 -0.638992
v -0.127360 1.396851 -0.525017
v -0.124241 1.283728 -0.512583
v -0.186763 1.670520 -0.575037
v -0.115808 1.247259 -0.543615
v -0.214503 1.565630 -0.645042
v -0.222689 1.633786 -0.676349
v -0.255655 1.700391 -0.638444
v -0.144842 1.803180 -0.681472
v -0.149723 1.573413 -0.643653
v -0.201818 1.688592 -0.721243
v -0.180076 1.567248 -0.652797
v -0.255375 1.688532 -0.670094
v -0.215358 1.478735 -0.604120
v -0.220193 1.696580 -0.593282
v -0.215673 1.412120 -0.542335
v -0.169532 1.766467 -0.628898
v -0.154481 1.695530 -0.600398
v -0.148205 1.593888 -0.561229
v -0.150425 1.326228 -0.501953
v -0.138818 1.693616 -0.676952
v -0.197101 1.462919 -0.612159
v -0.168556 1.325386 -0.502066
v -0.167141 1.457738 -0.517153
v -0.122967 1.236753 -0.555050
v -0.129281 1.554891 -0.606346
v -0.233263 1.544783 -0.606191
v -0.227342 1.541436 -0.561380
v -0.175110 1.547114 -0.536381
v -0.164323 1.467176 -0.618060
v -0.134124 1.486631 -0.604241
v -0.208708 1.588608 -0.552975
v -0.280406 1.968353 -0.655580
v -0.201387 2.060074 -0.755088
v -0.176653 2.076650 -0.743685
v -0.233633 2.082996 -0.775933
v -0.227162 2.016493 -0.730496
v -0.257073 1.880734 -0.556558
v -0.307506 1.982234 -0.622845
v -0.255431 1.828586 -0.507299
v -0.150473 2.068797 -0.694070
v -0.260249 2.084869 -0.772289
v -0.275546 1.860265 -0.507892
v -0.160524 2.124032 -0.706507
v -0.139836 2.057858 -0.632318
v -0.283042 2.095068 -0.762199
v -0.309697 2.031642 -0.565900
v -0.162284 2.122017 -0.649223
v -0.298073 2.111817 -0.747400
v -0.308554 1.968581 -0.545477
v -0.288356 2.053065 -0.543770
v -0.187851 2.139984 -0.632184
v -0.297732 2.138069 -0.736558
v -0.291748 1.951636 -0.486889
v -0.258281 2.069777 -0.533921
v -0.221232 2.147962 -0.622762
v -0.296257 2.152744 -0.714246
v -0.271248 1.966482 -0.465027
v -0.210343 2.094635 -0.553984
v -0.235239 1.860532 -0.396789
v -0.256652 2.144620 -0.622605
v -0.279714 2.169858 -0.701626
v -0.240171 1.975987 -0.451536
v -0.207297 1.897249 -0.406812
v -0.288008 2.130554 -0.631733
v -0.255977 2.180603 -0.694776
v -0.220554 2.052058 -0.508605
v -0.205208 1.982945 -0.454003
v -0.176030 1.892926 -0.415549
v -0.309492 2.109823 -0.649834
v -0.229154 2.183120 -0.694892
v -0.172676 1.975946 -0.465209
v -0.151707 1.859886 -0.425053
v -0.312391 2.111984 -0.704125
v -0.320139 2.048838 -0.626870
v -0.203892 2.176975 -0.701951
v -0.149858 1.965363 -0.487140
v -0.139437 2.001282 -0.619115
v -0.142095 1.868572 -0.461157
v -0.312378 2.054461 -0.692752
v -0.184559 2.163226 -0.714720
v -0.136861 1.985323 -0.545609
v -0.162174 2.004747 -0.677476
v -0.292480 2.032418 -0.712408
v -0.180330 2.148064 -0.737860
v -0.145725 1.872615 -0.497657
v -0.191658 1.984889 -0.688552
v -0.169544 1.832262 -0.513472
v -0.262315 2.018991 -0.725746
v -0.175434 2.123314 -0.747912
v -0.153773 1.899101 -0.542430
v -0.229247 1.962696 -0.676862
v -0.215551 1.874241 -0.564245
v -0.182520 1.882407 -0.560755
v -0.218963 1.824436 -0.522897
v -0.202419 2.104291 -0.773630
v -0.154468 1.286107 -0.451276
v -0.187813 1.293870 -0.397974
v -0.148989 1.263981 -0.392101
v -0.126307 1.286242 -0.401317
v -0.195953 1.773410 -0.495554
v -0.192191 1.294999 -0.426029
v -0.201356 1.452708 -0.364035
v -0.175877 1.302623 -0.383504
v -0.268933 1.840495 -0.423590
v -0.131640 1.443203 -0.373379
v -0.128578 1.330259 -0.387367
v -0.187282 1.677324 -0.353581
v -0.176200 1.755139 -0.368859
v -0.194591 1.831179 -0.382946
v -0.120947 1.301924 -0.426135
v -0.223284 1.635737 -0.447599
v -0.271769 1.815695 -0.432537
v -0.207333 1.756000 -0.364756
v -0.158259 1.640957 -0.449482
v -0.163940 1.714759 -0.464088
v -0.160277 1.782737 -0.479993
v -0.203009 1.709370 -0.473514
v -0.192552 1.637730 -0.457324
v -0.257624 1.756040 -0.452530
v -0.221140 1.540885 -0.429539
v -0.255144 1.852231 -0.407717
v -0.240679 1.743264 -0.377303
v -0.220273 1.461845 -0.384739
v -0.157738 1.791983 -0.390830
v -0.152708 1.643239 -0.362830
v -0.154184 1.370065 -0.366589
v -0.203114 1.527383 -0.441407
v -0.172137 1.367392 -0.366638
v -0.171057 1.500558 -0.350834
v -0.128390 1.294314 -0.439516
v -0.134910 1.615705 -0.416118
v -0.238892 1.605598 -0.415964
v -0.234452 1.619977 -0.372531
v -0.179189 1.591942 -0.348809
v -0.170464 1.532957 -0.446903
v -0.139906 1.548781 -0.429660
v -0.213026 1.636064 -0.354659
v 0.066891 2.742496 -0.819461
v 0.020838 2.757450 -0.826091
v 0.024023 2.610348 -0.153276
v -0.276922 2.101182 0.457528
v -0.218611 2.069268 0.751033
v 0.018285 2.646183 0.534794
v -0.187356 2.175391 1.345602
v 0.015962 2.012590 0.781551
v -0.148320 2.189562 1.666224
v -0.232947 2.668427 -0.820571
v -0.274405 2.616355 -0.970386
v 0.032119 2.268291 1.710983
v 0.034726 2.477191 1.514408
v 0.069314 2.696048 -1.475121
v 0.022487 2.728850 -1.423528
v -0.020929 2.481399 1.734354
v -0.167522 2.604098 -1.643062
v -0.168786 2.661288 -1.532205
v -0.287974 1.838342 -1.516758
v 0.023376 2.154404 -2.076303
v -0.199364 1.945828 -2.129809
v 0.015478 1.690024 -2.234354
v 0.022614 0.759625 -2.246192
v -0.150185 1.952074 -1.051885
v -0.171360 1.969798 -1.145346
v 0.028551 1.981975 -1.208734
v -0.177385 1.440687 -1.679947
v 0.028134 1.406799 -1.699282
v -0.247967 0.635347 -1.807118
v 0.127251 0.871853 -1.906817
v -0.331592 2.387540 0.659433
v 0.037027 -0.018655 -1.870774
v 0.057659 0.144841 -1.610613
v 0.101103 -0.059405 -1.747419
v 0.030766 -0.069629 -1.721469
v 0.048758 2.378443 1.587935
v 0.018901 2.403975 1.553729
v -0.019048 2.324720 1.746327
v -0.088007 -0.092706 -1.805208
v -0.093686 -0.108427 -1.769494
v -0.097254 -0.099882 -1.749823
v 0.003880 -0.020280 -1.592480
v -0.085379 -0.052177 -1.612819
v 0.055090 0.899170 -1.936975
v -0.191138 0.560528 -1.779166
v -0.142343 1.102005 -1.835717
v -0.119097 0.515878 -2.166278
v -0.097288 0.293423 -2.065300
v -0.125472 0.111063 -1.960202
v 0.038261 1.422301 -2.275450
v -0.097598 1.219155 -2.292557
v -0.097175 0.993408 -2.286223
v -0.150279 1.393220 -1.740992
v -0.150806 1.364982 -1.732650
v 0.015666 1.942837 -2.168336
v 0.052586 1.689061 -1.582217
v -0.097838 2.390091 -1.922162
v -0.097135 2.294183 -1.993569
v 0.045602 1.871387 -1.458895
v 0.059857 1.853026 -1.445982
v 0.041994 1.870644 -1.449138
v 0.080477 1.880282 -1.459984
v -0.098027 2.682672 -1.544180
v -0.094857 2.625930 -1.650613
v 0.014943 2.557671 -1.749511
v 0.045752 2.485823 1.552683
v -0.069059 2.264457 1.809165
v -0.081995 2.277137 1.715017
v 0.041154 2.002368 -1.221252
v 0.084644 2.016437 -1.227759
v 0.005144 2.214771 1.795132
v -0.100113 2.142133 1.394475
v -0.101321 2.632929 0.861939
v 0.045632 1.965057 0.212075
v 0.014721 2.782191 -1.024416
v -0.097198 2.780749 -1.169113
v -0.097069 2.762400 -1.303586
v 0.053918 1.979074 -0.879925
v -0.230749 1.996719 -0.840427
v -0.057992 1.965262 0.029594
v -0.250252 1.984928 -0.210415
v -0.123816 1.968744 0.390284
v -0.141840 2.150911 1.399209
v -0.090213 2.181909 1.681557
v -0.201762 2.017176 -1.227803
v -0.098229 2.611064 -0.150093
v -0.145985 2.600405 1.038369
v -0.096975 2.728861 -1.429023
v -0.149797 1.690242 -1.584266
v -0.214797 1.695635 -1.591058
v -0.219893 1.397968 -1.749606
v -0.105338 1.698543 -2.231440
v -0.181305 1.959612 -0.983587
v -0.181519 1.959788 -1.261608
v -0.182831 1.823556 -1.460829
v -0.173924 1.622401 -1.585634
v -0.150018 1.289912 -1.751228
v -0.216871 1.319678 -1.747747
v -0.136733 -0.016576 -1.871762
v -0.146374 2.745692 -0.833164
v -0.095091 2.760525 -0.834766
v -0.105095 2.016902 0.796487
v -0.112206 2.476902 1.516685
v -0.097913 2.149474 -2.080104
v -0.100810 1.870500 -1.393093
v -0.221513 0.870682 -1.900033
v -0.152561 0.895503 -1.933033
v -0.106655 1.432955 -1.674508
v -0.116344 1.708296 -1.522146
v -0.151239 2.508384 -1.790243
v -0.097411 2.479061 -1.840071
v -0.118816 0.755507 -2.245039
v -0.041684 2.497559 1.729776
v -0.107362 2.267082 1.716687
v -0.092558 2.537420 1.456246
v -0.168474 2.628176 0.537164
v -0.104015 2.641070 0.474347
v -0.112610 -0.069443 -1.721012
v -0.150581 0.153203 -1.614541
v -0.131342 2.378934 1.586361
v -0.089363 2.383467 1.597452
v -0.174028 1.880866 -1.459923
v -0.204493 1.884391 -1.461674
v -0.095970 -0.066693 -1.649285
v -0.134348 -0.048281 -1.633641
v -0.184002 -0.001607 -1.678616
v 0.056450 1.908849 -0.224805
v 0.090194 1.881325 -0.258211
v 0.097749 1.974110 -0.363829
v 0.060646 1.829787 -0.217727
v 0.018369 2.010568 -0.457109
v 0.019357 1.952380 -0.431197
v 0.018886 1.989218 -0.453429
v 0.049882 1.927764 -0.405128
v 0.067268 1.846227 -0.265203
v 0.075855 1.939247 -0.396302
v 0.004380 1.886530 -0.251248
v 0.089479 1.978943 -0.404905
v 0.033276 1.905086 -0.222988
v 0.039482 1.940072 -0.257148
v 0.017315 1.879215 -0.215948
v 0.075899 2.028065 -0.434927
v 0.080671 1.898932 -0.233149
v 0.085637 1.924916 -0.275700
v 0.093795 1.992078 -0.349057
v 0.030771 1.879631 -0.189155
v 0.071098 2.058967 -0.404277
v 0.078734 2.027781 -0.347496
v 0.074815 1.882304 -0.326275
v 0.062867 1.939003 -0.262129
v 0.049792 2.042911 -0.336757
v 0.042554 2.072950 -0.372858
v 0.023383 2.041108 -0.330997
v 0.030977 1.849489 -0.281841
v 0.007572 1.896912 -0.358442
v -0.004769 2.058087 -0.361095
v -0.004370 2.030909 -0.334257
v 0.047623 1.871163 -0.332179
v -0.001055 2.068711 -0.380025
v -0.019747 2.021808 -0.342610
v -0.025601 1.932854 -0.334230
v 0.088521 1.871483 -0.200094
v -0.021753 2.053077 -0.378893
v -0.001044 1.884511 -0.313193
v 0.016799 1.932931 -0.259724
v -0.015102 1.935255 -0.387026
v 0.084707 1.845514 -0.219591
v -0.023431 1.989295 -0.427730
v -0.022487 2.024694 -0.434986
v 0.028405 1.909856 -0.386883
v 0.070839 1.842406 0.050659
v 0.049732 1.848581 -0.046140
v 0.111571 1.862530 -0.006724
v 0.109827 1.841103 0.079594
v 0.037913 1.859885 -0.128360
v 0.053960 1.878209 -0.145182
v 0.060764 1.875269 -0.092850
v 0.076921 1.881647 -0.001505
v 0.093451 1.858931 -0.137179
v 0.098519 1.835354 -0.080866
v 0.080314 1.827355 -0.160798
v 0.015795 1.852490 -0.235431
v 0.078009 1.874606 -0.132105
v 0.096613 1.879956 -0.006801
v 0.042358 1.831215 -0.133280
v 0.079355 1.822266 -0.079891
v 0.062376 1.824341 -0.075675
v 0.047753 1.825275 -0.186411
v 0.131600 1.886536 0.404079
v 0.121448 1.912087 0.440207
v 0.116607 1.922226 0.375364
v 0.130837 1.930163 0.353557
v 0.146772 1.928852 0.353694
v 0.161045 1.919261 0.355394
v 0.061912 1.871733 -0.004594
v 0.120294 1.851005 0.073397
v 0.098138 1.841089 0.108190
v 0.149245 1.862653 0.450194
v 0.130730 1.869778 0.458634
v 0.137085 1.857717 0.493280
v 0.175792 1.912161 0.428855
v 0.168493 1.898350 0.399862
v 0.155403 1.886120 0.399498
v 0.141088 1.907547 0.474620
v 0.132971 1.932787 0.422546
v 0.164027 1.884011 0.429411
v 0.138893 1.927141 0.453575
v 0.134734 1.883722 0.433518
v 0.167957 1.923239 0.447408
v 0.118397 1.900109 0.407688
v 0.159721 1.645762 0.544472
v 0.151705 1.664871 0.548423
v 0.161233 1.631055 0.567731
v 0.159533 1.694074 0.552848
v 0.171977 1.637005 0.567422
v 0.179058 1.684533 0.544039
v 0.176287 1.629834 0.557146
v 0.171529 1.655385 0.540288
v 0.176498 1.874946 0.456485
v 0.146631 1.729463 0.534813
v 0.166236 1.866606 0.450110
v 0.156623 1.799346 0.520076
v 0.169571 1.796059 0.518389
v 0.179292 1.879938 0.470682
v 0.063569 2.017933 -0.000993
v 0.101789 1.998407 -0.035199
v 0.124549 2.114347 -0.111882
v 0.066697 1.939509 -0.013576
v 0.041101 1.954055 -0.035520
v 0.062251 2.174014 -0.203318
v 0.055839 2.077095 -0.172129
v 0.058784 2.142109 -0.203427
v 0.084958 2.114452 -0.187886
v 0.080116 1.967027 -0.053958
v 0.083062 2.042833 -0.140361
v 0.107581 2.089491 -0.154832
v -0.000020 2.077865 -0.088688
v 0.122296 2.129565 -0.151144
v 0.040375 2.014684 -0.003446
v 0.051457 2.056840 -0.026458
v 0.113064 2.185012 -0.169365
v 0.088742 2.009536 -0.008094
v 0.099810 2.045120 -0.041584
v 0.118494 2.128168 -0.093751
v 0.033004 1.981698 0.022175
v 0.103803 2.207462 -0.132911
v 0.103356 2.162855 -0.085347
v 0.096417 2.016908 -0.102274
v 0.075317 2.056193 -0.028222
v 0.073836 2.174435 -0.074850
v 0.071084 2.214191 -0.103288
v 0.046493 2.174630 -0.074308
v 0.048205 2.008633 -0.114591
v 0.046272 2.212626 -0.101728
v 0.015250 2.163045 -0.085372
v 0.069756 1.976825 -0.076675
v 0.000047 2.156369 -0.103139
v 0.005033 2.049119 -0.103709
v 0.091728 1.974437 0.017729
v 0.009925 2.202850 -0.127945
v -0.007791 2.148135 -0.129605
v 0.022200 2.016905 -0.102400
v -0.003775 2.129565 -0.151144
v 0.023519 2.047408 -0.036244
v 0.090774 1.954314 -0.008025
v 0.005457 2.185012 -0.169365
v 0.010965 2.089509 -0.154872
v 0.019844 2.004139 -0.022382
v 0.032512 2.145302 -0.198425
v 0.030613 2.075899 -0.162810
v 0.038102 2.176721 -0.199340
v 0.037963 1.884346 0.248007
v 0.031079 1.915257 0.153927
v 0.086567 1.916658 0.203842
v 0.072356 1.874439 0.280838
v 0.028843 1.951001 0.042274
v 0.035219 1.952947 0.076313
v 0.049588 1.968497 0.067165
v 0.048751 1.952340 0.117482
v 0.051527 1.935118 0.208814
v 0.087506 1.946404 0.075491
v 0.084376 1.909346 0.124172
v 0.077923 1.922225 0.043072
v 0.026542 1.956668 -0.007958
v 0.071493 1.960869 0.082144
v 0.071777 1.934085 0.206072
v 0.036386 1.920476 0.065080
v 0.065273 1.897138 0.119119
v 0.047863 1.898713 0.121304
v 0.051202 1.919085 0.038231
v 0.046966 1.836601 0.606036
v 0.031695 1.852678 0.645653
v 0.036285 1.878853 0.585449
v 0.053520 1.891457 0.568563
v 0.069266 1.889574 0.570593
v 0.083144 1.879347 0.571800
v 0.037122 1.926844 0.201254
v 0.083609 1.885186 0.278868
v 0.056654 1.867713 0.306579
v 0.057756 1.801334 0.646634
v 0.038215 1.806798 0.653922
v 0.039492 1.786248 0.684939
v 0.087110 1.853600 0.642409
v 0.084081 1.847740 0.610143
v 0.071182 1.836474 0.604876
v 0.046152 1.838977 0.680207
v 0.045652 1.876696 0.635578
v 0.075388 1.826651 0.634192
v 0.047024 1.863270 0.664692
v 0.045809 1.826415 0.633951
v 0.076675 1.859973 0.661871
v 0.033380 1.849316 0.611068
v 0.056946 1.576006 0.681882
v 0.050297 1.545204 0.692475
v 0.045982 1.585340 0.691130
v 0.054224 1.543135 0.703769
v 0.053087 1.612207 0.703830
v 0.064014 1.588411 0.704608
v 0.073528 1.591324 0.694797
v 0.066775 1.577468 0.683722
v 0.083813 1.810665 0.659573
v 0.042930 1.651425 0.693686
v 0.074581 1.804561 0.649929
v 0.054948 1.722361 0.698605
v 0.068005 1.719126 0.697972
v 0.084524 1.811850 0.674817
v 0.056450 1.977373 0.304486
v 0.090194 1.949849 0.271080
v 0.097749 2.042634 0.165462
v 0.060646 1.898311 0.311564
v 0.018369 2.079093 0.072182
v 0.019357 2.020904 0.098094
v 0.018886 2.057742 0.075862
v 0.049882 1.996289 0.124163
v 0.067268 1.914751 0.264088
v 0.075855 2.007771 0.132989
v 0.004381 1.955055 0.278044
v 0.089479 2.047467 0.124385
v 0.033276 1.973611 0.306302
v 0.039482 2.008596 0.272143
v 0.017315 1.947739 0.313343
v 0.075899 2.096590 0.094364
v 0.080671 1.967457 0.296142
v 0.085637 1.993440 0.253591
v 0.093795 2.060602 0.180234
v 0.030771 1.948155 0.340136
v 0.071098 2.127491 0.125014
v 0.078734 2.096306 0.181795
v 0.074815 1.950828 0.203016
v 0.062867 2.007528 0.267163
v 0.049792 2.111436 0.192534
v 0.042554 2.141474 0.156433
v 0.023383 2.109633 0.198295
v 0.030977 1.918013 0.247450
v 0.007572 1.965436 0.170849
v -0.004769 2.126611 0.168196
v -0.004370 2.099434 0.195034
v 0.047623 1.939688 0.197112
v -0.001054 2.137235 0.149266
v -0.019746 2.090333 0.186681
v -0.025602 2.001378 0.195061
v 0.088521 1.940008 0.329197
v -0.021753 2.121601 0.150398
v -0.001044 1.953036 0.216098
v 0.016799 2.001455 0.269567
v -0.015102 2.003779 0.142265
v 0.084707 1.914039 0.309700
v -0.143905 1.835765 -0.242214
v -0.138142 1.873064 -0.330534
v -0.023431 2.057820 0.101561
v -0.022487 2.093219 0.094305
v 0.028405 1.978380 0.142408
v 0.070839 1.910930 0.579950
v 0.049732 1.917106 0.483151
v 0.111571 1.931054 0.522567
v 0.109827 1.909627 0.608884
v 0.037913 1.928409 0.400930
v 0.053960 1.946733 0.384109
v 0.060764 1.943793 0.436440
v 0.076921 1.950171 0.527786
v 0.093542 1.926993 0.391934
v 0.098519 1.903878 0.448425
v 0.080313 1.895879 0.368493
v 0.015795 1.921015 0.293860
v 0.076282 1.945508 0.381353
v 0.084645 1.942574 0.434497
v 0.096613 1.948480 0.522489
v 0.042358 1.899740 0.396011
v 0.079355 1.890790 0.449400
v 0.062377 1.892866 0.453617
v 0.047753 1.893799 0.342880
v 0.125828 1.958951 0.933497
v 0.116362 1.970165 0.928668
v 0.130646 1.998513 0.881466
v 0.152019 1.995147 0.880743
v 0.169294 1.987361 0.925905
v 0.178558 1.981899 0.978820
v 0.061912 1.940258 0.524697
v 0.120294 1.919529 0.602687
v 0.098138 1.909614 0.637482
v 0.119223 1.984123 0.958347
v 0.144527 1.977068 1.032313
v 0.160940 1.980457 1.032642
v 0.178824 1.975359 1.022504
v 0.168726 1.942515 1.002139
v 0.133351 1.992589 0.987529
v 0.124404 1.996884 0.937580
v 0.159249 1.957455 0.928244
v 0.143664 2.003092 0.951316
v 0.159863 1.952035 0.965591
v 0.142744 1.952583 0.930513
v 0.158430 1.998891 0.987479
v 0.129373 1.958407 0.971205
v 0.221241 1.794625 1.304791
v 0.206063 1.805869 1.280339
v 0.211417 1.782885 1.340742
v 0.221802 1.778895 1.366988
v 0.216710 1.827675 1.288724
v 0.233061 1.780925 1.354850
v 0.226418 1.806811 1.298014
v 0.187313 1.833089 1.253593
v 0.177736 1.962810 0.985284
v 0.134837 1.966226 1.029570
v 0.209545 1.805399 1.325727
v 0.148714 1.940802 1.002597
v 0.134892 1.949611 1.008821
v 0.056450 1.976720 0.662928
v 0.090194 1.963711 0.621646
v 0.097749 2.089299 0.558464
v 0.060646 1.900762 0.639880
v 0.018369 2.158039 0.485627
v 0.019357 2.094380 0.487861
v 0.018886 2.136864 0.481044
v 0.049883 2.061794 0.502813
v 0.067268 1.933786 0.602017
v 0.075855 2.069135 0.515298
v 0.004381 1.965929 0.630052
v 0.089479 2.109164 0.522187
v 0.033276 1.972551 0.663203
v 0.039482 2.017784 0.644633
v 0.017315 1.945926 0.660042
v 0.075899 2.165955 0.512748
v 0.080671 1.970651 0.651477
v 0.085637 2.010679 0.621755
v 0.093795 2.100426 0.578891
v 0.030771 1.936277 0.685041
v 0.071098 2.183129 0.552740
v 0.078734 2.132948 0.593709
v 0.074816 1.990111 0.558902
v 0.062867 2.018659 0.639615
v 0.050575 2.141527 0.609493
v 0.042554 2.184327 0.587110
v 0.023586 2.140185 0.613715
v 0.030977 1.943042 0.587812
v 0.007572 2.015702 0.534547
v -0.004769 2.166140 0.592450
v -0.004370 2.130888 0.607157
v 0.047623 1.981991 0.549256
v -0.001054 2.183080 0.578877
v -0.019747 2.125579 0.596002
v -0.025601 2.039959 0.570458
v 0.088521 1.932820 0.671847
v -0.022041 2.177452 0.558523
v -0.001044 1.987256 0.571858
v 0.016799 2.012127 0.639570
v -0.015102 2.061960 0.522403
v 0.084706 1.916043 0.644042
v -0.023431 2.127311 0.504901
v -0.022487 2.162852 0.511431
v 0.028405 2.038355 0.513023
v 0.063086 1.838034 0.783389
v 0.111571 1.852097 0.847788
v 0.109827 1.799902 0.919799
v 0.053219 1.846200 0.828784
v 0.037913 1.895200 0.734015
v 0.053960 1.918490 0.725281
v 0.060764 1.896165 0.772702
v 0.076922 1.867868 0.859790
v 0.093451 1.897618 0.725481
v 0.098519 1.854667 0.768866
v 0.080314 1.877185 0.691756
v 0.015795 1.928443 0.631968
v 0.078009 1.910252 0.736057
v 0.096613 1.868283 0.854245
v 0.042358 1.870459 0.718716
v 0.079355 1.842166 0.764867
v 0.047753 1.884850 0.667228
v 0.132550 1.720108 1.238783
v 0.117877 1.732127 1.240798
v 0.126073 1.756820 1.263878
v 0.130634 1.780275 1.205672
v 0.152212 1.777076 1.205008
v 0.171616 1.748314 1.246499
v 0.061912 1.859833 0.853212
v 0.120294 1.811405 0.917762
v 0.096261 1.788410 0.949422
v 0.068513 1.816822 0.877196
v 0.136690 1.708883 1.335258
v 0.172204 1.692008 1.329324
v 0.176059 1.722811 1.282983
v 0.122370 1.738360 1.284421
v 0.147659 1.720275 1.233271
v 0.142282 1.739823 1.305550
v 0.166957 1.737645 1.297930
v 0.111227 1.441843 1.512863
v 0.102428 1.404795 1.550891
v 0.101766 1.432962 1.536917
v 0.114006 1.465359 1.523621
v 0.116443 1.398155 1.569338
v 0.117255 1.404564 1.549184
v 0.120719 1.688483 1.319537
v 0.137483 1.488748 1.492430
v 0.160106 1.619509 1.368736
v 0.165522 1.703042 1.281145
v 0.141725 1.680350 1.296344
v 0.131113 1.495502 1.499086
v 0.159681 1.704594 1.338403
v 0.127577 1.683719 1.304887
v -0.104619 1.952329 -0.431127
v -0.100803 1.998710 -0.457115
v -0.130217 1.981837 -0.448099
v -0.138336 1.928304 -0.402382
v -0.123690 2.009371 -0.456716
v -0.153158 1.992561 -0.438848
v -0.160943 1.940381 -0.393747
v -0.041227 2.111934 0.561084
v -0.042452 2.136463 0.566781
v -0.073745 2.181258 0.516427
v -0.008482 2.189863 0.545696
v -0.041227 2.064603 0.159414
v -0.056031 2.121286 0.135230
v -0.042452 2.089481 0.155510
v -0.041227 1.996079 -0.369877
v -0.073745 2.043633 -0.437247
v -0.008482 2.062573 -0.413331
v -0.092145 1.868748 -0.237593
v -0.168405 2.008005 -0.422955
v -0.178563 1.955444 -0.367779
v -0.130298 1.908850 -0.223565
v -0.151613 2.024997 -0.442694
v -0.178295 2.004029 -0.386081
v -0.176156 1.987807 -0.343503
v -0.106663 1.871482 -0.190696
v -0.165327 2.039922 -0.416037
v -0.167264 2.041965 -0.382939
v -0.167091 1.905815 -0.255969
v -0.152916 1.905171 -0.228468
v -0.155915 2.057718 -0.401153
v -0.155512 2.032411 -0.344680
v -0.163168 1.854973 -0.259414
v -0.128716 1.888624 -0.188235
v -0.146279 2.065886 -0.381218
v -0.132685 2.040887 -0.335310
v -0.165531 1.886883 -0.320513
v -0.125447 2.072070 -0.370498
v -0.099255 2.035936 -0.327101
v -0.114652 1.851498 -0.288564
v -0.101470 2.072015 -0.366987
v -0.076009 2.053529 -0.355801
v -0.081800 1.920213 -0.269765
v -0.079240 2.067366 -0.378091
v -0.063934 2.020699 -0.340144
v -0.052948 1.944669 -0.338080
v -0.170913 1.871483 -0.200094
v 0.079148 2.260193 1.521628
v 0.083127 2.242768 1.593269
v -0.103049 1.897507 -0.224608
v -0.071648 1.906592 -0.343376
v -0.169232 1.838253 -0.186321
v -0.059434 1.964915 -0.408591
v -0.061329 2.010848 -0.437783
v -0.077821 1.980940 -0.441543
v -0.083718 1.927181 -0.396085
v -0.105040 1.893877 -0.365888
v -0.080735 2.009003 -0.451056
v -0.188564 1.841715 0.111412
v -0.204300 1.852224 0.085710
v -0.119808 1.858469 -0.129152
v -0.134618 1.877861 -0.145060
v -0.141552 1.874867 -0.092598
v -0.154236 1.879956 -0.003180
v -0.175842 1.858930 -0.137179
v -0.193963 1.862530 -0.006725
v -0.180539 1.831001 -0.025682
v -0.160888 1.823724 -0.140278
v -0.112214 1.838253 -0.177982
v -0.160401 1.874606 -0.132105
v -0.178307 1.880544 -0.006251
v -0.137360 1.826902 -0.083472
v -0.151240 1.822399 -0.072978
v -0.130346 1.825937 -0.193186
v -0.227005 1.883664 0.400685
v -0.208353 1.890457 0.406692
v -0.197340 1.907949 0.401628
v -0.199528 1.923391 0.359532
v -0.243006 1.889379 0.400011
v -0.257835 1.914654 0.427445
v -0.139925 1.862530 0.001174
v -0.219337 1.931027 0.355327
v -0.166304 1.841103 0.083380
v -0.154501 1.851005 0.080440
v -0.210171 1.872136 0.463301
v -0.261553 1.889327 0.455246
v -0.252469 1.901955 0.399202
v -0.208609 1.927369 0.421270
v -0.216905 1.924078 0.452733
v -0.233199 1.881054 0.429867
v -0.232254 1.909339 0.474621
v -0.228884 1.934712 0.420957
v -0.227884 1.865112 0.448797
v -0.246607 1.926333 0.449530
v -0.213808 1.885851 0.435033
v -0.248400 1.927369 0.415454
v -0.239443 1.653657 0.543046
v -0.238976 1.673652 0.556283
v -0.249508 1.668915 0.560158
v -0.260467 1.661564 0.546659
v -0.233534 1.668376 0.548341
v -0.261488 1.777679 0.512764
v -0.218261 1.835083 0.498415
v -0.233256 1.805687 0.517391
v -0.236920 1.835720 0.461899
v -0.251055 1.788070 0.522048
v -0.131699 1.951429 -0.036961
v -0.141792 2.164282 -0.206075
v -0.141930 2.112760 -0.192359
v -0.169679 2.144630 -0.197584
v -0.171146 2.081132 -0.166196
v -0.154472 1.965518 -0.057012
v -0.160560 2.009726 -0.111352
v -0.164342 2.173656 -0.199796
v -0.191041 2.151860 -0.182805
v -0.192269 2.089857 -0.151728
v -0.099844 2.009382 -0.032020
v -0.081706 2.079571 -0.091650
v -0.203826 2.162277 -0.161550
v -0.205955 2.097337 -0.120608
v -0.137327 2.017936 -0.001001
v -0.189931 2.184249 -0.178522
v -0.208312 2.148877 -0.125876
v -0.109185 1.974437 0.017729
v -0.199710 2.191519 -0.147308
v -0.196898 2.185175 -0.114821
v -0.200062 2.122698 -0.089546
v -0.178420 2.021745 -0.027643
v -0.160416 2.014775 -0.003458
v -0.188189 2.205384 -0.129888
v -0.179784 2.166831 -0.082267
v -0.175036 1.973552 -0.044318
v -0.130652 1.989603 0.027502
v -0.175815 2.208660 -0.110083
v -0.155841 2.173511 -0.074347
v -0.186212 2.019596 -0.094437
v -0.153646 2.212737 -0.101184
v -0.130880 2.173413 -0.073616
v -0.130556 2.008585 -0.114538
v -0.129411 2.212699 -0.101215
v -0.104544 2.162744 -0.079254
v -0.107269 2.208551 -0.110175
v -0.085005 2.184165 -0.117062
v -0.083574 2.132579 -0.092948
v -0.097094 2.019596 -0.094437
v -0.174120 1.974437 0.017729
v -0.094382 2.204827 -0.130967
v -0.074793 2.147679 -0.127354
v -0.108269 1.973552 -0.044318
v -0.083521 2.191311 -0.147494
v -0.080485 2.161049 -0.164294
v -0.079534 2.101834 -0.135130
v -0.112171 2.009536 -0.008094
v -0.170465 1.938905 0.022297
v -0.094520 2.150856 -0.185059
v -0.093622 2.089002 -0.154839
v -0.151296 1.929397 0.009987
v -0.095545 2.182613 -0.181969
v -0.116801 2.144063 -0.198860
v -0.116183 2.080435 -0.168071
v -0.141706 2.060346 -0.159812
v -0.120303 2.173378 -0.200340
v -0.147584 1.872458 0.270108
v -0.165818 1.883232 0.291192
v -0.113291 1.945998 0.075217
v -0.130247 1.968193 0.066951
v -0.129519 1.951946 0.117398
v -0.169898 1.946404 0.075491
v -0.168959 1.916658 0.203841
v -0.159253 1.903407 0.113448
v -0.112699 1.939133 0.023636
v -0.153885 1.960869 0.082144
v -0.159096 1.930104 0.206891
v -0.117273 1.937374 0.013992
v -0.127757 1.913655 0.061548
v -0.147038 1.895925 0.124302
v -0.114015 1.862471 0.613349
v -0.128630 1.889213 0.565490
v -0.167246 1.847855 0.613860
v -0.157584 1.838833 0.606241
v -0.169290 1.862472 0.613349
v -0.114347 1.916658 0.203842
v -0.128865 1.933935 0.205761
v -0.143782 1.936841 0.205774
v -0.126640 1.882236 0.222285
v -0.117304 1.885186 0.278868
v -0.119416 1.827720 0.676982
v -0.119306 1.872772 0.625075
v -0.144445 1.804541 0.644784
v -0.152355 1.824605 0.632430
v -0.144615 1.864045 0.665302
v -0.141653 1.878462 0.636436
v -0.137120 1.834577 0.605127
v -0.146080 1.840390 0.681888
v -0.122846 1.804853 0.652276
v -0.124699 1.828218 0.635475
v -0.166514 1.829087 0.671156
v -0.163324 1.856964 0.659352
v -0.161760 1.872018 0.632045
v -0.116766 1.846685 0.609056
v -0.139054 1.572989 0.682428
v -0.147026 1.586774 0.704397
v -0.148864 1.575638 0.683900
v -0.168638 1.832810 0.655457
v -0.128383 1.592985 0.697677
v -0.161874 1.806862 0.653602
v -0.134374 1.712399 0.699231
v -0.149313 1.772288 0.652741
v -0.155458 1.776460 0.691294
v -0.158915 1.673133 0.692660
v -0.138859 1.977375 0.304475
v -0.122123 1.903946 0.288712
v -0.100802 2.067234 0.072176
v -0.104620 2.020854 0.098164
v -0.130217 2.050361 0.081192
v -0.138335 1.996829 0.126909
v -0.143905 1.904290 0.287077
v -0.138142 1.941589 0.198757
v -0.123690 2.077895 0.072575
v -0.153158 2.061085 0.090442
v -0.160943 2.008906 0.135544
v -0.092145 1.937272 0.291698
v -0.168405 2.076530 0.106336
v -0.178563 2.023968 0.161512
v -0.115784 1.973695 0.306251
v -0.151613 2.093521 0.086597
v -0.178295 2.072553 0.143210
v -0.163063 1.967457 0.296142
v -0.171917 1.961271 0.271489
v -0.176156 2.056331 0.185788
v -0.106663 1.940006 0.338595
v -0.165327 2.108446 0.113253
v -0.167264 2.110489 0.146352
v -0.160755 1.999432 0.259406
v -0.155915 2.126243 0.128138
v -0.155512 2.100935 0.184611
v -0.163168 1.923497 0.269877
v -0.128717 1.957149 0.341056
v -0.146279 2.134410 0.148073
v -0.132686 2.109411 0.193981
v -0.165531 1.955407 0.208778
v -0.125447 2.140594 0.158793
v -0.099255 2.104461 0.202190
v -0.108050 1.939681 0.200332
v -0.101470 2.140540 0.162304
v -0.076009 2.122054 0.173490
v -0.090611 1.969937 0.280777
v -0.079240 2.135891 0.151200
v -0.058188 2.108180 0.164539
v -0.066843 2.071250 0.202873
v -0.052947 2.013194 0.191211
v -0.170913 1.940008 0.329197
v -0.071648 1.975116 0.185915
v -0.163740 1.903201 0.336041
v -0.059434 2.033439 0.120700
v -0.061329 2.079373 0.091508
v -0.077821 2.049464 0.087748
v -0.083717 1.995706 0.133206
v -0.110856 1.978345 0.142448
v -0.080734 2.077527 0.078235
v -0.188564 1.910239 0.640704
v -0.204300 1.920748 0.615001
v -0.119808 1.926993 0.400138
v -0.136081 1.944993 0.392826
v -0.152070 1.945638 0.435466
v -0.193963 1.931054 0.522566
v -0.175934 1.926993 0.391934
v -0.173837 1.895275 0.462520
v -0.112214 1.906778 0.351308
v -0.149620 1.944834 0.528601
v -0.160829 1.943171 0.393838
v -0.137361 1.895426 0.445819
v -0.143865 1.889770 0.368634
v -0.151240 1.890924 0.456312
v -0.203648 1.983466 0.969366
v -0.199406 1.991807 0.887977
v -0.243870 1.958369 0.928054
v -0.258670 1.985446 0.963971
v -0.139925 1.931054 0.530466
v -0.219106 1.999403 0.883381
v -0.164312 1.950966 0.522074
v -0.178817 1.948820 0.523533
v -0.166304 1.909627 0.612673
v -0.154501 1.919530 0.609733
v -0.239731 1.980934 1.032521
v -0.279060 1.897620 1.170933
v -0.258014 1.973248 0.966475
v -0.208803 1.996158 0.951401
v -0.251763 1.942923 1.001878
v -0.227352 1.998762 0.989528
v -0.234591 1.951569 0.965948
v -0.229060 2.003494 0.951087
v -0.221594 1.952897 0.931606
v -0.261220 1.976536 1.018161
v -0.214387 1.956747 0.970599
v -0.252013 1.995302 0.967690
v -0.202796 1.963659 0.933023
v -0.280309 1.811512 1.298162
v -0.289453 1.818702 1.304654
v -0.303396 1.801322 1.293433
v -0.309516 1.808608 1.300140
v -0.217162 1.969139 1.027336
v -0.228422 1.977157 1.033046
v -0.231176 1.940668 1.003026
v -0.210705 1.960804 0.994472
v -0.171363 1.973748 0.629970
v -0.100802 2.147046 0.481181
v -0.104620 2.094307 0.487907
v -0.130217 2.128024 0.483221
v -0.138336 2.061266 0.505562
v -0.149660 1.933785 0.602018
v -0.138142 1.983137 0.551492
v -0.123690 2.156782 0.485543
v -0.153158 2.134503 0.495815
v -0.160943 2.069230 0.518091
v -0.085030 1.978851 0.630430
v -0.085975 1.960166 0.601727
v -0.168405 2.142871 0.516336
v -0.178563 2.073471 0.547810
v -0.130297 1.976257 0.664079
v -0.151613 2.166019 0.504397
v -0.178295 2.125374 0.549037
v -0.176156 2.094386 0.582440
v -0.106663 1.929299 0.680560
v -0.165327 2.169874 0.534703
v -0.167264 2.159372 0.566158
v -0.160754 2.014057 0.629391
v -0.152916 1.974682 0.658154
v -0.155915 2.180801 0.555169
v -0.155512 2.136186 0.598054
v -0.157207 1.990110 0.558902
v -0.127123 1.943274 0.689331
v -0.146279 2.180908 0.576712
v -0.132685 2.140535 0.609916
v -0.169856 1.974434 0.590255
v -0.125447 2.182627 0.588969
v -0.099255 2.132870 0.615674
v -0.108050 1.980778 0.552238
v -0.101470 2.181262 0.592203
v -0.076010 2.159931 0.595652
v -0.079240 2.181109 0.580167
v -0.058188 2.150419 0.582156
v -0.066843 2.101821 0.603869
v -0.052948 2.052357 0.571313
v -0.170913 1.932820 0.671846
v 0.078435 2.234811 1.546866
v -0.103049 1.966130 0.658863
v -0.071648 2.019035 0.552142
v -0.169232 1.896850 0.672171
v -0.059434 2.097537 0.513517
v -0.061329 2.151060 0.503652
v -0.077821 2.124738 0.488964
v -0.083717 2.057866 0.510980
v -0.110856 2.038308 0.513047
v -0.080734 2.154320 0.490654
v -0.202686 1.811404 0.917763
v -0.118512 1.897780 0.726739
v -0.134618 1.918122 0.725264
v -0.157642 1.891806 0.788111
v -0.193963 1.852097 0.847788
v -0.175934 1.897256 0.725144
v -0.185415 1.818680 0.853731
v -0.159316 1.866852 0.706057
v -0.112214 1.893727 0.679904
v -0.133167 1.889195 0.772840
v -0.150274 1.863144 0.858814
v -0.160013 1.913119 0.730795
v -0.184140 1.864504 0.853867
v -0.137360 1.847806 0.763284
v -0.151240 1.839700 0.771328
v -0.129000 1.887752 0.662918
v -0.229363 1.719568 1.233630
v -0.208474 1.723202 1.240555
v -0.201818 1.745750 1.265170
v -0.203461 1.778906 1.197984
v -0.244562 1.727326 1.232953
v -0.139925 1.849139 0.855112
v -0.175064 1.855606 0.913374
v -0.175038 1.794573 0.924247
v -0.156479 1.805304 0.936119
v -0.203046 1.687232 1.321810
v -0.209627 1.740682 1.291797
v -0.255659 1.690768 1.315125
v -0.257643 1.734987 1.271184
v -0.255636 1.728025 1.264298
v -0.220172 1.709392 1.335168
v -0.231983 1.705145 1.266430
v -0.229474 1.740317 1.304887
v -0.227266 1.758558 1.272310
v -0.249349 1.737645 1.297929
v -0.243979 1.761457 1.254426
v -0.211648 1.708079 1.272971
v -0.252977 1.702220 1.325856
v -0.202611 1.727634 1.265293
v -0.195298 1.413344 1.538386
v -0.185101 1.445753 1.522769
v -0.194056 1.451619 1.533353
v -0.227711 1.537431 1.458746
v -0.245397 1.699913 1.281801
v -0.208583 1.509365 1.491492
v -0.222634 1.681600 1.295967
v -0.211319 1.683844 1.302222
v 0.006712 2.252045 1.689588
v 0.065467 2.216675 1.547118
v 0.046821 2.212185 1.662181
v 0.048834 2.204610 1.584394
v 0.025687 2.202217 1.586181
v 0.040056 2.204953 1.538816
v 0.020499 2.215342 1.503374
v 0.075023 2.256721 1.715421
v -0.054972 2.051222 -0.390242
v -0.053932 2.023543 -0.432364
v -0.053932 2.092067 0.096927
v -0.053932 2.160801 0.513431
v 0.079499 2.276794 1.554491
v 0.043043 2.276289 1.842295
v 0.067567 2.281597 1.505727
v 0.069962 2.220431 1.626897
v 0.064694 2.296887 1.556281
v 0.044050 2.307981 1.556389
v 0.039649 2.306616 1.511443
v 0.021377 2.308971 1.560276
v 0.019462 2.209927 1.632629
v 0.001131 2.303967 1.527825
v -0.003306 2.297032 1.568650
v -0.023698 2.282092 1.522490
v -0.034112 2.252263 1.566465
v 0.044486 2.247182 1.814185
v 0.001230 2.223399 1.635017
v -0.000900 2.217328 1.519383
v -0.001059 2.211153 1.552834
v 0.000395 2.227195 1.500762
v 0.083644 2.327869 2.194192
v 0.071887 2.347740 2.235334
v 0.079900 2.346478 2.171400
v 0.073377 2.308705 2.016494
v 0.082627 2.304515 2.020278
v 0.075096 2.269059 1.841812
v 0.085625 2.298023 2.054931
v 0.056023 2.285012 1.972745
v 0.062317 2.306059 2.023507
v 0.067000 2.279445 1.836970
v 0.069955 2.250522 1.819154
v 0.069323 2.302158 2.083198
v 0.076047 2.291298 2.046901
v -0.158661 3.112722 2.890489
v 0.097644 3.107498 2.892334
v 0.074620 2.925125 2.899235
v 0.086810 3.111143 2.896520
v 0.083664 3.013670 2.917519
v 0.075709 3.112697 2.890274
v -0.176493 3.105649 2.875580
v -0.180095 3.011037 2.897896
v 0.100737 3.009819 2.906168
v -0.174613 2.923090 2.884894
v -0.161729 3.014663 2.915655
v -0.182289 3.106138 2.886064
v -0.156948 3.215140 2.829642
v 0.097676 2.918126 2.903010
v 0.096959 2.921709 2.887492
v -0.159226 3.109943 2.876642
v -0.157835 3.016330 2.900089
v 0.099074 3.105780 2.881775
v -0.180097 3.010538 2.912245
v 0.076618 3.110711 2.877975
v 0.086354 3.014098 2.892311
v -0.182384 3.209425 2.833985
v 0.080877 3.208553 2.819321
v 0.090871 2.669963 2.739635
v 0.095660 2.739634 2.820377
v 0.076379 2.660769 2.757247
v 0.075037 2.520536 2.602571
v 0.083028 3.216293 2.839703
v -0.172475 3.110713 2.897171
v -0.174130 2.918654 2.907293
v -0.182305 2.919104 2.893102
v 0.080501 2.926104 2.885371
v 0.089819 3.106627 2.873610
v -0.161749 2.926092 2.886434
v 0.074325 3.016863 2.904151
v -0.177304 3.206019 2.821647
v -0.169707 2.670553 2.739533
v -0.169729 2.752990 2.802901
v 0.075975 2.667832 2.745676
v 0.078379 2.752850 2.807478
v -0.179868 2.588008 2.666013
v -0.161543 2.658071 2.758568
v 0.091504 2.752094 2.803284
v -0.182309 2.745101 2.810133
v -0.181713 2.662564 2.744909
v -0.181436 2.578655 2.673776
v -0.173502 2.738896 2.824240
v -0.157963 2.746577 2.820333
v 0.074393 3.215497 2.828140
v -0.168440 2.575086 2.682802
v -0.176791 2.654128 2.757563
v -0.156660 2.665993 2.748902
v -0.158363 2.751185 2.810067
v 0.098656 2.586725 2.667156
v 0.099770 2.704681 2.785278
v 0.095193 2.575317 2.679680
v 0.092667 2.653558 2.758471
v 0.078678 2.579637 2.681740
v 0.082627 2.740773 2.824396
v -0.157886 2.259398 1.708060
v -0.104098 2.206923 1.523496
v -0.116935 2.220903 1.496733
v -0.126703 2.210178 1.520863
v -0.136583 2.206787 1.584857
v -0.124192 2.248868 1.812944
v -0.148196 2.216880 1.547933
v -0.038962 2.244855 1.536567
v -0.058972 2.281434 1.512631
v -0.069809 2.262201 1.485772
v -0.009036 2.275640 1.491727
v -0.139088 2.227448 1.501289
v -0.157682 2.239723 1.520876
v -0.166590 2.247030 1.579527
v -0.133016 2.279336 1.770086
v -0.110191 2.282607 1.683425
v -0.128301 2.285201 1.680994
v -0.123384 2.271838 1.848163
v -0.161680 2.261076 1.522604
v -0.150876 2.258992 1.499227
v -0.156694 2.282111 1.525143
v -0.160314 2.277080 1.579002
v -0.145008 2.278809 1.678902
v -0.151523 2.271390 1.746419
v -0.132023 2.281230 1.840245
v -0.147003 2.296962 1.555673
v -0.139560 2.297652 1.510680
v -0.127400 2.307588 1.557114
v -0.152823 2.247961 1.789274
v -0.122490 2.307381 1.513490
v -0.105294 2.309292 1.559681
v -0.101668 2.209254 1.630017
v -0.102846 2.309326 1.515579
v -0.080732 2.299970 1.561837
v -0.084154 2.302988 1.516513
v -0.096886 2.249709 1.716090
v -0.048760 2.248832 1.562660
v -0.086041 2.220714 1.633316
v -0.067028 2.230215 1.519726
v -0.103314 2.271188 1.709609
v -0.065226 2.243366 1.502532
v -0.083635 2.213418 1.525515
v -0.084596 2.210524 1.577455
v -0.157318 2.321868 2.166496
v -0.157850 2.380951 2.341399
v -0.152188 2.343075 2.176166
v -0.167099 2.345653 2.170938
v -0.176561 2.333259 2.171337
v -0.168076 2.318143 2.155305
v -0.165517 2.301562 2.013442
v -0.158038 2.271014 1.855089
v -0.167222 2.295403 2.045259
v -0.138731 2.287371 1.977927
v -0.144709 2.306059 2.023507
v -0.152296 2.277734 1.836563
v -0.156700 2.308896 2.017406
v -0.127205 2.214222 1.671724
v -0.152559 2.278996 1.989913
v -0.168389 2.838791 2.851692
v -0.155986 2.836005 2.866334
v 0.082786 2.830106 2.874246
v 0.074400 2.810976 2.855929
v 0.094747 2.827995 2.871850
v -0.182307 2.831579 2.859909
v 0.077170 2.416451 2.384666
v -0.181498 2.404231 2.393730
v 0.074617 2.445449 2.474276
v -0.174743 2.465720 2.481773
v -0.173488 2.827919 2.874719
v 0.099843 2.830506 2.861449
v -0.169349 2.360034 2.296612
v -0.176481 2.374713 2.277372
v -0.175236 2.416416 2.380708
v 0.095982 2.400970 2.394432
v 0.095149 2.463476 2.482522
v 0.088328 2.418177 2.380450
v 0.090889 2.366083 2.246972
v -0.181695 2.465437 2.516274
v -0.175741 2.524011 2.577143
v -0.158085 2.521105 2.582222
v 0.098386 2.380245 2.319767
v 0.082992 2.448771 2.501048
v 0.078433 2.839079 2.856261
v 0.094619 2.448073 2.496731
v 0.092392 2.360747 2.292958
v 0.089463 2.525190 2.576967
v 0.099944 2.481336 2.537112
v -0.156162 2.391511 2.337660
v -0.158151 2.463204 2.486215
v -0.159244 2.512209 2.594332
v 0.074255 2.376383 2.279142
v -0.162441 2.417665 2.382321
v -0.162312 2.378248 2.276512
v -0.048892 2.256457 1.565858
v -0.172910 3.542018 2.497881
v -0.159247 3.556530 2.466465
v 0.092943 3.616632 2.376669
v 0.079003 3.615864 2.381396
v -0.163664 3.544761 2.492053
v -0.157570 3.322472 2.740424
v -0.161501 3.427613 2.635090
v 0.085397 3.415297 2.617280
v 0.098688 3.436598 2.604913
v -0.181379 3.445049 2.597637
v -0.182296 3.317070 2.736284
v 0.099263 3.319510 2.741420
v 0.097269 3.457756 2.596059
v -0.173886 3.325581 2.746188
v -0.179069 3.514603 2.525594
v -0.178395 3.429575 2.631198
v 0.089825 3.504514 2.511541
v 0.080523 3.430515 2.631841
v 0.075166 3.494538 2.545800
v 0.076414 3.324914 2.739958
v 0.090518 3.430035 2.634331
v 0.084844 3.313820 2.726851
v -0.164850 3.435721 2.596460
v -0.175092 3.434635 2.598753
v 0.087480 3.325835 2.746225
v 0.087532 3.538090 2.503740
v -0.158245 3.437337 2.603859
v 0.059069 2.341279 1.312005
v 0.119854 2.396894 1.313124
v 0.120977 2.341725 1.323587
v 0.080873 2.289296 1.358094
v 0.076821 2.490930 1.369233
v 0.097870 2.354011 1.309966
v 0.092320 2.394804 1.303512
v 0.073905 2.323196 1.320268
v 0.137545 2.458736 1.357803
v 0.159496 2.405756 1.349544
v 0.114969 2.293655 1.370711
v 0.147515 2.350833 1.341655
v 0.119336 2.311051 1.346971
v 0.140800 2.396338 1.327270
v 0.159678 2.448531 1.390362
v 0.177051 2.405757 1.401381
v 0.174872 2.359338 1.408572
v 0.165715 2.335472 1.402118
v 0.103844 2.281630 1.394086
v 0.166758 2.358143 1.368776
v 0.172020 2.401054 1.373030
v 0.158181 2.334526 1.371527
v 0.142961 2.310298 1.377115
v 0.162954 2.418956 1.453383
v 0.145417 2.308820 1.427284
v 0.128735 2.294068 1.420273
v 0.161859 2.333852 1.433081
v 0.149705 2.461464 1.423696
v 0.173910 2.374910 1.436272
v 0.129757 2.333225 1.481248
v 0.095140 2.305938 1.477085
v 0.094102 2.496417 1.413913
v 0.154786 2.343787 1.461716
v 0.141890 2.380151 1.488512
v 0.131314 2.433935 1.485488
v 0.093741 2.279677 1.427294
v 0.107120 2.488874 1.436974
v 0.124047 2.304819 1.456697
v 0.161840 2.394936 1.465043
v 0.132736 2.474876 1.435695
v 0.085553 2.340210 1.504747
v 0.098937 2.287976 1.448237
v 0.117287 2.359612 1.500461
v 0.109913 2.392747 1.508107
v 0.099395 2.333509 1.497377
v 0.119263 2.421811 1.497834
v 0.020393 2.355911 1.496814
v 0.065645 2.287206 1.454878
v 0.075251 2.480465 1.467095
v 0.062272 2.306217 1.480352
v 0.047743 2.330927 1.497046
v 0.046577 2.389197 1.512919
v 0.069611 2.370829 1.514433
v -0.001292 2.321874 1.454254
v 0.008967 2.333942 1.478538
v -0.008749 2.380150 1.478566
v -0.001674 2.434405 1.472369
v 0.049218 2.487698 1.449565
v 0.031258 2.305944 1.468869
v 0.016441 2.396503 1.499728
v -0.026349 2.431868 1.418493
v -0.012259 2.320050 1.423548
v 0.005686 2.300839 1.422482
v 0.018868 2.484589 1.415472
v 0.029354 2.290148 1.440296
v -0.022120 2.352612 1.447353
v -0.030268 2.391308 1.442179
v -0.006908 2.455099 1.440498
v 0.046910 2.494580 1.426077
v -0.018070 2.421812 1.455940
v 0.026305 2.487181 1.393299
v 0.002679 2.469016 1.384623
v -0.016426 2.339686 1.367883
v 0.010454 2.297179 1.391018
v 0.043524 2.279525 1.403442
v -0.020378 2.334225 1.389980
v -0.030686 2.397902 1.377810
v -0.035094 2.378634 1.409318
v -0.029886 2.350463 1.400612
v 0.046534 2.304983 1.341069
v 0.002580 2.444753 1.347418
v 0.025710 2.474690 1.359615
v 0.001009 2.352663 1.334386
v -0.013275 2.418956 1.351638
v 0.011996 2.314816 1.353407
v 0.003751 2.407146 1.327836
v -0.017183 2.380157 1.349027
v 0.050198 2.494935 1.387210
v 0.087273 2.304820 1.338511
v 0.071598 2.276021 1.408427
v 0.038006 2.289710 1.367880
v 0.024299 2.394796 1.312595
v 0.057104 2.380136 1.302117
v 0.028181 2.341776 1.320453
v -0.154158 2.426040 1.307911
v -0.140855 2.396053 1.302596
v -0.184197 2.469937 1.343220
v -0.191759 2.438689 1.321104
v -0.171602 2.287420 1.364864
v -0.144357 2.288525 1.359639
v -0.166476 2.378319 1.302387
v -0.155928 2.458643 1.325218
v -0.153504 2.275998 1.398163
v -0.185267 2.340549 1.316056
v -0.160217 2.342290 1.311303
v -0.222397 2.469756 1.386227
v -0.238753 2.418956 1.351637
v -0.251088 2.404133 1.365860
v -0.200211 2.286807 1.400884
v -0.192768 2.287101 1.381804
v -0.216511 2.333943 1.337901
v -0.239333 2.379355 1.344172
v -0.194425 2.485043 1.375314
v -0.219033 2.311526 1.364870
v -0.216757 2.367234 1.323625
v -0.218308 2.476910 1.408855
v -0.255680 2.418956 1.401627
v -0.253778 2.351397 1.388571
v -0.260188 2.380141 1.397446
v -0.244060 2.444753 1.390047
v -0.173984 2.278929 1.395815
v -0.240573 2.334526 1.371527
v -0.219875 2.299855 1.400348
v -0.219147 2.469009 1.440601
v -0.229821 2.446265 1.458576
v -0.250688 2.353387 1.441550
v -0.209520 2.296925 1.435863
v -0.179494 2.280454 1.425085
v -0.237566 2.318665 1.420721
v -0.171676 2.480616 1.463946
v -0.194220 2.469009 1.468869
v -0.206306 2.439482 1.486724
v -0.188251 2.296925 1.459953
v -0.221953 2.325349 1.466497
v -0.196438 2.483677 1.440937
v -0.234226 2.380151 1.478567
v -0.169973 2.326499 1.496609
v -0.157787 2.296925 1.470180
v -0.158256 2.281216 1.441516
v -0.200245 2.362221 1.502024
v -0.196885 2.324013 1.484931
v -0.114847 2.487206 1.437119
v -0.137235 2.475602 1.471815
v -0.108877 2.347238 1.497746
v -0.096935 2.323860 1.475518
v -0.128221 2.296296 1.463642
v -0.137069 2.280454 1.433779
v -0.137906 2.318783 1.491059
v -0.130503 2.423262 1.506811
v -0.153934 2.462153 1.487813
v -0.119574 2.380150 1.509288
v -0.151887 2.367512 1.513913
v -0.095925 2.470595 1.449871
v -0.079531 2.440318 1.465740
v -0.057203 2.402263 1.452444
v -0.068384 2.354403 1.464742
v -0.093771 2.304291 1.447195
v -0.112589 2.287739 1.432045
v -0.094741 2.394795 1.496946
v -0.073643 2.394803 1.478567
v -0.081803 2.468736 1.417490
v -0.067442 2.453434 1.403800
v -0.052189 2.418956 1.414813
v -0.047499 2.380157 1.401321
v -0.057720 2.341279 1.395747
v -0.093082 2.296296 1.413661
v -0.123367 2.280454 1.406394
v -0.049202 2.378616 1.427723
v -0.063842 2.328137 1.420784
v -0.070890 2.334198 1.451461
v -0.120390 2.487235 1.374169
v -0.077675 2.442204 1.354206
v -0.057789 2.425073 1.376552
v -0.054048 2.382207 1.369849
v -0.068383 2.354402 1.351699
v -0.094387 2.299868 1.379114
v -0.129420 2.281187 1.386929
v -0.095843 2.480390 1.397741
v -0.078058 2.310733 1.393163
v -0.108847 2.420828 1.316242
v -0.100577 2.387444 1.315814
v -0.079535 2.329011 1.354693
v -0.100866 2.352602 1.321403
v -0.106461 2.301563 1.359395
v -0.073643 2.394802 1.337873
v -0.153935 2.308714 1.331891
v -0.167890 2.486832 1.361700
v -0.192335 2.305190 1.347431
v -0.132764 2.352752 1.308654
v -0.121345 2.315097 1.333405
v -0.244112 2.542845 0.085504
v 0.139721 2.703372 -1.087403
v 0.188604 2.626011 -1.079565
v 0.161250 2.543040 0.104655
v -0.104902 1.983895 0.609315
v -0.148724 2.010146 0.707799
v 0.108571 1.980058 0.284263
v -0.273304 2.513846 0.813818
v -0.275445 2.527493 0.600082
v -0.221582 1.989432 -0.564830
v -0.300190 2.373692 1.025368
v -0.147086 1.967112 0.111001
v -0.190662 1.979682 0.299010
v -0.339953 2.098371 -0.534099
v -0.126441 2.776855 -1.018535
v -0.189326 2.513925 1.402142
v -0.326877 2.104958 -1.251741
v -0.332260 2.070725 -0.827130
v -0.209073 1.077229 -1.840459
v 0.077527 2.230107 1.701210
v 0.018665 1.985783 0.622510
v 0.219320 2.483340 0.622458
v -0.318054 2.032124 -0.171529
v -0.306210 2.138089 0.307729
v -0.205531 2.190298 1.287876
v -0.122103 2.324465 1.708242
v -0.262118 2.131160 0.796070
v -0.189108 2.318063 1.553397
v 0.257198 2.094132 -0.519899
v 0.208321 2.042398 0.098810
v 0.213337 2.125732 0.390036
v 0.238662 2.061423 -1.043618
v -0.143644 2.224099 1.741829
v -0.103326 2.234322 1.814926
v 0.022328 2.779332 -1.164061
v 0.022427 2.761645 -1.298318
v -0.137913 2.502873 1.597993
v 0.055521 2.502874 1.597993
v -0.118791 2.486855 1.561479
v 0.021965 2.486603 1.615884
v -0.239967 2.299591 -1.904462
v -0.236987 2.575014 -1.559552
v -0.285925 2.450997 -1.623111
v 0.159098 2.343449 -1.862576
v 0.192286 2.194216 -1.930688
v 0.232709 2.025464 -1.353958
v 0.157010 2.575939 -1.549992
v 0.021251 2.681847 -1.543289
v 0.021093 2.622538 -1.653205
v 0.248343 2.063020 -1.495650
v -0.104756 2.553768 -1.752218
v -0.263033 1.951454 -2.054819
v 0.027588 2.437387 -1.880087
v 0.045385 2.297215 -1.987305
v -0.313638 1.574086 -1.729008
v -0.120626 1.686597 -1.561118
v -0.143587 2.427662 1.502979
v -0.094848 2.416129 1.540057
v -0.094806 2.439225 1.516424
v -0.142647 2.459736 1.486638
v -0.096113 2.460453 1.507199
v 0.231246 1.574085 -1.729009
v 0.142666 1.950801 -2.103685
v -0.320473 1.676418 -1.882982
v -0.065710 2.240535 1.843951
v -0.060652 2.256053 1.845585
v -0.329043 2.090799 -1.831587
v 0.242187 1.115670 -2.023600
v -0.324579 1.115670 -2.023600
v 0.184544 1.007972 -1.937797
v 0.172227 1.315976 -2.179877
v 0.147649 1.029753 -2.219407
v 0.044834 1.224561 -2.288802
v 0.022570 0.997025 -2.285329
v -0.221727 1.238374 -2.228192
v -0.245343 1.044312 -2.204650
v -0.247503 1.436990 -2.172927
v -0.242302 1.986469 -1.268046
v -0.224063 1.916800 -1.355242
v 0.067846 1.985712 -1.229779
v -0.149746 1.980176 -0.880773
v -0.179672 2.016680 -1.226722
v 0.157428 1.984548 -1.268300
v 0.141630 1.916913 -1.354985
v -0.237189 1.834530 -1.479796
v -0.225439 1.757465 -1.515857
v -0.110068 1.664095 -1.570866
v 0.175337 1.987917 -1.019151
v 0.147637 1.981834 -1.104997
v -0.271535 0.985895 -1.860349
v -0.276034 1.122319 -1.836537
v -0.182687 -0.040115 -1.707850
v -0.241113 0.016194 -1.741679
v 0.151412 1.833429 -1.478346
v 0.142949 1.757646 -1.515660
v 0.040302 1.671866 -1.572581
v 0.096143 1.658862 -1.582417
v -0.258999 0.569120 -1.801355
v -0.243408 0.308843 -1.708177
v -0.251468 0.619271 -1.911578
v 0.143640 1.559669 -1.630237
v 0.081173 1.357701 -1.734802
v 0.137749 1.335479 -1.747973
v -0.184378 -0.076884 -1.772000
v -0.242349 -0.010976 -1.782956
v -0.243654 0.007086 -1.821754
v -0.171610 -0.058242 -1.822676
v 0.193633 1.121470 -1.836837
v 0.189070 0.994817 -1.859960
v 0.076064 -0.047572 -1.679911
v 0.160464 0.021217 -1.741856
v 0.191028 0.596151 -2.085032
v 0.127259 0.260348 -2.010246
v 0.163796 0.374404 -1.843658
v -0.096814 2.499165 1.692300
v 0.176499 0.551190 -1.795150
v 0.160638 0.299829 -1.705982
v 0.045913 0.524185 -2.167175
v 0.049277 0.304979 -2.067580
v 0.030910 0.115265 -1.962683
v 0.055640 1.600548 -1.288907
v 0.044593 1.699934 -1.407845
v 0.056576 1.106741 -1.122875
v 0.067262 1.122951 -1.140521
v 0.072624 1.133086 -1.112064
v 0.051181 1.135012 -1.108104
v 0.039831 1.131793 -1.125692
v 0.047442 1.125352 -1.139002
v 0.125035 1.804364 -1.557462
v 0.116466 1.770502 -1.560550
v 0.095967 1.785357 -1.553942
v 0.094322 1.808574 -1.542047
v 0.112561 1.824772 -1.532749
v 0.143912 1.820526 -1.534340
v 0.156150 1.793252 -1.546765
v 0.142228 1.773891 -1.557473
v 0.072505 1.345439 -1.190214
v 0.051214 1.274292 -1.315174
v 0.042254 1.516485 -1.463469
v 0.032893 1.576720 -1.594564
v 0.050541 1.043337 -1.209311
v 0.062836 1.056703 -1.228286
v 0.061456 1.072222 -1.199664
v 0.033718 1.067524 -1.216231
v 0.042903 1.057896 -1.229755
v 0.110612 1.652863 -1.761668
v 0.099254 1.619860 -1.758389
v 0.080429 1.637375 -1.753600
v 0.101282 1.678207 -1.740399
v 0.132559 1.670554 -1.742716
v 0.141367 1.641044 -1.750557
v 0.125342 1.621431 -1.757086
v 0.068918 1.266069 -1.318348
v 0.039152 1.289069 -1.308638
v 0.129973 1.448158 -1.420177
v 0.159799 2.015155 -1.263371
v 0.049952 1.727613 -1.057893
v 0.042854 1.846583 -1.188622
v 0.053850 1.081538 -0.937173
v 0.067177 1.104005 -0.955832
v 0.073285 1.111767 -0.919614
v 0.057208 1.116452 -0.912429
v 0.040550 1.114949 -0.919663
v 0.033375 1.112393 -0.936861
v 0.042901 1.106692 -0.953915
v 0.143459 1.997035 -1.352254
v 0.145870 1.955207 -1.361503
v 0.115672 1.964803 -1.356924
v 0.103288 1.989418 -1.340679
v 0.124141 2.017034 -1.321401
v 0.162752 2.014471 -1.319165
v 0.181033 1.992383 -1.333247
v 0.173842 1.967023 -1.351361
v 0.073649 1.329758 -0.977542
v 0.156100 1.631428 -1.029649
v 0.207093 1.848530 -0.864319
v 0.219571 1.881908 -0.882439
v 0.208734 1.849862 -0.775746
v 0.157066 1.961477 -0.801448
v 0.161447 2.096535 -0.996507
v 0.061578 1.167346 -0.524364
v 0.074596 1.186584 -0.546520
v 0.081249 1.199929 -0.512068
v 0.065279 1.205706 -0.505463
v 0.048514 1.203110 -0.512117
v 0.041080 1.197896 -0.528589
v 0.050350 1.189574 -0.544679
v 0.143943 2.087792 -1.079369
v 0.118545 2.046925 -1.079330
v 0.103923 2.073081 -1.067399
v 0.115359 2.099567 -1.054076
v 0.137369 2.108650 -1.048126
v 0.160241 2.105593 -1.049076
v 0.180694 2.083601 -1.058729
v 0.176686 2.055118 -1.072645
v 0.150015 2.039106 -1.081618
v 0.080516 1.406120 -0.603506
v 0.161868 1.695746 -0.703587
v 0.141309 1.569683 -0.638690
v 0.174464 2.174925 -0.680280
v 0.063245 1.872923 -0.497542
v 0.057045 2.001282 -0.619115
v 0.066516 1.219662 -0.425153
v 0.079969 1.243451 -0.441993
v 0.085812 1.248499 -0.405256
v 0.069681 1.252639 -0.397858
v 0.053077 1.251681 -0.405304
v 0.046027 1.250412 -0.422696
v 0.055679 1.245992 -0.440057
v 0.158773 2.163464 -0.770380
v 0.133739 2.129771 -0.778955
v 0.118612 2.152249 -0.761925
v 0.135500 2.179481 -0.739895
v 0.174701 2.179811 -0.735048
v 0.195352 2.160118 -0.749375
v 0.191147 2.135681 -0.769549
v 0.164792 2.122677 -0.782220
v 0.086512 1.470193 -0.446816
v 0.169223 1.774888 -0.475759
v 0.147593 1.637326 -0.442070
v -0.150459 1.988708 -1.212099
v -0.141784 2.010201 -1.232107
v 0.100519 -0.077389 -1.779207
v 0.026270 -0.105249 -1.763087
v 0.048526 -0.083386 -1.809807
v 0.118529 -0.035620 -1.823849
v 0.158542 -0.012578 -1.783213
v -0.174835 1.873595 -1.433451
v -0.117351 1.864223 -1.443498
v -0.055696 2.486732 1.750569
v -0.122330 1.393612 -1.721854
v -0.115093 1.967965 -1.173226
v 0.250504 2.309443 0.517151
v -0.184028 0.039586 -1.620282
v -0.135571 -0.006726 -1.596738
v -0.192278 0.096436 -1.615454
v -0.143927 0.054754 -1.593583
v -0.107358 2.602778 0.060389
v -0.218344 0.369402 -1.704324
v -0.147580 0.288741 -1.662074
v -0.100306 2.642656 -0.345561
v 0.037888 2.331492 1.707819
v 0.006259 2.278309 1.713868
v -0.172475 2.618883 0.781406
v -0.107995 2.645225 0.666176
v -0.165430 1.159819 -1.148171
v -0.114154 1.214219 -1.130063
v -0.138968 1.106741 -1.122875
v -0.129834 1.125352 -1.139002
v -0.122223 1.131793 -1.125692
v -0.155016 1.133086 -1.112064
v -0.160233 1.128098 -1.125636
v -0.149654 1.122950 -1.140520
v -0.207427 1.804364 -1.557462
v -0.238008 1.790724 -1.548092
v -0.229013 1.818391 -1.535302
v -0.197687 1.825552 -1.532207
v -0.177854 1.810922 -1.540782
v -0.177137 1.787729 -1.552786
v -0.196075 1.771316 -1.560275
v -0.222133 1.772598 -1.558265
v -0.132803 1.176473 -1.156324
v -0.213317 1.522999 -1.248209
v -0.158888 1.091049 -1.244056
v -0.107862 1.147889 -1.234988
v -0.132933 1.043336 -1.209311
v -0.123499 1.058815 -1.228319
v -0.116110 1.067524 -1.216231
v -0.149131 1.071151 -1.203613
v -0.154120 1.063829 -1.216175
v -0.143292 1.056147 -1.229728
v -0.193004 1.652863 -1.761668
v -0.223759 1.641043 -1.750557
v -0.214950 1.670554 -1.742717
v -0.183674 1.678206 -1.740399
v -0.163714 1.662324 -1.745906
v -0.162820 1.637374 -1.753600
v -0.181646 1.619860 -1.758389
v -0.207734 1.621432 -1.757086
v -0.126104 1.106059 -1.254469
v -0.123849 1.455956 -1.392510
v -0.120467 1.361299 -1.301335
v -0.190438 1.517360 -1.365332
v -0.267490 1.711849 -1.020465
v -0.160095 1.163660 -0.966393
v -0.105859 1.213096 -0.929166
v -0.170680 1.149570 -0.956815
v -0.136242 1.081538 -0.937173
v -0.125293 1.106692 -0.953915
v -0.115767 1.112393 -0.936861
v -0.122942 1.114949 -0.919663
v -0.144832 1.127387 -0.907496
v -0.155677 1.111767 -0.919615
v -0.162276 1.107872 -0.936792
v -0.149569 1.104005 -0.955832
v -0.225851 1.997035 -1.352254
v -0.256234 1.967024 -1.351361
v -0.263425 1.992383 -1.333247
v -0.245143 2.014471 -1.319165
v -0.206532 2.017034 -1.321400
v -0.185680 1.989418 -1.340679
v -0.198064 1.964803 -1.356924
v -0.228262 1.955207 -1.361503
v -0.135635 1.336827 -0.971695
v -0.129130 1.171469 -0.966744
v -0.228627 1.606443 -1.021797
v -0.138931 1.576185 -0.925609
v -0.289485 1.848530 -0.864319
v -0.167817 1.248465 -0.567531
v -0.171086 1.931137 -0.774145
v -0.113585 1.298572 -0.536651
v -0.178037 1.231400 -0.554968
v -0.143970 1.167346 -0.524364
v -0.132742 1.189574 -0.544679
v -0.123471 1.197896 -0.528589
v -0.130906 1.203110 -0.512117
v -0.163641 1.199929 -0.512068
v -0.169981 1.193375 -0.528520
v -0.156988 1.186584 -0.546520
v -0.226334 2.087792 -1.079369
v -0.259078 2.055118 -1.072645
v -0.263085 2.083601 -1.058728
v -0.242633 2.105593 -1.049076
v -0.219761 2.108650 -1.048126
v -0.197751 2.099567 -1.054076
v -0.186315 2.073081 -1.067399
v -0.200937 2.046925 -1.079330
v -0.232407 2.039106 -1.081618
v -0.199074 1.769715 -0.807053
v -0.142587 1.414049 -0.598531
v -0.129845 1.568923 -0.577449
v -0.216341 1.769402 -0.624919
v -0.173473 1.308481 -0.447962
v -0.118418 1.350265 -0.407609
v -0.183461 1.288960 -0.439435
v -0.148908 1.219662 -0.425153
v -0.138071 1.245993 -0.440057
v -0.128419 1.250412 -0.422696
v -0.135469 1.251681 -0.405304
v -0.168204 1.248499 -0.405256
v -0.174928 1.245891 -0.422627
v -0.162361 1.243451 -0.441993
v -0.241165 2.163464 -0.770380
v -0.278388 2.144726 -0.761810
v -0.266997 2.174707 -0.739822
v -0.228578 2.182582 -0.735091
v -0.204564 2.167231 -0.749484
v -0.204043 2.142436 -0.769652
v -0.227438 2.124597 -0.782249
v -0.259266 2.125578 -0.778891
v -0.148453 1.476811 -0.440607
v -0.142082 1.771796 -0.444761
v -0.234245 1.750478 -0.476212
v -0.134788 1.622715 -0.384763
v -0.019336 2.342015 1.742657
v 0.001983 2.376070 1.623557
v -0.108816 2.262151 1.735928
v 0.101459 0.037168 -1.620622
v 0.109886 0.096437 -1.615454
v 0.057961 -0.019175 -1.604928
v 0.050775 0.044545 -1.590035
v 0.010270 -0.050523 -1.613478
v 0.129306 0.349600 -1.694347
v 0.070066 0.331424 -1.679294
v 0.071108 1.216895 -1.781877
v 0.062646 1.059773 -1.856565
v 0.021877 1.487158 -1.637893
v 0.018765 1.818268 -1.450104
v 0.020679 1.742573 -1.492684
v 0.022045 1.949038 -0.980164
v 0.022830 1.955668 -1.112539
v 0.018711 1.951315 -1.253894
v 0.022875 1.892783 -1.343674
v -0.105501 1.948284 -2.165313
v -0.150326 1.947368 -2.155391
v 0.098637 1.697616 -1.560662
v 0.034015 1.686908 -1.557849
v -0.227020 0.353843 -2.037993
v 0.061347 1.865623 -1.426273
v -0.223598 1.507830 -1.656673
v -0.014213 2.256357 1.843388
v -0.021969 2.487478 1.748712
v 0.061824 2.426817 1.503163
v 0.042496 2.461272 1.500620
v 0.021804 2.438668 1.513829
v 0.029150 2.261249 1.736864
v -0.127113 1.432080 -2.272300
v 0.093886 1.994517 -1.208823
v 0.039961 2.000381 -1.228829
v -0.091945 2.214118 1.791173
v 0.020167 2.611567 1.031466
v 0.017096 2.536846 1.458464
v 0.022610 2.640446 0.780197
v 0.015523 2.604100 0.021096
v 0.010051 2.613540 0.182361
v -0.244164 2.572411 -0.330996
v 0.024358 2.642927 -0.352067
v -0.237566 2.679327 -1.151177
v -0.296090 2.017656 -1.006600
v -0.230108 1.981932 -1.105423
v 0.069255 1.993089 -0.440250
v 0.091268 1.913640 -0.335687
v -0.171730 1.868195 -0.240943
v 0.161576 1.930763 0.417081
v 0.168607 1.905657 0.469582
v 0.124164 1.894599 0.457922
v 0.168734 1.596449 0.570680
v 0.161766 1.612311 0.564627
v 0.107346 2.152751 -0.184221
v 0.114062 2.048997 -0.101091
v 0.059261 2.217370 -0.164930
v 0.038537 2.195033 -0.189095
v 0.022389 2.205443 -0.165733
v 0.030610 2.217319 -0.139091
v 0.057868 2.222779 -0.126854
v 0.086053 2.218168 -0.137209
v 0.096424 2.206572 -0.163233
v 0.075928 2.194860 -0.191417
v 0.074747 1.875058 0.633839
v 0.074110 1.837401 0.678757
v 0.031821 1.831234 0.658583
v 0.061621 1.514174 0.700139
v 0.060622 1.529115 0.691883
v 0.069255 2.061614 0.089041
v 0.091268 1.982164 0.193604
v 0.161697 1.999555 0.947082
v 0.231214 1.757681 1.389520
v 0.069255 2.135518 0.494714
v 0.091268 2.022690 0.561911
v 0.141968 1.703846 1.267063
v 0.158230 1.758213 1.269326
v 0.121570 1.715438 1.281733
v 0.103976 1.369346 1.588708
v -0.033215 2.133568 0.517760
v -0.041155 2.110695 0.537244
v -0.031516 2.155217 0.569147
v 0.022463 2.194916 0.528372
v 0.025516 2.174031 0.495495
v -0.006976 2.179354 0.513798
v 0.026167 2.195046 0.566912
v 0.052674 2.193331 0.552291
v 0.056115 2.184340 0.515457
v -0.033215 2.068437 0.111141
v -0.041155 2.054526 0.137773
v -0.033803 2.104769 0.150691
v 0.022463 2.129294 0.098005
v 0.025516 2.097616 0.075343
v -0.008647 2.112157 0.092044
v 0.026167 2.143849 0.133690
v 0.052674 2.136783 0.120776
v 0.056114 2.114651 0.089990
v -0.033215 1.999913 -0.418150
v -0.041155 1.986002 -0.391518
v -0.038725 2.023221 -0.373909
v 0.022463 2.060770 -0.431286
v -0.006975 2.040883 -0.438971
v 0.026167 2.075325 -0.395601
v 0.052674 2.068259 -0.408515
v 0.059738 2.050486 -0.432025
v 0.034143 2.032363 -0.453390
v -0.103095 1.934890 -0.257968
v -0.092354 1.862459 -0.273444
v -0.137540 1.940060 -0.258705
v -0.239429 1.923391 0.353700
v -0.203695 1.903731 0.444993
v -0.211411 1.897306 0.469695
v -0.253974 1.891024 0.431706
v -0.250330 1.598424 0.574430
v -0.244158 1.612311 0.564627
v -0.257323 1.625096 0.556543
v -0.250213 1.630291 0.550044
v -0.251398 1.867250 0.451220
v -0.180837 1.981422 -0.022098
v -0.121667 2.053759 -0.028893
v -0.141653 2.217370 -0.164930
v -0.178525 2.205443 -0.165733
v -0.170303 2.217319 -0.139091
v -0.143046 2.222779 -0.126854
v -0.114861 2.218168 -0.137210
v -0.104490 2.206572 -0.163233
v -0.124985 2.194860 -0.191417
v -0.162377 2.195033 -0.189095
v -0.149576 2.056644 -0.025758
v -0.104490 2.045960 -0.038259
v -0.143211 1.890711 0.576247
v -0.161815 1.883913 0.570659
v -0.113252 1.843402 0.648108
v -0.114737 1.820969 0.665039
v -0.124155 1.859921 0.661852
v -0.142004 1.512952 0.697561
v -0.133342 1.542451 0.691952
v -0.138050 1.550197 0.705052
v -0.150223 1.544106 0.700163
v -0.151811 1.550362 0.693964
v -0.169551 1.907337 0.344175
v -0.103095 2.003414 0.271323
v -0.092354 1.930983 0.255847
v -0.137540 2.008584 0.270586
v -0.239223 1.991750 0.881644
v -0.251470 1.958597 0.966135
v -0.311771 1.760266 1.391076
v -0.296716 1.778006 1.344661
v -0.309942 1.783445 1.359889
v -0.315248 1.773453 1.365873
v -0.305657 1.775224 1.343902
v -0.115643 1.930086 0.602806
v -0.103095 2.013286 0.641932
v -0.137540 2.018355 0.643185
v -0.221411 1.778844 1.212636
v -0.244749 1.766463 1.204718
v -0.187831 1.367124 1.588613
v -0.185895 1.406382 1.548074
v -0.184969 1.402988 1.565718
v -0.200162 1.403317 1.565662
v -0.205399 1.420666 1.538090
v -0.044685 2.121311 0.525463
v -0.099113 2.193145 0.528930
v -0.138506 2.184340 0.515457
v -0.135066 2.193331 0.552291
v -0.108558 2.195046 0.566912
v -0.075600 2.189691 0.548886
v -0.107908 2.174031 0.495495
v -0.044685 2.059957 0.122873
v -0.099113 2.127862 0.099185
v -0.138506 2.114651 0.089990
v -0.135066 2.136783 0.120776
v -0.108559 2.143849 0.133690
v -0.073910 2.131097 0.115959
v -0.075416 2.109407 0.090320
v -0.107907 2.097616 0.075343
v -0.044685 1.991432 -0.406417
v -0.045062 2.014267 -0.367370
v -0.099113 2.059338 -0.430106
v -0.142130 2.050486 -0.432025
v -0.135066 2.068259 -0.408515
v -0.108559 2.075325 -0.395601
v -0.075600 2.063608 -0.410309
v -0.116535 2.032363 -0.453390
v 0.044044 2.280085 1.745004
v 0.019594 2.277871 1.687655
v 0.065894 2.273705 1.713429
v 0.051888 2.283938 1.686691
v 0.026275 2.268502 1.752018
v -0.167870 3.014308 2.893486
v 0.082758 2.920750 2.906839
v -0.157275 2.924200 2.900989
v -0.156468 2.586831 2.676227
v -0.165678 2.593880 2.664436
v -0.023290 2.243656 1.505917
v -0.033480 2.272537 1.541201
v 0.021692 2.266705 1.481797
v 0.025124 2.234807 1.486945
v -0.003685 2.250333 1.489718
v 0.025655 2.295618 1.495389
v 0.047580 2.284058 1.491737
v 0.050467 2.253250 1.485948
v -0.141440 2.215186 1.651484
v -0.156331 2.224730 1.618438
v 0.081310 2.361331 2.298120
v 0.081385 2.400721 2.401993
v 0.082660 2.594122 2.664306
v -0.168220 2.399655 2.400505
v -0.160761 2.451476 2.500971
v -0.174608 2.447494 2.498356
v -0.178919 2.363426 2.287273
v 0.079499 2.466156 2.483814
v -0.053803 2.240304 1.527383
v -0.052130 2.273352 1.547025
v -0.104084 2.266705 1.481797
v -0.132859 2.253249 1.485948
v -0.139726 2.284000 1.495660
v -0.108047 2.295618 1.495389
v -0.078812 2.280115 1.493839
v -0.087668 2.228263 1.495513
v -0.107515 2.234807 1.486946
v 0.075446 3.317515 2.732404
v -0.171757 3.311778 2.727715
v 0.096069 3.313271 2.730651
v -0.159213 3.317927 2.729692
v 0.087079 3.661719 2.324669
v -0.167360 3.659648 2.327305
v -0.163099 3.615164 2.377638
v -0.177784 3.616209 2.384595
v -0.168692 3.636437 2.367758
v 0.069269 2.481022 1.349529
v 0.064404 2.453904 1.322245
v 0.064707 2.427705 1.308238
v 0.135095 2.434197 1.335686
v 0.105861 2.478027 1.356487
v 0.124811 2.484005 1.398192
v 0.171746 2.421925 1.426743
v 0.148484 2.444386 1.458874
v 0.095172 2.441102 1.498866
v 0.111828 2.469010 1.468869
v 0.069287 2.462452 1.487763
v 0.073994 2.494576 1.438386
v 0.072165 2.423086 1.509805
v 0.058840 2.279222 1.429776
v 0.028364 2.434160 1.495405
v 0.035162 2.464777 1.476501
v 0.016357 2.473393 1.448072
v -0.014604 2.453257 1.409870
v -0.019428 2.439658 1.382608
v 0.036889 2.463261 1.338080
v 0.028524 2.432662 1.321146
v 0.075641 2.280439 1.377522
v -0.220499 2.424120 1.332248
v -0.183249 2.494776 1.405897
v -0.258668 2.396338 1.427723
v -0.245856 2.440729 1.426460
v -0.180692 2.494226 1.425253
v -0.152505 2.494220 1.440074
v -0.104559 2.456897 1.475155
v -0.065209 2.440728 1.438384
v -0.125635 2.494826 1.399163
v -0.092387 2.464300 1.360814
v -0.157824 2.495406 1.379916
v -0.114347 2.447652 1.326875
vn -0.8426 0.5384 0.0127
vn 0.8892 0.4529 -0.0648
vn 0.9121 0.4087 0.0309
vn 0.9137 0.4050 0.0335
vn 0.9115 0.4101 0.0300
vn 0.7197 0.6733 -0.1698
vn 0.6960 0.7180 -0.0040
vn 0.7478 0.6632 -0.0311
vn 0.8542 0.5199 -0.0079
vn 0.7766 0.6229 0.0944
vn 0.9142 0.4037 0.0344
vn 0.0472 -0.9986 -0.0241
vn 0.0465 -0.9986 -0.0256
vn 0.0486 -0.9985 -0.0249
vn 0.0167 -0.9998 0.0057
vn -0.1962 -0.9657 0.1701
vn -0.3291 -0.9386 0.1037
vn -0.9974 0.0716 0.0032
vn 0.1920 -0.9807 0.0364
vn 0.2123 -0.9770 0.0179
vn 0.4501 -0.8917 0.0478
vn -0.8752 0.4822 0.0396
vn -0.8943 0.4440 0.0556
vn -0.6697 0.7403 0.0584
vn -0.5845 0.8111 0.0213
vn -0.0084 -0.9992 -0.0383
vn -0.0462 -0.9985 -0.0279
vn -0.2196 -0.9708 0.0969
vn -0.0636 -0.9977 -0.0243
vn -0.3955 -0.9103 0.1222
vn 0.2187 -0.9672 0.1295
vn 0.3064 -0.9424 0.1342
vn 0.8389 0.5287 0.1294
vn 0.8961 0.4190 0.1468
vn 0.4688 -0.8648 0.1800
vn 0.4758 -0.8611 0.1790
vn 0.4731 -0.8626 0.1794
vn -0.9887 -0.0369 0.1453
vn -0.9737 -0.0581 0.2204
vn -0.9610 0.1782 0.2115
vn -0.0599 -0.0153 0.9981
vn -0.0554 0.8096 0.5843
vn -0.5420 -0.8331 0.1099
vn -0.2160 -0.9763 0.0152
vn 0.9826 0.1765 0.0582
vn 0.9992 0.0143 0.0382
vn 0.9999 -0.0014 0.0159
vn -0.8666 -0.4814 -0.1310
vn -0.9987 0.0517 -0.0013
vn -0.0370 0.9991 0.0187
vn -0.5525 0.8328 0.0338
vn -0.2717 0.9534 0.1311
vn -0.9849 0.1731 0.0006
vn -0.9771 0.2126 0.0021
vn -0.9141 0.4055 -0.0082
vn -0.9465 0.3219 0.0231
vn -0.6704 0.7319 0.1221
vn -0.7898 0.6020 0.1173
vn -0.8913 0.4307 0.1418
vn 0.6707 0.7316 0.1223
vn 0.9202 0.3239 0.2199
vn 0.9889 -0.0801 0.1249
vn 0.9685 0.1086 0.2242
vn 0.9740 0.1012 0.2028
vn -0.9968 -0.0773 -0.0189
vn -0.9483 -0.3151 -0.0374
vn -0.9986 -0.0490 -0.0186
vn -0.1112 -0.3581 0.9271
vn 0.1138 -0.2029 0.9726
vn 0.0951 -0.4282 0.8987
vn -0.0091 -0.4104 0.9119
vn 0.0062 -0.3711 0.9286
vn 0.8881 0.2440 0.3895
vn 0.8369 -0.2351 0.4943
vn 0.8703 -0.3620 0.3339
vn 0.8937 0.2807 0.3500
vn -0.1235 -0.3255 0.9374
vn 0.1769 -0.9700 0.1665
vn 0.2374 -0.9662 0.1001
vn -0.0027 -0.9861 0.1662
vn -0.0040 -0.9859 0.1671
vn -0.0128 -0.9848 0.1731
vn 0.8287 -0.5500 0.1038
vn 0.6640 0.7452 0.0620
vn 0.9148 0.3897 0.1066
vn -0.9347 -0.3415 0.0986
vn -0.7988 -0.5915 0.1099
vn -0.9722 -0.2314 0.0362
vn -0.9830 -0.1724 0.0624
vn -0.1702 0.9518 0.2552
vn -0.5632 0.7703 0.2990
vn -0.4361 0.8402 0.3223
vn 0.8277 -0.5377 0.1605
vn 0.9047 -0.3861 0.1800
vn 0.9552 0.2118 0.2067
vn 0.9552 0.2118 0.2069
vn 0.9534 0.2116 0.2152
vn -0.8461 -0.5088 0.1585
vn -0.8217 0.0659 0.5661
vn -0.8648 -0.4955 0.0817
vn -0.9715 -0.1611 0.1739
vn 0.9979 -0.0641 -0.0129
vn 0.9152 -0.3677 -0.1646
vn 0.9999 0.0033 -0.0108
vn 0.9380 -0.3194 0.1349
vn 0.9296 0.3672 0.0330
vn 0.9664 0.2572 0.0009
vn 0.9679 -0.2394 0.0769
vn 0.8919 -0.4386 0.1101
vn 0.7185 -0.6853 0.1187
vn 0.7167 -0.6875 0.1171
vn 0.7180 -0.6860 0.1182
vn 0.9660 -0.2559 -0.0376
vn -0.8916 -0.0093 0.4526
vn -0.9590 0.2064 0.1940
vn -0.9571 0.1992 0.2105
vn -0.9672 -0.1376 0.2137
vn -0.9728 -0.0911 0.2130
vn -0.7061 -0.5346 0.4643
vn -0.9595 -0.0148 0.2812
vn 0.5566 0.7974 -0.2331
vn 0.0127 0.9997 -0.0198
vn -0.7398 -0.6231 0.2540
vn -0.9000 -0.3318 0.2826
vn -0.6159 0.7297 0.2971
vn -0.9244 0.2809 0.2579
vn -0.9254 0.2768 0.2588
vn -0.9248 0.2794 0.2583
vn 0.7288 -0.6443 0.2317
vn 0.9043 0.0011 0.4269
vn 0.9186 0.3042 0.2523
vn 0.6495 0.7228 0.2363
vn 0.2452 -0.9680 0.0541
vn 0.7040 -0.6556 0.2730
vn 0.2792 -0.9584 0.0590
vn 0.0133 -0.9991 -0.0391
vn -0.0057 -0.9999 0.0102
vn -0.9339 -0.3344 0.1266
vn -0.9979 -0.0602 0.0249
vn -0.8255 -0.4999 0.2621
vn -0.8300 -0.5118 0.2218
vn -0.8462 0.3441 -0.4068
vn -0.9086 0.1769 -0.3783
vn -0.7454 0.4816 -0.4609
vn 0.2973 -0.8991 0.3213
vn 0.2412 -0.8075 0.5382
vn 0.0196 -0.8722 0.4888
vn -0.8776 0.4417 -0.1861
vn -0.7047 0.6012 -0.3768
vn 0.7181 0.4148 -0.5588
vn 0.6999 0.3869 -0.6003
vn 0.8039 0.4349 -0.4057
vn 0.5593 0.4233 -0.7127
vn 0.9819 -0.1794 0.0608
vn 0.8486 0.4520 -0.2749
vn 0.8716 0.4633 -0.1600
vn 0.9024 0.3493 -0.2523
vn 0.6449 0.5804 -0.4972
vn 0.6878 0.6473 -0.3284
vn 0.2393 0.9030 -0.3569
vn 0.0118 0.8290 -0.5591
vn -0.0278 -0.8833 0.4679
vn -0.1318 -0.7490 0.6494
vn -0.4905 0.6066 -0.6257
vn 1.0000 -0.0044 -0.0014
vn 1.0000 -0.0044 -0.0018
vn 1.0000 -0.0044 0.0040
vn 0.9987 -0.0482 0.0134
vn 1.0000 -0.0086 0.0041
vn -0.0102 0.7613 -0.6483
vn -0.1942 0.7392 -0.6448
vn -0.7454 0.1668 -0.6454
vn -0.5834 0.3313 -0.7416
vn -0.8410 0.0968 -0.5322
vn -0.9022 0.0708 -0.4254
vn -0.9035 0.0707 -0.4226
vn -0.9043 0.0707 -0.4211
vn 0.2409 0.4863 -0.8399
vn -0.0092 0.6781 -0.7349
vn 0.4118 0.5249 -0.7449
vn -0.9405 -0.1491 0.3052
vn -0.9978 -0.0407 0.0521
vn -0.9893 -0.0860 0.1180
vn -0.9893 -0.0858 0.1178
vn -0.9893 -0.0857 0.1177
vn -0.2062 -0.9034 0.3759
vn -0.0085 -0.8733 0.4872
vn -0.1185 -0.8620 0.4929
vn -0.2602 -0.8763 0.4054
vn -0.9998 -0.0108 0.0180
vn 0.9786 -0.1234 0.1648
vn -0.2895 -0.6748 0.6788
vn 0.9499 -0.1361 0.2814
vn 0.9892 -0.0864 0.1182
vn 0.9893 -0.0861 0.1180
vn 0.9892 -0.0866 0.1185
vn 0.9981 -0.0400 0.0476
vn 0.9981 -0.0389 0.0479
vn 0.9978 -0.0483 0.0457
vn 0.8144 0.1391 -0.5634
vn 0.8037 0.1738 -0.5691
vn 0.9300 0.0493 -0.3643
vn -0.4882 0.6771 0.5507
vn -0.4759 -0.4997 0.7238
vn -0.0248 -0.0967 0.9950
vn -0.9796 0.1308 -0.1525
vn -0.9704 0.0925 -0.2231
vn 0.9998 0.0119 -0.0184
vn 0.9864 0.0224 -0.1625
vn 0.9865 0.0220 -0.1621
vn 0.9861 0.0238 -0.1643
vn -0.9998 0.0119 -0.0184
vn -0.9929 0.0250 -0.1163
vn -0.9928 0.0263 -0.1166
vn -0.9923 0.0358 -0.1188
vn -0.8726 0.0057 0.4884
vn 0.9489 -0.1872 0.2540
vn 0.9594 -0.1556 0.2351
vn 0.9064 -0.0510 0.4193
vn 0.8167 -0.0589 0.5741
vn 0.7499 0.0599 -0.6588
vn 0.8254 0.0071 -0.5645
vn 0.7787 0.0925 -0.6206
vn 0.6287 -0.0269 -0.7772
vn 0.2650 -0.0406 -0.9634
vn 0.4244 0.1271 -0.8965
vn 0.0237 0.0681 -0.9974
vn -0.7679 0.0773 -0.6359
vn -0.8293 0.0470 -0.5569
vn -0.8297 0.0334 -0.5571
vn -0.8297 0.0338 -0.5571
vn -0.6477 0.1351 -0.7498
vn -0.6589 -0.0920 -0.7466
vn -0.8883 0.0857 -0.4512
vn -0.6050 -0.7052 0.3696
vn -0.4860 -0.7896 0.3746
vn -0.2801 -0.8427 0.4598
vn -0.3461 -0.7669 0.5404
vn 0.0230 -0.5957 0.8028
vn 0.0996 -0.7556 0.6475
vn -0.1515 -0.9593 0.2384
vn -0.0057 -0.9964 0.0848
vn -0.1559 -0.9836 0.0904
vn -0.3350 -0.9337 0.1263
vn -0.2561 -0.5561 0.7907
vn 0.0040 0.4096 0.9122
vn 0.5315 -0.7594 0.3753
vn 0.3809 -0.7614 0.5246
vn 0.5535 -0.7622 0.3357
vn -0.6211 -0.4733 0.6246
vn -0.5432 -0.4663 0.6982
vn 0.2168 -0.9384 0.2692
vn 0.0158 -0.9922 0.1235
vn 0.3583 -0.9294 0.0890
vn -0.0656 0.3744 0.9250
vn -0.1261 -0.1540 0.9800
vn -0.2454 -0.0740 0.9666
vn 0.0019 0.7442 0.6679
vn 0.3747 -0.9247 0.0668
vn 0.3571 -0.9328 -0.0491
vn -0.7215 -0.2074 0.6606
vn -0.3279 0.0080 0.9447
vn 0.1056 -0.2908 0.9509
vn -0.7162 0.1309 0.6855
vn -0.9287 -0.3208 0.1861
vn -0.5110 0.0007 0.8596
vn -0.0566 -0.2404 0.9690
vn 0.5629 -0.4677 0.6815
vn 0.4683 -0.5472 0.6937
vn -0.9726 0.0645 0.2234
vn 0.3373 -0.1804 0.9239
vn -0.7727 0.1816 0.6082
vn -0.9652 -0.0740 -0.2509
vn -0.6538 0.1831 0.7342
vn -0.9099 0.0895 0.4050
vn 0.6055 -0.3503 0.7146
vn 0.5099 -0.3656 0.7787
vn 0.4102 -0.2886 0.8651
vn 0.3878 -0.4876 0.7822
vn 0.5393 -0.4378 0.7193
vn 0.5369 -0.4357 0.7224
vn 0.5397 -0.4382 0.7188
vn -0.8730 -0.1445 -0.4658
vn -0.9856 -0.1684 -0.0136
vn 0.0004 -0.2391 0.9710
vn 0.0017 -0.2344 0.9721
vn 0.0013 -0.2359 0.9718
vn 0.1605 -0.1678 0.9727
vn 0.2429 -0.2451 0.9386
vn 0.5357 -0.0025 0.8444
vn -0.3184 -0.8892 0.3285
vn -0.6173 -0.6751 -0.4039
vn -0.3431 -0.7312 0.5896
vn -0.7212 -0.5685 0.3958
vn -0.4869 -0.5272 -0.6964
vn -0.8661 -0.0141 -0.4996
vn -0.9827 0.0567 -0.1762
vn 0.7184 -0.2095 0.6634
vn 0.9689 -0.0428 -0.2436
vn 0.7350 -0.5669 0.3720
vn 0.3318 -0.9338 0.1340
vn 0.7853 -0.0104 0.6190
vn 0.7021 -0.3081 -0.6419
vn 0.6888 -0.2080 -0.6945
vn 0.7996 -0.1337 -0.5855
vn 0.7993 -0.1337 -0.5858
vn 0.8002 -0.1339 -0.5846
vn 0.7053 -0.3677 -0.6061
vn 0.6058 -0.4186 -0.6766
vn 0.9021 0.0951 0.4209
vn 0.9673 -0.0113 0.2533
vn 0.5523 0.2661 0.7900
vn -0.9888 0.1316 -0.0703
vn -0.9981 0.0581 -0.0220
vn -0.9625 0.2563 -0.0885
vn 0.0023 0.9896 0.1438
vn -0.1392 0.9779 0.1560
vn 0.6583 0.2173 0.7207
vn 0.9457 -0.1004 -0.3090
vn 0.4217 0.1855 0.8875
vn 0.8668 0.1173 0.4847
vn 0.9513 -0.0303 0.3068
vn 0.9924 -0.1019 -0.0691
vn 0.2186 -0.4883 -0.8449
vn 0.4016 -0.2903 -0.8686
vn 0.1759 -0.5516 -0.8154
vn 0.5457 -0.7763 -0.3155
vn 0.3609 -0.7573 -0.5443
vn -0.7829 0.0644 0.6188
vn -0.7285 0.2041 0.6539
vn -0.7273 0.2059 0.6547
vn -0.7323 0.1988 0.6513
vn -0.7237 0.0212 0.6898
vn 0.7798 -0.5823 -0.2300
vn 0.8694 -0.4529 -0.1976
vn 0.7551 -0.5828 -0.3001
vn -0.9333 0.0779 0.3506
vn -0.9356 0.1067 0.3365
vn 0.9678 0.0405 0.2484
vn 0.9586 0.1953 0.2071
vn 0.9744 -0.0119 0.2245
vn 0.9860 -0.1503 -0.0716
vn 0.9864 -0.1484 -0.0711
vn 0.9872 -0.1431 -0.0696
vn -0.0581 0.0490 0.9971
vn -0.1254 -0.0126 0.9920
vn 0.7775 0.4385 0.4508
vn 0.8923 0.3860 -0.2339
vn 0.9289 0.3585 0.0927
vn 0.9914 0.1024 0.0820
vn 0.2033 -0.1954 -0.9594
vn 0.4817 0.6676 0.5678
vn 0.4729 0.5101 0.7185
vn 0.4718 0.5103 0.7190
vn 0.4761 0.5094 0.7168
vn 0.8522 0.4939 0.1727
vn 0.7457 0.6528 0.1334
vn 0.7613 0.6403 -0.1024
vn 0.9672 -0.2109 0.1413
vn 0.0856 0.7740 0.6274
vn -0.1294 0.6198 0.7740
vn 0.5192 0.7491 0.4115
vn -0.3548 0.7457 0.5639
vn -0.3578 0.7442 0.5640
vn -0.3481 0.7491 0.5636
vn -0.5362 0.5279 0.6586
vn 0.0357 0.9573 0.2869
vn -0.9985 0.0203 0.0510
vn -0.4069 0.8224 0.3976
vn -0.8970 0.3545 0.2641
vn -0.5552 0.8234 0.1170
vn -0.7593 0.6266 0.1756
vn 0.7214 -0.0585 0.6900
vn 0.7414 -0.0014 0.6710
vn 0.5366 -0.1050 0.8373
vn -0.9686 -0.2275 -0.1001
vn -0.8243 0.5515 0.1282
vn -0.9504 0.2993 0.0844
vn 0.7994 -0.2221 -0.5582
vn -0.4523 -0.7046 -0.5468
vn -0.9963 0.0436 -0.0744
vn -0.9963 0.0415 -0.0749
vn -0.9961 0.0496 -0.0727
vn 0.2115 -0.3323 -0.9192
vn 0.7750 -0.2915 0.5607
vn -0.7473 -0.1231 0.6530
vn -0.9885 -0.1450 0.0439
vn -0.9045 -0.2419 -0.3511
vn -0.5376 -0.2577 -0.8029
vn -0.6643 -0.6642 -0.3429
vn -0.6526 -0.6024 -0.4596
vn -0.8891 -0.3529 -0.2914
vn -0.1055 -0.7975 -0.5940
vn -0.6016 -0.6644 -0.4434
vn 0.9798 -0.1699 -0.1052
vn -0.2207 -0.8273 -0.5166
vn -0.4074 -0.1335 -0.9034
vn -0.8865 -0.0243 -0.4622
vn -0.8344 -0.1664 -0.5254
vn -0.0953 -0.5982 -0.7957
vn -0.2751 -0.2368 -0.9318
vn 0.8830 -0.2887 -0.3701
vn 0.8411 -0.4619 -0.2815
vn 0.6074 0.1152 0.7860
vn -0.5295 0.4172 0.7386
vn -0.3439 0.3043 0.8883
vn -0.3442 0.3037 0.8884
vn -0.3418 0.3081 0.8878
vn 0.5390 -0.5268 -0.6573
vn 0.4661 -0.6443 -0.6064
vn 0.3285 -0.4413 -0.8350
vn 0.9618 -0.0480 0.2693
vn 0.8824 0.1062 0.4583
vn 0.8775 0.1056 0.4678
vn 0.8810 0.1060 0.4611
vn 0.8962 0.0547 0.4402
vn 0.1312 -0.3324 -0.9340
vn -0.0010 0.5130 0.8584
vn -0.0873 0.3743 0.9232
vn -0.9262 0.1976 0.3213
vn -0.6063 -0.4427 -0.6607
vn 0.4841 0.3258 0.8121
vn 0.2843 0.3013 0.9102
vn 0.5338 -0.8201 -0.2064
vn -0.7722 0.1743 0.6110
vn -0.7174 0.3180 0.6198
vn -0.7161 0.3199 0.6203
vn -0.7212 0.3123 0.6183
vn -0.6837 0.1311 0.7179
vn 0.7079 -0.6649 -0.2383
vn 0.4341 -0.8550 -0.2838
vn -0.6614 -0.2231 -0.7161
vn 0.9476 -0.3175 0.0347
vn 0.9632 -0.2680 0.0197
vn 0.7935 -0.5725 -0.2062
vn -0.8890 0.1523 0.4319
vn -0.9075 0.1904 0.3743
vn 0.9720 0.0817 0.2204
vn 0.9620 0.2291 0.1482
vn 0.9781 0.0260 0.2063
vn 0.9849 -0.1621 -0.0605
vn 0.9852 -0.1602 -0.0604
vn 0.9861 -0.1550 -0.0599
vn -0.0409 0.2249 0.9735
vn -0.1716 0.1414 0.9750
vn 0.8169 0.4994 0.2887
vn 0.9209 0.3883 0.0345
vn 0.9805 0.1823 0.0741
vn 0.1874 -0.3675 -0.9109
vn 0.8536 0.5166 0.0673
vn 0.7041 0.7098 -0.0192
vn 0.9698 -0.1843 0.1598
vn 0.0956 0.8732 0.4780
vn -0.0699 0.7470 0.6611
vn 0.6192 0.7345 0.2777
vn 0.6189 0.7349 0.2772
vn 0.6175 0.7371 0.2746
vn -0.3519 0.8315 0.4298
vn -0.3490 0.8330 0.4294
vn -0.3587 0.8281 0.4308
vn -0.5255 0.6371 0.5639
vn -0.9974 0.0325 0.0636
vn -0.9974 0.0718 0.0048
vn -0.4139 0.8754 0.2496
vn -0.8927 0.3973 0.2125
vn -0.6050 0.7962 0.0009
vn -0.7570 0.6492 0.0749
vn -0.6260 0.7294 -0.2757
vn 0.7333 0.0633 0.6770
vn 0.7529 0.1161 0.6478
vn 0.5511 0.0440 0.8333
vn -0.9680 -0.2469 -0.0443
vn -0.8226 0.5670 0.0426
vn -0.7845 0.5177 -0.3413
vn -0.9492 0.3112 0.0464
vn 0.7900 -0.3189 -0.5237
vn -0.8384 -0.5155 -0.1770
vn -0.8958 -0.4111 -0.1690
vn -0.9975 0.0316 -0.0638
vn -0.9975 0.0294 -0.0640
vn -0.9973 0.0377 -0.0632
vn 0.1974 -0.5157 -0.8337
vn 0.7275 -0.1850 0.6607
vn -0.9874 -0.1331 0.0858
vn -0.9112 -0.3149 -0.2657
vn -0.5475 -0.3858 -0.7425
vn -0.6693 -0.7132 -0.2084
vn -0.4969 -0.7759 -0.3887
vn -0.8936 -0.3973 -0.2089
vn -0.7981 0.3009 -0.5219
vn -0.6083 -0.7313 -0.3083
vn 0.9781 -0.1876 -0.0902
vn 0.1494 -0.9561 -0.2521
vn 0.0932 -0.8971 -0.4320
vn -0.1894 -0.9192 -0.3454
vn -0.3058 -0.3111 -0.8998
vn -0.8528 -0.1456 -0.5015
vn -0.8321 -0.4028 -0.3813
vn -0.7622 -0.3264 -0.5589
vn -0.8736 -0.1383 -0.4667
vn 0.8768 -0.3513 -0.3283
vn 0.6217 0.2252 0.7502
vn 0.6217 0.2261 0.7499
vn 0.6214 0.2339 0.7477
vn -0.5172 0.5423 0.6621
vn -0.3289 0.4574 0.8262
vn -0.3293 0.4568 0.8264
vn -0.3269 0.4610 0.8250
vn -0.9634 -0.1120 -0.2435
vn 0.5287 -0.6335 -0.5650
vn 0.3650 -0.7766 -0.5135
vn 0.3147 -0.5828 -0.7492
vn 0.9666 -0.0006 0.2562
vn 0.8766 0.2221 0.4268
vn 0.1473 -0.4886 -0.8600
vn 0.0273 0.6604 0.7504
vn -0.0718 0.5320 0.8437
vn -0.9207 0.2530 0.2971
vn -0.4957 -0.6180 -0.6102
vn 0.4419 0.5434 0.7138
vn 0.3306 0.4473 0.8310
vn 0.5342 -0.7258 -0.4335
vn 0.0661 -0.7801 -0.6222
vn -0.7571 -0.0123 0.6532
vn -0.7369 0.1178 0.6656
vn -0.7357 0.1194 0.6667
vn -0.7407 0.1128 0.6623
vn -0.6445 -0.0848 0.7599
vn 0.7180 -0.5641 -0.4079
vn 0.4848 -0.3604 -0.7969
vn 0.5073 -0.6917 -0.5140
vn 0.9635 -0.2660 -0.0308
vn 0.9372 -0.3430 -0.0637
vn 0.9677 -0.2511 -0.0235
vn 0.7529 -0.1684 -0.6362
vn 0.8021 -0.4862 -0.3467
vn -0.9015 0.0162 0.4324
vn -0.9478 0.0081 0.3188
vn -0.9191 0.0716 0.3875
vn 0.9569 0.0318 0.2885
vn 0.9651 0.1469 0.2167
vn 0.9637 -0.0281 0.2655
vn 0.8970 0.1010 -0.4304
vn 0.9758 -0.1854 -0.1163
vn -0.1549 -0.0620 0.9860
vn -0.1349 -0.1405 0.9808
vn -0.1379 -0.1414 0.9803
vn -0.1272 -0.1382 0.9822
vn 0.8055 0.3848 0.4507
vn 0.8833 0.4315 -0.1833
vn 0.9175 0.3557 0.1779
vn 0.9759 0.1529 0.1556
vn 0.1324 -0.0637 -0.9892
vn 0.1696 -0.1377 -0.9758
vn 0.8486 0.4683 0.2461
vn 0.7433 0.6294 0.2266
vn 0.7612 0.6475 -0.0359
vn 0.9578 -0.1365 0.2528
vn 0.8752 -0.1709 0.4526
vn 0.9482 -0.2533 0.1920
vn 0.0425 0.6665 0.7443
vn -0.0928 0.5111 0.8545
vn 0.6253 0.6063 0.4913
vn 0.4455 0.8880 0.1143
vn 0.7889 -0.1816 -0.5871
vn -0.3661 0.6646 0.6513
vn -0.3243 0.6990 0.6374
vn -0.4803 0.4672 0.7423
vn 0.1534 0.8972 0.4142
vn 0.0452 0.8127 0.5809
vn -0.9997 0.0192 0.0144
vn -0.9965 0.0703 -0.0446
vn -0.4492 0.7524 0.4817
vn -0.9090 0.3046 0.2845
vn -0.6088 0.7609 0.2246
vn -0.7621 0.5989 0.2460
vn -0.6228 0.7823 -0.0106
vn 0.7742 -0.1598 0.6125
vn 0.6955 -0.0627 0.7158
vn 0.5264 -0.2145 0.8227
vn -0.9990 -0.0328 -0.0318
vn -0.9650 -0.2178 -0.1458
vn -0.8264 0.5307 0.1884
vn -0.7981 0.5772 -0.1729
vn -0.9432 0.3105 0.1183
vn 0.8346 -0.1465 -0.5310
vn -0.8302 -0.4340 -0.3498
vn -0.8883 -0.3367 -0.3122
vn -0.8600 0.2711 -0.4322
vn -0.9908 -0.0127 -0.1345
vn 0.1522 -0.2338 -0.9603
vn 0.5714 -0.2727 -0.7741
vn 0.7682 -0.3624 0.5278
vn -0.7014 -0.1942 0.6858
vn -0.9080 -0.1978 0.3695
vn -0.9871 -0.1546 -0.0428
vn -0.8998 -0.1936 -0.3911
vn -0.5271 -0.1507 -0.8363
vn -0.6672 -0.6178 -0.4160
vn -0.4814 -0.6166 -0.6229
vn -0.7688 -0.0197 -0.6392
vn -0.8490 -0.3821 -0.3650
vn -0.5432 -0.2613 -0.7979
vn 0.9681 -0.1502 -0.2007
vn 0.1110 -0.7210 -0.6840
vn -0.2653 -0.3940 -0.8800
vn -0.3279 -0.0296 -0.9443
vn -0.2953 -0.0167 -0.9553
vn -0.7895 0.0240 -0.6133
vn -0.8220 -0.2677 -0.5027
vn -0.8144 -0.0878 -0.5736
vn 0.9851 -0.1681 -0.0358
vn 0.7433 -0.2717 -0.6113
vn 0.6277 -0.0322 0.7778
vn -0.4814 0.3235 0.8146
vn -0.3554 0.1864 0.9159
vn -0.3558 0.1858 0.9159
vn -0.3533 0.1902 0.9160
vn 0.5483 -0.4342 -0.7147
vn 0.3839 -0.5856 -0.7140
vn 0.4213 -0.2080 -0.8827
vn 0.2907 -0.3251 -0.8999
vn 0.8652 0.0763 0.4955
vn 0.0019 0.4013 0.9159
vn -0.0993 0.2510 0.9629
vn -0.9496 0.1367 0.2823
vn -0.4751 -0.4086 -0.7793
vn -0.7357 -0.2086 -0.6444
vn -0.7457 0.2490 0.6180
vn 0.4410 0.2264 0.8685
vn 0.4035 0.3041 0.8629
vn 0.3037 0.1725 0.9370
vn 0.5535 -0.7205 -0.4177
vn 0.1729 -0.7529 -0.6350
vn -0.7470 0.0915 0.6585
vn -0.7268 0.2219 0.6500
vn -0.7255 0.2237 0.6508
vn -0.7306 0.2165 0.6476
vn -0.6327 0.0366 0.7735
vn 0.8184 -0.5359 -0.2074
vn 0.9762 -0.2142 0.0348
vn 0.7295 -0.2720 -0.6275
vn -0.8948 0.0852 0.4382
vn -0.9428 0.0595 0.3280
vn -0.9131 0.1328 0.3854
vn 0.9566 0.0407 0.2885
vn 0.9617 -0.0635 -0.2665
vn 0.9622 -0.0601 -0.2656
vn 0.9616 -0.0645 -0.2668
vn 0.8850 0.0064 -0.4656
vn -0.1398 0.0938 0.9857
vn -0.1198 0.0154 0.9927
vn -0.1228 0.0144 0.9923
vn -0.1120 0.0180 0.9935
vn 0.9672 0.2541 0.0071
vn 0.9669 0.2549 0.0073
vn 0.9673 0.2536 0.0070
vn 0.9293 0.3115 -0.1983
vn 0.1173 -0.2185 -0.9688
vn 0.1585 -0.2481 -0.9557
vn 0.4932 0.5926 0.6369
vn 0.4225 0.6652 0.6157
vn 0.4905 0.6750 0.5512
vn 0.7440 0.5597 0.3649
vn 0.7902 0.4876 0.3713
vn 0.9720 -0.0955 0.2147
vn 0.8822 -0.0990 0.4604
vn 0.9512 -0.2214 0.2149
vn 0.0296 0.7651 0.6433
vn -0.0053 0.7936 0.6085
vn 0.5333 0.8112 0.2401
vn -0.3866 0.6603 0.6439
vn -0.5053 0.5350 0.6771
vn 0.1468 0.8425 0.5183
vn 0.1381 0.7991 0.5851
vn -0.9994 0.0226 0.0265
vn -0.9972 0.0639 -0.0399
vn -0.5414 0.6713 0.5062
vn -0.3719 0.8788 0.2991
vn -0.9694 0.1494 0.1946
vn -0.9245 0.2270 0.3062
vn -0.6514 0.6573 0.3790
vn 0.7836 -0.0627 0.6181
vn 0.7050 0.0488 0.7075
vn 0.5391 -0.0835 0.8381
vn -0.9788 -0.1916 -0.0729
vn -0.9024 0.4053 0.1465
vn -0.8772 0.4629 -0.1272
vn 0.8264 -0.2285 -0.5147
vn -0.8843 -0.3767 -0.2757
vn -0.9877 0.0896 -0.1281
vn -0.9069 0.1474 -0.3947
vn 0.1377 -0.3819 -0.9139
vn 0.5597 -0.3917 -0.7303
vn 0.7765 -0.2761 0.5664
vn -0.6906 -0.0831 0.7184
vn -0.9020 -0.1360 0.4097
vn -0.9874 -0.1579 -0.0029
vn -0.9055 -0.2513 -0.3420
vn -0.5397 -0.2794 -0.7941
vn -0.4906 -0.7005 -0.5182
vn -0.9159 -0.1861 -0.3557
vn -0.8058 -0.0637 -0.5887
vn -0.7581 -0.2975 -0.5803
vn -0.8803 -0.3212 -0.3490
vn -0.6261 -0.4104 -0.6630
vn -0.6293 -0.4092 -0.6607
vn -0.6254 -0.4107 -0.6635
vn 0.9661 -0.1824 -0.1825
vn 0.1790 -0.8625 -0.4734
vn 0.1838 -0.8624 -0.4716
vn 0.1859 -0.8624 -0.4708
vn 0.1768 -0.8625 -0.4742
vn 0.0355 -0.8122 -0.5823
vn -0.2793 -0.5744 -0.7694
vn -0.3358 -0.1615 -0.9280
vn -0.8102 -0.0693 -0.5821
vn -0.8375 -0.3296 -0.4358
vn -0.8230 -0.1756 -0.5402
vn -0.2771 -0.2568 -0.9259
vn 0.8171 -0.3507 -0.4576
vn 0.9036 -0.3736 -0.2097
vn 0.6104 0.1094 0.7845
vn 0.6104 0.1103 0.7844
vn 0.6101 0.1184 0.7834
vn -0.4487 0.5180 0.7283
vn -0.3419 0.3278 0.8807
vn 0.5377 -0.5419 -0.6459
vn 0.3770 -0.6756 -0.6336
vn 0.6256 -0.3343 -0.7049
vn 0.3820 -0.4636 -0.7995
vn 0.9628 -0.0400 0.2674
vn 0.8783 0.1558 0.4520
vn 0.0410 -0.3662 -0.9296
vn -0.0953 0.4005 0.9113
vn -0.9241 0.2073 0.3211
vn -0.4866 -0.5253 -0.6981
vn -0.7453 -0.3061 -0.5923
vn 0.4540 0.3593 0.8154
vn 0.4164 0.4353 0.7982
vn 0.3179 0.3171 0.8935
vn 0.5536 -0.6969 -0.4559
vn -0.7618 -0.0607 0.6450
vn -0.7418 0.0681 0.6672
vn -0.7405 0.0696 0.6684
vn -0.7455 0.0634 0.6635
vn -0.6499 -0.1409 0.7468
vn 0.7879 -0.5219 -0.3268
vn 0.7856 -0.5246 -0.3281
vn 0.7862 -0.5239 -0.3277
vn 0.7885 -0.5212 -0.3264
vn 0.4907 -0.3002 -0.8180
vn 0.9744 -0.2220 -0.0371
vn 0.7575 -0.1208 -0.6416
vn 0.7623 -0.5109 -0.3974
vn -0.9046 -0.0158 0.4259
vn -0.9501 -0.0154 0.3116
vn -0.9219 0.0427 0.3851
vn 0.9548 0.0102 0.2970
vn 0.9656 -0.0531 0.2545
vn 0.9000 0.1326 -0.4152
vn 0.9714 -0.1924 -0.1390
vn -0.1620 -0.1351 0.9775
vn -0.1419 -0.2130 0.9667
vn -0.1449 -0.2139 0.9660
vn -0.1342 -0.2107 0.9683
vn 0.8021 0.3501 0.4839
vn 0.8844 0.4438 -0.1444
vn 0.9161 0.3413 0.2105
vn 0.9734 0.1479 0.1750
vn 0.1395 0.0099 -0.9902
vn 0.1805 -0.0220 -0.9833
vn 0.4164 0.5931 0.6891
vn 0.8466 0.4485 0.2864
vn 0.7414 0.6107 0.2782
vn 0.7612 0.6483 0.0178
vn 0.9672 -0.1445 0.2087
vn 0.8720 -0.2042 0.4449
vn 0.9468 -0.2670 0.1795
vn 0.0525 0.6124 0.7888
vn -0.0747 0.7058 0.7044
vn -0.0816 0.4255 0.9013
vn 0.6226 0.5677 0.5386
vn 0.6227 0.5672 0.5391
vn 0.6234 0.5585 0.5472
vn 0.4443 0.8769 0.1832
vn -0.3250 0.5494 0.7698
vn -0.4512 0.5902 0.6694
vn -0.3508 0.6625 0.6619
vn -0.4859 0.4108 0.7715
vn 0.1406 0.8679 0.4765
vn -0.9998 0.0182 0.0086
vn -0.9962 0.0736 -0.0465
vn -0.4529 0.7146 0.5331
vn -0.9111 0.2828 0.2997
vn -0.6107 0.7422 0.2762
vn -0.7641 0.5791 0.2843
vn -0.6230 0.7810 0.0431
vn 0.7698 -0.2050 0.6045
vn 0.6889 -0.1168 0.7154
vn 0.5205 -0.2752 0.8083
vn -0.9987 -0.0302 -0.0413
vn -0.9639 -0.2062 -0.1685
vn -0.8279 0.5153 0.2213
vn -0.7971 0.5886 -0.1352
vn -0.9441 0.3010 0.1343
vn 0.8383 -0.1058 -0.5348
vn -0.8275 -0.4066 -0.3871
vn -0.8859 -0.3125 -0.3428
vn -0.8570 0.3026 -0.4171
vn -0.9898 -0.0025 -0.1422
vn 0.1592 -0.1618 -0.9739
vn 0.5771 -0.2145 -0.7880
vn 0.7645 -0.4008 0.5049
vn -0.7062 -0.2445 0.6644
vn -0.9105 -0.2245 0.3472
vn -0.9867 -0.1508 -0.0613
vn -0.8969 -0.1638 -0.4109
vn -0.5210 -0.0880 -0.8490
vn -0.6558 -0.5794 -0.4839
vn -0.4766 -0.5714 -0.6682
vn -0.7641 0.0280 -0.6444
vn -0.8824 -0.2847 -0.3746
vn -0.5373 -0.2012 -0.8190
vn -0.5912 -0.5593 -0.5811
vn 0.9705 -0.1377 -0.1979
vn 0.1156 -0.6714 -0.7321
vn -0.2588 -0.3275 -0.9087
vn -0.2085 -0.7045 -0.6784
vn -0.3145 0.0570 -0.9475
vn -0.7968 0.0683 -0.6004
vn -0.8182 -0.2295 -0.5271
vn -0.8102 -0.0448 -0.5844
vn -0.2556 -0.0364 -0.9661
vn 0.8281 -0.2379 -0.5076
vn 0.8699 -0.3539 -0.3435
vn 0.5924 -0.0753 0.8021
vn 0.5924 -0.0744 0.8022
vn 0.5922 -0.0663 0.8031
vn -0.4874 0.2622 0.8329
vn -0.3621 0.1178 0.9247
vn -0.3624 0.1172 0.9246
vn -0.3600 0.1215 0.9250
vn 0.5536 -0.3800 -0.7410
vn 0.3893 -0.5309 -0.7527
vn 0.6422 -0.1646 -0.7487
vn 0.4011 -0.2682 -0.8759
vn 0.9567 -0.1025 0.2725
vn 0.8616 0.0391 0.5060
vn 0.0628 -0.1426 -0.9878
vn -0.0049 0.3321 0.9432
vn -0.1063 0.1788 0.9781
vn -0.9516 0.1155 0.2848
vn -0.4693 -0.3495 -0.8109
vn -0.7310 -0.1600 -0.6634
vn -0.7503 0.2025 0.6294
vn 0.4346 0.1611 0.8861
vn 0.3972 0.2391 0.8861
vn 0.2969 0.1024 0.9494
vn 0.9860 -0.1667 -0.0091
vn -0.2006 -0.8906 -0.4081
vn -0.0250 -0.8912 -0.4528
vn 0.3977 -0.8017 0.4462
vn 0.4005 -0.7441 -0.5347
vn 0.5587 -0.4850 -0.6728
vn 0.9827 0.0568 -0.1762
vn 0.9919 -0.0154 -0.1261
vn -0.0293 -0.7510 -0.6597
vn -0.0392 -0.9711 0.2354
vn 0.9689 0.0899 -0.2303
vn -0.2051 -0.7736 0.5996
vn -0.2130 -0.7696 0.6020
vn -0.2068 -0.7727 0.6001
vn -0.0298 -0.7639 0.6446
vn -0.2152 -0.7685 0.6026
vn 0.9862 0.1461 -0.0780
vn 0.9583 0.2658 -0.1050
vn -0.0277 -0.9901 -0.1377
vn -0.1115 -0.9920 0.0587
vn 0.9904 0.1379 0.0026
vn 0.9902 0.1396 0.0026
vn 0.9913 0.1320 0.0025
vn 0.9612 0.2744 -0.0291
vn 0.9558 -0.2918 0.0353
vn 1.0000 0.0023 0.0002
vn 1.0000 -0.0065 0.0006
vn -0.9423 -0.3188 0.1023
vn -0.2870 -0.4992 0.8176
vn -0.6054 -0.0888 0.7910
vn 0.9247 -0.3393 0.1725
vn 0.9697 -0.1371 0.2023
vn -0.7904 -0.5006 0.3531
vn -0.0310 -0.9255 0.3774
vn -0.0666 -0.3973 0.9153
vn -0.9592 -0.2694 0.0854
vn 0.0041 0.9957 -0.0923
vn 0.0040 0.9957 -0.0923
vn 0.0044 0.9957 -0.0922
vn -0.0297 0.9978 -0.0594
vn -0.0282 -0.5844 0.8110
vn -0.1461 -0.3435 0.9277
vn 0.9108 0.3105 0.2722
vn 0.9620 0.0719 0.2633
vn 0.9684 -0.2435 0.0534
vn 0.9897 -0.0920 0.1093
vn 0.9670 -0.2291 0.1114
vn 0.5549 0.2508 0.7932
vn -0.5166 0.8376 0.1777
vn 0.5515 0.5697 0.6093
vn 0.7283 0.0578 0.6828
vn 0.6558 -0.0992 0.7484
vn 0.2641 -0.4519 0.8521
vn 0.0183 -0.5663 0.8240
vn -0.2995 0.9489 0.0991
vn -0.0188 0.9978 0.0633
vn 0.0164 0.9996 0.0231
vn -0.2201 0.9751 -0.0257
vn -0.3866 0.1297 0.9131
vn -0.5357 -0.7264 -0.4305
vn -0.3145 -0.8487 -0.4252
vn -0.1355 -0.7205 -0.6801
vn -0.1350 -0.7207 -0.6800
vn -0.1346 -0.7208 -0.6799
vn -0.1357 -0.7205 -0.6801
vn -0.1318 -0.8247 -0.5500
vn 0.7740 0.0993 0.6253
vn 0.6920 0.1752 0.7003
vn -0.7206 -0.6512 -0.2380
vn -0.5229 -0.7346 -0.4324
vn -0.5122 -0.6137 -0.6008
vn -0.5116 -0.6142 -0.6008
vn -0.5114 -0.6144 -0.6008
vn -0.5124 -0.6135 -0.6008
vn -0.5208 -0.7227 -0.4545
vn -0.9578 -0.2867 -0.0231
vn -0.8042 -0.3808 -0.4564
vn -0.8041 -0.3808 -0.4564
vn -0.8042 -0.3807 -0.4564
vn -0.8225 -0.4855 -0.2963
vn 0.9200 -0.0319 0.3906
vn -0.9862 0.0738 0.1483
vn -0.9413 -0.1268 -0.3127
vn -0.0034 -0.0317 0.9995
vn -0.7720 0.3045 0.5579
vn -0.9227 0.3841 -0.0327
vn -0.9437 0.2911 0.1573
vn -0.9273 0.2893 -0.2377
vn -0.3402 -0.2152 -0.9154
vn -0.1636 -0.2272 -0.9600
vn -0.4463 0.5229 0.7262
vn -0.7739 0.6260 0.0956
vn -0.7831 0.6146 0.0956
vn -0.8284 0.4863 0.2780
vn -0.7953 0.5341 0.2866
vn -0.0505 0.6493 0.7589
vn -0.1460 0.7800 0.6085
vn -0.4766 0.8533 0.2115
vn -0.4756 0.8539 0.2113
vn -0.4753 0.8541 0.2113
vn -0.4770 0.8530 0.2116
vn -0.5451 0.7337 0.4057
vn -0.4789 0.7787 0.4052
vn -0.4361 -0.2047 -0.8763
vn 0.3591 0.7436 0.5640
vn 0.3612 0.7425 0.5640
vn 0.3665 0.7398 0.5642
vn 0.3612 0.6275 0.6898
vn -0.0894 0.9637 0.2515
vn -0.0892 0.9638 0.2515
vn -0.0894 0.9637 0.2516
vn -0.0891 0.9638 0.2514
vn -0.1470 0.8719 0.4671
vn -0.0817 0.8895 0.4495
vn 0.9982 0.0585 -0.0119
vn 0.7176 0.4535 0.5286
vn 0.3118 0.9271 0.2082
vn 0.3104 0.9273 0.2090
vn 0.3100 0.9274 0.2093
vn 0.3123 0.9270 0.2079
vn 0.3292 0.8524 0.4062
vn 0.2431 0.1345 0.9606
vn 0.2685 0.2043 0.9414
vn 0.9160 0.3120 0.2522
vn 0.6556 0.7498 0.0896
vn 0.6543 0.7507 0.0911
vn 0.6539 0.7510 0.0916
vn 0.6561 0.7494 0.0891
vn 0.6831 0.6745 0.2802
vn -0.7504 0.0468 0.6593
vn 0.9645 -0.2398 -0.1106
vn 0.9999 -0.0060 -0.0146
vn 0.8473 0.5290 -0.0472
vn 0.9116 0.3952 0.1130
vn -0.8186 -0.2182 -0.5313
vn -0.7873 -0.2165 -0.5773
vn 0.4485 -0.7057 -0.5485
vn 0.9428 0.0254 -0.3323
vn 0.8998 0.2385 -0.3653
vn 0.4883 -0.0396 0.8718
vn 0.6631 -0.5840 -0.4682
vn 0.6587 -0.6650 -0.3520
vn 0.8873 -0.1588 -0.4331
vn 0.9016 -0.3244 -0.2862
vn -0.1256 -0.3509 -0.9279
vn -0.4328 -0.3103 -0.8464
vn -0.6456 -0.0873 -0.7587
vn -0.7889 0.1189 -0.6029
vn -0.7279 0.5045 -0.4644
vn -0.6605 0.6935 -0.2879
vn -0.4055 0.8889 -0.2131
vn -0.0915 0.9715 -0.2187
vn 0.2357 0.9505 -0.2026
vn 0.4922 0.8004 -0.3423
vn 0.6842 0.5903 -0.4284
vn 0.7196 0.2542 -0.6462
vn 0.6607 -0.0482 -0.7491
vn 0.2095 -0.3674 -0.9061
vn 0.2418 -0.7337 -0.6350
vn 0.2606 -0.8558 -0.4469
vn 0.2604 -0.8559 -0.4469
vn 0.2602 -0.8559 -0.4468
vn -0.9906 -0.1360 -0.0136
vn 0.0487 -0.8044 -0.5921
vn -0.2196 -0.8817 -0.4175
vn 0.1576 -0.7047 -0.6918
vn 0.2086 -0.8216 -0.5305
vn 0.3281 -0.5318 -0.7807
vn 0.2489 -0.1405 -0.9583
vn 0.1726 -0.1612 -0.9717
vn 0.8058 -0.0678 -0.5883
vn 0.7524 -0.2233 -0.6197
vn 0.2222 -0.3933 -0.8921
vn -0.9911 -0.1305 0.0277
vn -0.7936 -0.3381 -0.5059
vn -0.7644 0.2200 0.6061
vn 0.9848 -0.0142 -0.1733
vn 0.9848 -0.0142 -0.1731
vn -0.2939 -0.4014 -0.8675
vn -0.4361 -0.5944 -0.6757
vn 0.0182 -0.5986 -0.8009
vn -0.1934 0.2650 0.9447
vn 0.1149 0.5692 0.8141
vn 0.5942 -0.4451 -0.6700
vn 0.6235 0.4327 0.6512
vn -0.3405 -0.8534 -0.3947
vn -0.3082 -0.9111 -0.2736
vn -0.1247 -0.8298 -0.5440
vn -0.1240 -0.8300 -0.5438
vn -0.1238 -0.8301 -0.5437
vn -0.1249 -0.8297 -0.5440
vn -0.1233 -0.9093 -0.3974
vn 0.7535 0.2955 0.5874
vn -0.7172 -0.6844 -0.1313
vn -0.5928 -0.7669 -0.2458
vn -0.5025 -0.7113 -0.4914
vn -0.5019 -0.7119 -0.4913
vn -0.5017 -0.7120 -0.4912
vn -0.5028 -0.7112 -0.4914
vn -0.5138 -0.7927 -0.3282
vn 0.6634 -0.2236 -0.7141
vn -0.9579 -0.2867 0.0113
vn -0.7967 -0.4570 -0.3955
vn -0.7966 -0.4571 -0.3955
vn -0.8179 -0.5317 -0.2197
vn 0.9131 0.0395 0.4059
vn -0.9885 0.0971 0.1159
vn -0.9360 -0.1819 -0.3015
vn -0.0207 0.1458 0.9891
vn -0.9215 0.3705 -0.1160
vn -0.9459 0.3126 0.0870
vn -0.9227 0.2409 -0.3011
vn -0.3373 -0.3733 -0.8643
vn -0.3339 -0.3729 -0.8657
vn -0.3278 -0.3722 -0.8683
vn -0.3243 -0.3719 -0.8698
vn -0.7747 0.6317 -0.0301
vn -0.7838 0.6204 -0.0282
vn -0.8324 0.5264 0.1732
vn -0.7995 0.5750 0.1738
vn -0.2825 0.6949 0.6613
vn -0.0630 0.7744 0.6296
vn -0.1555 0.8752 0.4582
vn -0.4791 0.8764 0.0489
vn -0.4781 0.8769 0.0486
vn -0.4777 0.8772 0.0485
vn -0.4795 0.8762 0.0490
vn -0.5511 0.7930 0.2599
vn -0.4848 0.8373 0.2526
vn 0.3503 0.8324 0.4295
vn 0.3524 0.8313 0.4298
vn 0.3577 0.8287 0.4305
vn 0.3487 0.7179 0.6026
vn -0.0921 0.9929 0.0752
vn -0.0923 0.9929 0.0753
vn -0.0925 0.9929 0.0754
vn -0.0922 0.9929 0.0752
vn -0.1540 0.9406 0.3027
vn -0.0883 0.9549 0.2834
vn 0.9971 0.0386 -0.0653
vn 0.7090 0.5412 0.4522
vn 0.3093 0.9498 0.0460
vn 0.3080 0.9502 0.0468
vn 0.3076 0.9504 0.0470
vn 0.3098 0.9497 0.0458
vn 0.3233 0.9115 0.2545
vn 0.3257 0.3074 0.8941
vn 0.4480 0.3419 0.8261
vn 0.9119 0.3534 0.2086
vn 0.6549 0.7550 -0.0333
vn 0.6536 0.7561 -0.0321
vn 0.6532 0.7565 -0.0316
vn 0.6554 0.7545 -0.0337
vn 0.6790 0.7146 0.1680
vn -0.8030 0.0323 0.5952
vn -0.6644 0.1945 0.7217
vn 1.0000 -0.0067 0.0039
vn 0.8486 0.5138 -0.1255
vn 0.9100 0.4107 0.0569
vn -0.7997 -0.3123 -0.5129
vn 0.9005 -0.4194 -0.1148
vn 0.8972 -0.4268 -0.1134
vn 0.8979 -0.4253 -0.1137
vn 0.9485 -0.0322 -0.3152
vn 0.9063 0.1717 -0.3863
vn 0.4732 0.1162 0.8733
vn 0.6689 -0.6257 -0.4014
vn 0.6638 -0.7156 -0.2173
vn 0.8944 -0.2314 -0.3828
vn 0.9060 -0.3683 -0.2087
vn -0.1100 -0.5099 -0.8532
vn -0.4185 -0.4560 -0.7854
vn -0.6325 -0.2214 -0.7423
vn -0.7782 0.0089 -0.6279
vn -0.7192 0.4130 -0.5588
vn -0.6545 0.6303 -0.4175
vn -0.4006 0.8364 -0.3741
vn -0.0865 0.9172 -0.3888
vn 0.2403 0.9000 -0.3636
vn 0.4991 0.7280 -0.4701
vn 0.6922 0.5063 -0.5143
vn 0.7309 0.1371 -0.6686
vn 0.6735 -0.1789 -0.7172
vn 0.2246 -0.5217 -0.8230
vn 0.2581 -0.8611 -0.4381
vn 0.2627 -0.8585 -0.4404
vn 0.2572 -0.8616 -0.4376
vn 0.2672 -0.9209 -0.2838
vn 0.2666 -0.9211 -0.2836
vn 0.2671 -0.9210 -0.2837
vn -0.9908 -0.1351 0.0034
vn -0.2135 -0.9421 -0.2585
vn 0.1686 -0.8157 -0.5533
vn 0.2167 -0.9022 -0.3730
vn 0.3408 -0.6611 -0.6685
vn 0.2339 -0.3244 -0.9166
vn 0.1966 -0.3340 -0.9218
vn 0.2608 -0.6827 -0.6825
vn -0.9614 -0.2321 -0.1480
vn -0.9616 -0.2317 -0.1472
vn -0.9620 -0.2310 -0.1457
vn -0.6867 -0.4673 -0.5568
vn -0.8269 -0.3147 -0.4660
vn -0.6483 -0.6344 -0.4209
vn -0.7493 0.3272 0.5757
vn 0.3196 0.5053 0.8016
vn -0.3692 -0.7021 -0.6089
vn -0.1764 -0.4423 -0.8794
vn -0.2587 0.6719 0.6940
vn 0.1732 0.4419 0.8802
vn 0.1182 0.5991 0.7919
vn 0.9596 0.1922 0.2056
vn 0.7864 0.3356 0.5187
vn 0.5139 -0.4186 -0.7488
vn 0.6813 0.4786 0.5539
vn -0.4967 0.4840 0.7204
vn -0.3688 0.3780 0.8492
vn -0.2394 -0.0370 0.9702
vn -0.4689 -0.0042 0.8833
vn -0.3549 -0.7000 -0.6197
vn -0.3217 -0.7834 -0.5318
vn -0.1450 -0.6259 -0.7663
vn -0.1441 -0.6263 -0.7662
vn -0.1440 -0.6263 -0.7662
vn -0.1395 -0.7462 -0.6509
vn 0.8015 0.0010 0.5980
vn 0.6391 0.0880 0.7640
vn -0.8066 -0.4985 -0.3178
vn -0.7348 -0.5906 -0.3335
vn -0.5204 -0.5307 -0.6690
vn -0.5198 -0.5311 -0.6691
vn -0.5196 -0.5313 -0.6691
vn -0.5206 -0.5305 -0.6690
vn -0.5272 -0.6577 -0.5380
vn 0.5736 -0.0035 -0.8191
vn 0.5291 0.0040 -0.8485
vn -0.9570 -0.2861 -0.0485
vn -0.8102 -0.3187 -0.4919
vn -0.8103 -0.3186 -0.4919
vn -0.8267 -0.4433 -0.3465
vn -0.9842 0.0533 0.1691
vn -0.9453 -0.0856 -0.3146
vn 0.0250 -0.1599 0.9868
vn -0.9227 0.3845 0.0292
vn -0.9413 0.2675 0.2057
vn -0.9299 0.3171 -0.1863
vn -0.1892 -0.0767 -0.9789
vn -0.2346 -0.0775 -0.9690
vn -0.2348 -0.0776 -0.9689
vn -0.2352 -0.0778 -0.9688
vn -0.5591 0.3661 0.7439
vn -0.7720 0.6078 0.1860
vn -0.7812 0.5964 0.1847
vn -0.8243 0.4455 0.3494
vn -0.7911 0.4918 0.3637
vn -0.8890 -0.2214 0.4008
vn -0.2278 0.4746 0.8502
vn -0.0406 0.5464 0.8365
vn -0.1071 0.7844 0.6109
vn -0.2197 0.6752 0.7042
vn -0.4731 0.8182 0.3268
vn -0.4720 0.8188 0.3266
vn -0.4717 0.8191 0.3266
vn -0.4735 0.8179 0.3268
vn -0.5392 0.6743 0.5046
vn -0.4730 0.7191 0.5091
vn -0.2354 -0.0779 -0.9688
vn -0.5884 -0.1171 -0.8000
vn 0.3670 0.6642 0.6513
vn 0.3699 0.5048 0.7800
vn 0.3237 0.7000 0.6366
vn -0.0852 0.9227 0.3759
vn -0.0850 0.9228 0.3758
vn -0.0853 0.9227 0.3759
vn -0.0849 0.9228 0.3758
vn -0.1310 0.8045 0.5793
vn -0.0754 0.8266 0.5578
vn 0.9980 0.0601 -0.0168
vn 0.7247 0.3813 0.5740
vn 0.3153 0.8923 0.3231
vn 0.3140 0.8924 0.3239
vn 0.3136 0.8925 0.3242
vn 0.3158 0.8923 0.3227
vn 0.3332 0.8075 0.4867
vn 0.9194 0.2771 0.2790
vn 0.6574 0.7321 0.1781
vn 0.6562 0.7329 0.1797
vn 0.6558 0.7331 0.1802
vn 0.6579 0.7319 0.1775
vn 0.6873 0.6327 0.3569
vn -0.7123 -0.1348 0.6888
vn 0.9549 -0.2436 -0.1699
vn 0.9996 -0.0034 -0.0279
vn 0.8472 0.5312 0.0113
vn 0.9134 0.3778 0.1519
vn -0.8111 -0.1465 -0.5663
vn 0.8280 -0.4360 -0.3526
vn 0.9386 0.0690 -0.3380
vn 0.8953 0.2846 -0.3426
vn 0.6756 -0.4662 -0.5712
vn 0.6699 -0.6007 -0.4363
vn 0.8816 -0.1006 -0.4612
vn 0.8976 -0.2838 -0.3374
vn -0.1399 -0.2747 -0.9513
vn -0.4290 -0.1533 -0.8902
vn -0.6796 -0.0259 -0.7331
vn -0.7403 0.2164 -0.6365
vn -0.7819 0.5166 -0.3490
vn -0.6377 0.7329 -0.2369
vn -0.4105 0.9085 -0.0775
vn -0.0929 0.9863 -0.1365
vn 0.2355 0.9690 -0.0745
vn 0.5066 0.8365 -0.2088
vn 0.6150 0.6801 -0.3991
vn 0.7352 0.3328 -0.5906
vn 0.6346 0.0841 -0.7682
vn 0.1662 -0.1997 -0.9657
vn 0.3069 -0.6473 -0.6977
vn -0.9910 -0.1330 -0.0120
vn 0.1481 -0.6086 -0.7795
vn 0.2011 -0.7454 -0.6355
vn 0.3176 -0.4255 -0.8474
vn 0.2102 -0.0210 -0.9774
vn 0.1601 -0.0333 -0.9865
vn 0.8224 0.0123 -0.5687
vn 0.6994 -0.1405 -0.7008
vn 0.7903 -0.2825 -0.5437
vn 0.2600 -0.2393 -0.9355
vn 0.2337 -0.1168 -0.9653
vn 0.2399 -0.4813 -0.8431
vn -0.9732 -0.2137 -0.0849
vn -0.8003 -0.2772 -0.5317
vn -0.7828 0.1167 0.6112
vn 0.4637 0.3096 0.8301
vn 0.2954 0.4389 0.8486
vn 0.9825 0.0090 -0.1861
vn 0.9825 0.0091 -0.1859
vn 0.9825 0.0091 -0.1860
vn -0.3203 -0.3000 -0.8986
vn -0.9609 -0.0535 0.2716
vn -0.8345 0.0075 0.5510
vn -0.0940 0.3927 0.9149
vn -0.1678 0.3005 0.9389
vn 0.1269 0.1447 0.9813
vn 0.7800 -0.1831 -0.5983
vn 0.7142 0.2660 0.6474
vn -0.5322 0.2245 0.8163
vn -0.3097 0.0973 0.9458
vn -0.2649 0.1120 0.9577
vn -0.2442 0.1831 0.9523
vn -0.6603 -0.6381 -0.3959
vn -0.0379 -0.5989 -0.7999
vn 0.7831 0.1916 0.5916
vn -0.8742 -0.4643 -0.1424
vn -0.5253 -0.5723 -0.6297
vn -0.5247 -0.5724 -0.6301
vn -0.5223 -0.5727 -0.6318
vn 0.5861 -0.1312 -0.7995
vn 0.4779 -0.1241 -0.8696
vn -0.9756 -0.2177 0.0294
vn -0.8243 -0.3629 -0.4345
vn 0.9100 0.0185 0.4143
vn -0.9646 0.0207 0.2628
vn -0.9883 -0.0530 -0.1430
vn -0.9830 -0.1479 -0.1088
vn -0.0060 -0.0045 1.0000
vn -0.7800 0.3791 0.4979
vn -0.9633 0.2446 0.1105
vn -0.1418 -0.2207 -0.9650
vn -0.1441 -0.2206 -0.9647
vn -0.1427 -0.2206 -0.9649
vn -0.1450 -0.2205 -0.9645
vn -0.4607 0.6626 0.5906
vn -0.3585 0.7296 0.5824
vn -0.7292 0.5618 0.3907
vn -0.2446 0.5835 0.7744
vn -0.0839 0.7925 0.6041
vn -0.5258 0.6999 0.4834
vn -0.5640 -0.2415 -0.7897
vn -0.5607 -0.2418 -0.7919
vn -0.5589 -0.2420 -0.7932
vn 0.3200 0.6756 0.6642
vn 0.4504 0.7278 0.5171
vn 0.0304 0.8111 0.5841
vn 0.0357 0.8169 0.5757
vn 0.0312 0.8120 0.5828
vn 0.9982 0.0587 -0.0090
vn 0.6995 0.5281 0.4814
vn 0.7615 0.5083 0.4021
vn 0.3334 0.8020 0.4956
vn 0.4185 0.2265 0.8795
vn 0.9018 0.3485 0.2556
vn -0.7794 -0.0523 0.6243
vn -0.6169 0.1047 0.7800
vn 0.9989 -0.0115 0.0463
vn -0.8025 -0.2347 -0.5486
vn 0.9179 -0.3432 -0.1991
vn 0.8118 -0.5124 -0.2801
vn 0.9363 -0.2773 -0.2157
vn 0.6475 -0.6489 -0.3997
vn -0.1739 -0.3410 -0.9239
vn -0.6943 -0.1195 -0.7097
vn -0.8510 0.3667 -0.3758
vn -0.4470 0.8943 0.0182
vn 0.6096 0.7827 -0.1254
vn 0.7894 0.1820 -0.5862
vn 0.4693 -0.1985 -0.8605
vn 0.2719 -0.8264 -0.4931
vn 0.4238 -0.6692 -0.6103
vn 0.6806 -0.4458 -0.5814
vn 0.4883 -0.4777 -0.7304
vn 0.6060 -0.2884 -0.7414
vn -0.9908 -0.1352 -0.0079
vn 0.2723 -0.5636 -0.7799
vn 0.2360 -0.5643 -0.7911
vn 0.3893 -0.1733 -0.9047
vn 0.1879 -0.1775 -0.9660
vn 0.8310 -0.0760 -0.5510
vn 0.7625 -0.2360 -0.6023
vn 0.8026 -0.3571 -0.4778
vn 0.3586 -0.4243 -0.8315
vn 0.3269 -0.2636 -0.9076
vn 0.2874 -0.6204 -0.7298
vn -0.9914 -0.1248 0.0380
vn -0.9651 -0.2604 -0.0261
vn -0.7173 -0.3601 -0.5965
vn -0.9061 -0.3484 -0.2402
vn -0.5633 0.2357 0.7919
vn -0.7539 0.3106 0.5790
vn 0.2942 0.3109 0.9038
vn 0.3239 0.5682 0.7565
vn 0.9610 -0.0701 -0.2676
vn -0.3704 -0.5001 -0.7827
vn -0.6003 -0.5622 -0.5688
vn -0.8690 0.1195 0.4801
vn -0.1977 -0.4287 -0.8816
vn -0.2139 -0.6405 -0.7375
vn -0.2391 0.5595 0.7936
vn -0.1152 0.2870 0.9510
vn 0.1040 0.4726 0.8751
vn 0.9391 0.1879 0.2878
vn 0.8107 0.2534 0.5277
vn 0.3199 -0.4108 -0.8538
vn 0.6988 0.3894 0.6001
vn 0.6609 0.4332 0.6129
vn -0.5373 0.3667 0.7595
vn -0.5355 0.3602 0.7639
vn -0.5355 0.3604 0.7638
vn -0.2424 -0.1124 0.9637
vn -0.2223 -0.0414 0.9741
vn -0.3611 -0.6463 -0.6722
vn -0.3248 -0.7450 -0.5827
vn -0.1504 -0.5674 -0.8096
vn -0.1500 -0.5676 -0.8095
vn -0.1497 -0.5677 -0.8095
vn -0.1508 -0.5673 -0.8096
vn -0.1445 -0.6958 -0.7035
vn 0.7967 0.0522 0.6021
vn -0.7267 -0.5904 -0.3512
vn -0.6071 -0.6234 -0.4927
vn -0.5253 -0.4796 -0.7029
vn -0.5248 -0.4800 -0.7030
vn -0.5246 -0.4802 -0.7030
vn -0.5256 -0.4794 -0.7028
vn -0.5313 -0.6160 -0.5816
vn 0.5677 0.0575 -0.8212
vn 0.4580 0.0803 -0.8853
vn -0.9591 -0.2764 -0.0618
vn -0.8139 -0.2814 -0.5083
vn -0.8139 -0.2813 -0.5083
vn -0.8293 -0.4165 -0.3725
vn 0.9190 -0.0752 0.3869
vn -0.9829 0.0404 0.1797
vn -0.9476 -0.0622 -0.3133
vn 0.0319 -0.2322 0.9721
vn -0.9223 0.3811 0.0644
vn -0.9397 0.2514 0.2318
vn -0.9311 0.3300 -0.1555
vn -0.1640 0.0068 -0.9864
vn -0.1663 0.0069 -0.9861
vn -0.1649 0.0069 -0.9863
vn -0.1671 0.0069 -0.9859
vn -0.5536 0.3097 0.7730
vn -0.7704 0.5921 0.2363
vn -0.7796 0.5809 0.2341
vn -0.8216 0.4181 0.3875
vn -0.7883 0.4633 0.4050
vn -0.2215 0.4101 0.8847
vn -0.0343 0.4827 0.8751
vn -0.1024 0.7368 0.6683
vn -0.2143 0.6209 0.7540
vn -0.4704 0.7916 0.3901
vn -0.4693 0.7923 0.3900
vn -0.4690 0.7924 0.3900
vn -0.4708 0.7913 0.3901
vn -0.5353 0.6349 0.5572
vn -0.4690 0.6792 0.5646
vn -0.5822 -0.0547 -0.8112
vn -0.5790 -0.0545 -0.8135
vn -0.5771 -0.0543 -0.8148
vn 0.3719 0.6140 0.6962
vn 0.3761 0.4644 0.8018
vn 0.3285 0.6508 0.6845
vn -0.0821 0.8922 0.4440
vn -0.0819 0.8923 0.4440
vn -0.0822 0.8922 0.4441
vn -0.0818 0.8923 0.4439
vn -0.1265 0.7592 0.6384
vn -0.0711 0.7828 0.6182
vn 0.9980 0.0614 -0.0176
vn 0.7290 0.3377 0.5955
vn 0.3180 0.8659 0.3862
vn 0.3167 0.8660 0.3871
vn 0.3163 0.8660 0.3874
vn 0.3185 0.8659 0.3859
vn 0.3371 0.7691 0.5430
vn 0.4386 0.0191 0.8985
vn 0.9215 0.2558 0.2922
vn 0.6590 0.7170 0.2273
vn 0.6577 0.7176 0.2289
vn 0.6574 0.7178 0.2294
vn 0.6595 0.7167 0.2267
vn 0.6901 0.6045 0.3980
vn -0.7655 -0.1962 0.6128
vn -0.6029 -0.0790 0.7939
vn 0.9810 -0.1564 -0.1149
vn 0.9994 -0.0012 -0.0353
vn 0.8474 0.5290 0.0447
vn 0.9146 0.3656 0.1730
vn -0.8152 -0.1041 -0.5697
vn 0.8253 -0.4084 -0.3900
vn 0.9362 0.0941 -0.3388
vn 0.8930 0.3094 -0.3269
vn 0.6491 -0.4262 -0.6301
vn 0.6500 -0.5784 -0.4929
vn 0.8782 -0.0659 -0.4738
vn 0.8950 -0.2578 -0.3640
vn -0.1447 -0.1550 -0.9773
vn -0.4501 -0.1324 -0.8831
vn -0.6606 0.0678 -0.7477
vn -0.8003 0.2377 -0.5504
vn -0.7358 0.5871 -0.3375
vn -0.6644 0.7364 -0.1277
vn -0.4076 0.9130 -0.0198
vn -0.0935 0.9955 -0.0147
vn 0.2338 0.9722 -0.0097
vn 0.4872 0.8541 -0.1820
vn 0.6770 0.6662 -0.3128
vn 0.7073 0.3816 -0.5951
vn 0.6457 0.1063 -0.7562
vn 0.1907 -0.1750 -0.9659
vn 0.2355 -0.6334 -0.7371
vn 0.2400 -0.6301 -0.7385
vn 0.2346 -0.6341 -0.7368
vn 0.2497 -0.7465 -0.6167
vn 0.2492 -0.7467 -0.6167
vn 0.2493 -0.7467 -0.6167
vn -0.9911 -0.1320 -0.0166
vn -0.2298 -0.7787 -0.5837
vn 0.1423 -0.5489 -0.8237
vn 0.1962 -0.6961 -0.6906
vn 0.3114 -0.3613 -0.8789
vn 0.3685 0.0403 -0.9287
vn 0.1657 0.0499 -0.9849
vn 0.8183 0.0547 -0.5722
vn 0.7573 -0.0702 -0.6493
vn 0.2531 -0.1690 -0.9526
vn 0.2270 -0.0489 -0.9727
vn 0.2308 -0.3767 -0.8971
vn -0.9679 -0.1663 -0.1885
vn -0.9679 -0.1663 -0.1886
vn -0.7189 -0.2321 -0.6552
vn -0.6679 -0.4354 -0.6035
vn -0.7783 0.0708 0.6238
vn 0.3341 0.0841 0.9388
vn 0.4663 0.2689 0.8428
vn 0.2972 0.3744 0.8783
vn 0.9948 -0.0170 -0.1008
vn -0.3959 -0.4303 -0.8112
vn -0.2576 -0.2569 -0.9315
vn -0.8857 -0.0268 0.4634
vn -0.2925 -0.2822 -0.9137
vn -0.2935 -0.1089 -0.9497
vn -0.0872 0.3236 0.9422
vn -0.1413 0.2554 0.9565
vn -0.1132 0.0447 0.9926
vn 0.1334 0.1726 0.9759
vn 0.9526 0.1158 0.2815
vn 0.8244 0.1315 0.5505
vn 0.4386 -0.2271 -0.8695
vn 0.5979 0.1678 0.7838
vn 0.6628 0.2892 0.6907
vn -0.3823 0.0955 0.9191
vn -0.5262 0.1631 0.8346
vn 0.1314 0.9627 0.2366
vn -0.0289 0.9306 0.3649
vn 0.4285 0.8467 0.3154
vn -0.3691 0.9210 0.1249
vn -0.2430 0.9647 0.1015
vn 0.2005 -0.5298 0.8241
vn 0.2237 -0.1978 0.9544
vn 0.8711 -0.1642 0.4629
vn 0.7544 0.0160 0.6562
vn 0.0155 -0.5681 0.8228
vn -0.5678 0.2312 0.7900
vn 0.0142 0.4139 0.9102
vn 0.0109 0.4158 0.9094
vn 0.0147 0.4136 0.9104
vn 0.0066 0.3451 0.9386
vn 0.0313 -0.3796 0.9246
vn 0.0034 -0.4295 0.9031
vn 0.0046 -0.4303 0.9027
vn 0.0039 -0.4298 0.9029
vn -0.6692 -0.1105 0.7348
vn 0.0287 -0.6054 0.7954
vn 0.0282 -0.7139 0.6996
vn 0.1558 -0.9764 -0.1497
vn 0.1393 -0.9902 0.0129
vn 0.0293 -0.9646 -0.2621
vn 0.1567 -0.8757 0.4566
vn 0.1426 -0.7801 0.6091
vn 0.0388 -0.9437 0.3284
vn -0.9874 -0.0027 -0.1585
vn -0.9864 -0.0004 -0.1643
vn -0.9877 -0.0036 -0.1563
vn -0.9231 -0.0559 0.3805
vn -0.9594 -0.1556 0.2351
vn -0.9489 -0.1872 0.2540
vn 0.3727 -0.7008 0.6082
vn 0.0201 -0.9159 0.4008
vn -0.2035 -0.4651 -0.8616
vn -0.3833 -0.3556 -0.8524
vn -0.4554 0.2350 -0.8587
vn 0.3310 -0.8277 0.4531
vn 0.1673 -0.9097 0.3802
vn 0.1083 -0.9814 0.1582
vn -0.6974 -0.2589 -0.6683
vn -0.5457 -0.3819 -0.7459
vn -0.6747 -0.3879 -0.6279
vn -0.9368 -0.2303 0.2634
vn 0.3272 -0.9337 0.1454
vn -0.0005 -0.1195 -0.9928
vn -0.6144 -0.3966 0.6820
vn -0.5457 -0.3314 0.7697
vn -0.4184 -0.5409 0.7296
vn -0.2762 -0.4789 0.8333
vn -0.3393 -0.3890 0.8565
vn -0.3332 -0.3817 0.8622
vn -0.3322 -0.3806 0.8630
vn 0.5688 0.6994 0.4327
vn 0.3701 0.6876 0.6247
vn 0.3168 0.2453 0.9162
vn 0.7023 0.4355 0.5632
vn 0.0338 0.8700 0.4919
vn 0.3184 0.9431 0.0959
vn -0.2119 0.9640 0.1608
vn -0.4541 0.8791 0.1449
vn -0.0135 0.0929 -0.9956
vn -0.2598 -0.1417 -0.9552
vn -0.4406 0.0927 -0.8929
vn -0.2635 0.1672 -0.9501
vn 0.1716 -0.8968 -0.4078
vn 0.0188 0.0143 -0.9997
vn 0.1270 0.9789 0.1598
vn 0.1285 0.9789 0.1591
vn 0.1240 0.9791 0.1611
vn -0.1962 -0.9416 0.2736
vn -0.2006 -0.9402 0.2753
vn -0.2000 -0.9404 0.2751
vn -0.0125 -0.8917 0.4525
vn -0.4407 -0.7769 0.4496
vn 0.0041 0.9847 0.1745
vn 0.0096 0.9849 0.1731
vn 0.0120 0.9849 0.1724
vn 0.1224 0.9792 0.1617
vn -0.0071 -0.9786 0.2055
vn -0.0096 -0.9787 0.2050
vn -0.0021 -0.9785 0.2064
vn -0.4760 -0.8608 0.1800
vn -0.4795 -0.8590 0.1795
vn -0.4774 -0.8601 0.1798
vn 0.3016 0.9483 0.0992
vn -0.8959 0.4270 0.1227
vn -0.7978 0.5944 0.1010
vn 0.2777 0.9574 -0.0796
vn -0.8767 0.4781 0.0537
vn -0.7650 0.6392 0.0786
vn 0.2304 0.9473 0.2228
vn -0.8323 -0.5406 0.1225
vn -0.8282 0.5594 0.0335
vn -0.8301 0.5571 0.0249
vn -0.8298 0.5574 0.0261
vn -0.7239 0.6842 0.0885
vn -0.8950 0.4379 -0.0850
vn -0.9373 0.3478 0.0211
vn -0.5728 -0.8150 -0.0878
vn -0.5627 -0.8266 -0.0111
vn -0.3279 -0.9115 -0.2481
vn -0.3232 -0.9453 -0.0447
vn -0.3219 -0.9458 -0.0426
vn -0.3218 -0.9459 -0.0424
vn 0.9916 -0.1239 -0.0379
vn 0.0768 -0.1676 -0.9829
vn 0.1114 -0.9919 -0.0611
vn -0.6992 -0.6444 -0.3097
vn 0.4732 -0.5288 -0.7046
vn -0.1195 -0.9928 0.0074
vn -0.3724 -0.9149 0.1558
vn -0.9317 0.0711 0.3561
vn -0.8801 0.1286 0.4571
vn 0.7322 -0.3746 -0.5689
vn 0.8496 -0.3725 -0.3734
vn -0.5511 0.7724 0.3156
vn -0.5565 0.8299 0.0405
vn -0.0585 0.7027 0.7091
vn 0.1700 0.7520 0.6368
vn 0.9792 -0.0303 -0.2007
vn 0.8852 -0.0387 -0.4637
vn -0.9075 -0.3906 0.1546
vn 0.1407 -0.7843 -0.6042
vn 0.0612 -0.9458 -0.3190
vn 0.8354 0.5096 -0.2061
vn 0.9239 0.3721 0.0896
vn 0.8877 0.3620 0.2846
vn 0.7019 0.7095 0.0628
vn 0.6844 0.7170 -0.1322
vn 0.5928 0.8035 0.0548
vn 0.4207 -0.8029 -0.4223
vn 0.4869 -0.6812 -0.5467
vn -0.9507 -0.2150 0.2235
vn -0.9491 -0.0602 0.3093
vn -0.9360 -0.1710 0.3076
vn 0.0937 0.7434 0.6623
vn -0.9735 -0.0961 0.2077
vn -0.2872 0.7755 0.5622
vn -0.3229 0.6626 0.6758
vn -0.2614 0.5421 0.7986
vn 0.5227 -0.8251 -0.2143
vn 0.5225 -0.8249 -0.2157
vn 0.5227 -0.8251 -0.2144
vn 0.5636 -0.8260 -0.0101
vn 0.6475 0.4649 0.6038
vn -0.6257 0.5434 0.5596
vn -0.5600 0.7646 0.3192
vn 0.8238 -0.5081 -0.2516
vn -0.2534 -0.8552 -0.4520
vn -0.1935 -0.8318 -0.5203
vn -0.1793 -0.9606 -0.2122
vn 0.0137 -0.4896 -0.8718
vn -0.0384 -0.7441 -0.6669
vn 0.9809 -0.1468 -0.1279
vn 0.9495 -0.2984 -0.0969
vn -0.8929 -0.4501 0.0080
vn 0.0307 -0.9992 -0.0241
vn -0.1814 -0.9812 0.0661
vn -0.9639 0.2073 0.1671
vn -0.6673 -0.1324 -0.7329
vn 0.4558 0.8180 0.3509
vn 0.6483 0.6138 0.4505
vn -0.4811 -0.6229 -0.6168
vn -0.2311 -0.5049 -0.8317
vn -0.3797 -0.7050 -0.5990
vn -0.6077 0.3935 0.6899
vn -0.6754 -0.7223 0.1485
vn -0.6627 -0.7487 0.0164
vn 0.9824 -0.0990 -0.1585
vn -0.9634 0.2445 0.1101
vn -0.5289 0.8479 -0.0365
vn 0.2469 -0.9638 0.1005
vn 0.0117 -0.9885 0.1505
vn -0.4312 -0.8832 0.1844
vn -0.6739 -0.7099 0.2045
vn 0.7437 0.6375 -0.2015
vn 0.9556 0.2419 -0.1684
vn -0.9613 -0.2169 0.1701
vn -0.8039 0.5755 0.1500
vn -0.7737 0.2757 0.5704
vn -0.7362 0.6271 0.2546
vn 0.6660 -0.7057 -0.2418
vn 0.7121 -0.4980 -0.4948
vn 0.1702 -0.7452 -0.6448
vn 0.1713 0.7299 0.6617
vn 0.1000 0.9821 0.1596
vn -0.0981 -0.6583 -0.7463
vn 0.5636 0.8111 -0.1561
vn 0.6604 0.3038 0.6868
vn 0.6596 0.3056 0.6867
vn 0.6566 0.3130 0.6862
vn 0.8838 0.3789 0.2746
vn 0.8004 0.5992 -0.0198
vn -0.9239 -0.2527 -0.2875
vn 0.0607 -0.4598 -0.8860
vn -0.9426 -0.0805 0.3241
vn -0.8758 -0.2872 -0.3878
vn -0.8705 0.0351 0.4910
vn 0.6607 -0.2807 -0.6962
vn -0.6209 0.1643 0.7665
vn -0.2195 0.3562 0.9083
vn -0.2135 0.3477 0.9130
vn -0.2143 0.3489 0.9123
vn 0.1960 0.2916 0.9362
vn 0.2694 0.2930 0.9174
vn 0.2047 0.3337 0.9202
vn -0.4989 -0.3656 -0.7857
vn 0.7289 0.2117 0.6511
vn 0.9866 -0.1466 0.0712
vn 0.2740 -0.2609 -0.9257
vn 0.0728 -0.4353 -0.8973
vn 0.1254 -0.0102 -0.9920
vn 0.2575 -0.5390 -0.8020
vn 0.1626 -0.9448 -0.2846
vn -0.4890 -0.5891 -0.6434
vn -0.1174 -0.9634 -0.2410
vn -0.3910 -0.9106 -0.1338
vn -0.8294 0.2331 0.5077
vn -0.8071 0.3961 0.4379
vn 0.8064 -0.2467 -0.5374
vn 0.8948 -0.2980 -0.3324
vn -0.5346 0.7371 0.4133
vn -0.5565 0.8132 0.1703
vn -0.1604 0.5051 0.8480
vn 0.0761 0.5625 0.8233
vn 0.9979 -0.0137 -0.0626
vn 0.9422 0.0479 -0.3317
vn -0.9107 -0.4056 -0.0782
vn 0.2651 -0.8355 -0.4813
vn 0.8542 0.5179 0.0457
vn 0.9012 0.3040 0.3090
vn 0.8375 0.2474 0.4872
vn 0.6844 0.6479 0.3344
vn 0.6964 0.7018 0.1501
vn 0.5787 0.7422 0.3381
vn 0.4266 -0.6710 -0.6064
vn 0.5134 -0.6777 -0.5265
vn 0.6385 -0.5134 -0.5733
vn -0.9809 -0.1911 0.0358
vn -0.9910 -0.1305 0.0307
vn -0.3655 0.6206 0.6938
vn -0.4091 0.3286 0.8513
vn -0.4120 0.3287 0.8499
vn -0.4185 0.3289 0.8466
vn 0.5482 -0.7640 -0.3402
vn 0.5482 -0.7634 -0.3416
vn 0.5482 -0.7640 -0.3403
vn 0.5592 -0.8173 -0.1392
vn 0.5534 0.2755 0.7860
vn 0.8515 -0.4589 -0.2538
vn -0.1811 -0.8017 -0.5696
vn -0.9654 0.0792 -0.2483
vn -0.9880 -0.1432 -0.0583
vn -0.9879 -0.1433 -0.0588
vn -0.9878 -0.1436 -0.0600
vn 0.9891 -0.1459 -0.0222
vn 0.9536 -0.2992 -0.0352
vn -0.7867 -0.4369 -0.4362
vn -0.7412 -0.5809 -0.3364
vn -0.8034 -0.2451 -0.5426
vn -0.8930 -0.2971 -0.3381
vn -0.9570 0.2381 0.1656
vn -0.5558 -0.3675 -0.7457
vn -0.5069 0.0652 -0.8596
vn 0.4002 0.6873 0.6061
vn 0.5763 0.4579 0.6769
vn -0.2949 -0.4299 -0.8534
vn -0.1865 0.0046 -0.9825
vn -0.7238 0.2655 0.6369
vn -0.7802 0.1965 0.5938
vn -0.6898 -0.7114 -0.1346
vn 0.9950 -0.0921 -0.0393
vn -0.9692 0.2442 0.0323
vn -0.5181 0.8489 0.1049
vn 0.2298 -0.9667 -0.1124
vn -0.0102 -0.9946 -0.1037
vn -0.4534 -0.8849 -0.1066
vn -0.6964 -0.7134 -0.0776
vn 0.7650 0.6400 0.0720
vn 0.9699 0.2412 0.0335
vn -0.9758 -0.2173 -0.0264
vn -0.8172 0.5488 0.1763
vn -0.8481 0.1527 0.5074
vn -0.7653 0.5701 0.2990
vn 0.6940 -0.6468 -0.3163
vn 0.7762 -0.3844 -0.4997
vn 0.2617 -0.5663 -0.7816
vn 0.0738 0.5349 0.8417
vn 0.0758 0.9068 0.4146
vn 0.0109 -0.4471 -0.8944
vn 0.5803 0.8033 0.1341
vn 0.5541 0.0984 0.8266
vn 0.5534 0.1002 0.8269
vn 0.5504 0.1076 0.8279
vn 0.8347 0.2659 0.4822
vn 0.7948 0.5555 0.2443
vn -0.8726 -0.1390 -0.4683
vn 0.2078 -0.1884 -0.9599
vn 0.7259 -0.0646 0.6848
vn -0.0756 -0.0021 0.9971
vn -0.9457 -0.0912 0.3121
vn -0.3957 -0.2211 -0.8914
vn -0.9135 -0.0578 0.4028
vn 0.7544 -0.1219 -0.6450
vn -0.7306 -0.0126 0.6827
vn -0.3485 0.1259 0.9288
vn -0.3433 0.1163 0.9320
vn -0.3440 0.1176 0.9316
vn 0.0604 0.0488 0.9970
vn 0.0309 0.0468 0.9984
vn 0.0694 0.0857 0.9939
vn -0.3804 -0.1416 -0.9139
vn 0.7158 0.0136 0.6982
vn 0.7520 0.6540 -0.0822
vn 0.5928 0.8035 0.0544
vn 0.9810 -0.1458 -0.1278
vn 0.9523 -0.2884 -0.0997
vn 0.9335 0.2295 0.2756
vn 0.9824 -0.0964 -0.1598
vn -0.5344 0.8445 -0.0349
vn -0.3176 -0.9301 0.1847
vn -0.4376 -0.8794 0.1875
vn 0.7442 0.6379 -0.1982
vn -0.7895 -0.5797 0.2015
vn 0.9790 0.1288 -0.1581
vn -0.9754 -0.1477 0.1635
vn -0.7626 0.6185 0.1898
vn 0.7191 -0.6859 -0.1113
vn -0.7357 0.5618 0.3783
vn -0.3029 0.9530 -0.0060
vn 0.2621 -0.9544 -0.1428
vn -0.1944 0.9044 0.3799
vn 0.1997 0.9793 0.0323
vn -0.1902 -0.9787 0.0776
vn -0.5683 -0.8158 -0.1074
vn 0.6677 0.7368 0.1062
vn 0.7840 0.6163 -0.0737
vn -0.9381 -0.3414 0.0578
vn -0.9404 -0.2638 0.2147
vn -0.0434 -0.9177 -0.3950
vn 0.7898 -0.5181 -0.3283
vn -0.3763 -0.8765 -0.3002
vn 0.9719 -0.1120 -0.2071
vn -0.9265 0.1524 0.3441
vn -0.1821 0.8306 0.5263
vn 0.0638 -0.8923 -0.4469
vn 0.0561 -0.8935 -0.4456
vn 0.0589 -0.8930 -0.4461
vn 0.0698 0.8486 0.5244
vn 0.4479 0.8074 0.3841
vn 0.9399 0.3385 0.0447
vn 0.9415 0.3343 0.0422
vn 0.9410 0.3357 0.0430
vn 0.9916 -0.1007 -0.0816
vn 0.0768 0.2127 -0.9741
vn 0.1114 -0.8968 -0.4281
vn -0.6992 -0.4815 -0.5285
vn 0.4732 -0.2264 -0.8513
vn -0.1642 -0.9222 -0.3500
vn -0.9317 -0.0675 0.3568
vn -0.8801 -0.0519 0.4720
vn 0.7322 -0.1343 -0.6678
vn 0.8496 -0.2056 -0.4857
vn -0.5511 0.5980 0.5819
vn -0.5565 0.7543 0.3483
vn -0.0585 0.3860 0.9206
vn 0.1700 0.4588 0.8721
vn 0.9792 0.0471 -0.1974
vn 0.8852 0.1378 -0.4444
vn -0.9074 -0.4203 -0.0031
vn 0.1407 -0.5010 -0.8540
vn 0.0612 -0.7575 -0.6500
vn 0.8354 0.5497 -0.0002
vn 0.9239 0.3115 0.2224
vn 0.8877 0.2291 0.3994
vn 0.7019 0.6343 0.3240
vn 0.6844 0.7143 0.1459
vn 0.5928 0.7245 0.3517
vn 0.4207 -0.5863 -0.6923
vn 0.4869 -0.4269 -0.7620
vn -0.9507 -0.2830 0.1267
vn -0.9491 -0.1716 0.2643
vn -0.9360 -0.2737 0.2211
vn -0.9735 -0.1669 0.1566
vn -0.2872 0.5085 0.8117
vn -0.3251 0.3610 0.8741
vn -0.2615 0.2043 0.9433
vn 0.5227 -0.6848 -0.5077
vn 0.5225 -0.6841 -0.5090
vn 0.5227 -0.6848 -0.5078
vn 0.5636 -0.7621 -0.3187
vn 0.6475 0.2049 0.7340
vn -0.6257 0.2943 0.7224
vn -0.6648 0.5504 0.5050
vn 0.8238 -0.3769 -0.4236
vn -0.2534 -0.6237 -0.7395
vn -0.1935 -0.5764 -0.7939
vn -0.1793 -0.8112 -0.5566
vn -0.2335 0.8776 0.4186
vn 0.0993 0.7541 0.6493
vn -0.1043 0.6048 0.7895
vn -0.8929 -0.4204 -0.1611
vn 0.7310 0.6689 0.1348
vn 0.6096 0.7456 0.2692
vn -0.9595 0.1449 -0.2417
vn -0.8235 0.1949 -0.5328
vn -0.9545 0.1726 0.2434
vn -0.6673 0.1517 -0.7292
vn 0.4558 0.6271 0.6317
vn 0.6483 0.4004 0.6476
vn -0.4811 -0.3465 -0.8052
vn -0.2311 -0.1567 -0.9602
vn -0.3797 -0.4293 -0.8194
vn -0.6077 0.1065 0.7870
vn -0.7188 -0.6859 -0.1135
vn -0.6627 -0.7003 -0.2652
vn 0.6875 -0.6736 -0.2712
vn -0.5218 0.8046 0.2834
vn -0.0698 -0.9728 -0.2209
vn -0.6385 -0.7642 -0.0913
vn 0.7442 0.6657 0.0551
vn -0.9847 -0.1265 0.1195
vn 0.8566 -0.4300 -0.2851
vn 0.3274 -0.7383 -0.5897
vn 0.1494 0.9525 0.2654
vn -0.1019 0.9254 0.3649
vn -0.1089 0.9049 0.4114
vn 0.2610 0.7242 0.6383
vn -0.4918 -0.6771 -0.5474
vn -0.6087 -0.7524 -0.2518
vn 0.7759 0.6000 0.1948
vn -0.8797 -0.3776 -0.2890
vn 0.9178 0.2912 0.2699
vn -0.0139 0.5621 0.8270
vn -0.6109 0.4870 0.6242
vn 0.9027 -0.3676 -0.2235
vn 0.9642 -0.2616 -0.0443
vn -0.9512 -0.1561 -0.2664
vn -0.9523 -0.1536 -0.2636
vn -0.9516 -0.1550 -0.2652
vn 0.7141 -0.5281 -0.4595
vn 0.1794 0.5578 0.8104
vn -0.6091 -0.4930 -0.6212
vn 0.7502 0.3354 0.5698
vn 0.8144 0.2539 0.5219
vn -0.9528 -0.1526 -0.2624
vn -0.8658 -0.3557 -0.3520
vn -0.2512 -0.3354 -0.9079
vn -0.8646 0.1024 0.4919
vn -0.3192 0.0669 0.9453
vn -0.0069 0.7176 -0.6964
vn -0.0555 0.7462 0.6634
vn -0.8658 -0.4616 -0.1932
vn -0.2512 -0.6511 -0.7162
vn -0.8618 0.2546 0.4387
vn -0.7079 0.5152 0.4831
vn -0.2791 0.4287 0.8592
vn -0.0808 -0.0597 -0.9949
vn 0.0265 0.9734 -0.2276
vn -0.8417 0.1544 0.5174
vn -0.0069 0.4046 -0.9145
vn -0.3132 0.9396 0.1384
vn 0.8443 -0.5104 0.1633
vn 0.0440 -0.8784 -0.4759
vn -0.1333 -0.9099 -0.3929
vn 0.1471 -0.9612 -0.2334
vn -0.1504 -0.7839 -0.6023
vn -0.9560 0.2841 -0.0735
vn -0.9977 0.0284 0.0611
vn -0.9977 0.0285 0.0610
vn -0.9977 0.0279 0.0617
vn -0.7296 -0.6789 -0.0820
vn -0.8521 -0.5167 -0.0833
vn -0.9974 0.0224 0.0691
vn -0.9920 0.1262 0.0097
vn -0.7119 0.5981 0.3680
vn -0.7517 0.6525 0.0960
vn -0.6847 0.7169 -0.1312
vn -0.6708 0.7383 0.0698
vn -0.5486 -0.6584 -0.5153
vn -0.4787 0.7038 0.5250
vn -0.4775 0.7045 0.5250
vn -0.4772 0.7047 0.5250
vn -0.4790 0.7035 0.5249
vn -0.0498 0.7525 0.6567
vn -0.0965 0.7355 0.6706
vn 0.3575 0.8173 0.4519
vn 0.2445 0.7258 0.6430
vn -0.4854 -0.8552 -0.1819
vn -0.6643 0.6563 0.3578
vn -0.8082 0.3858 0.4450
vn 0.7601 0.4855 0.4318
vn 0.4836 0.5153 0.7075
vn -0.8495 -0.3992 -0.3449
vn 0.0653 0.9971 -0.0377
vn -0.9803 -0.1518 -0.1265
vn 0.7429 -0.3370 -0.5784
vn 0.5654 -0.2115 -0.7972
vn -0.6887 0.6238 0.3696
vn -0.4835 0.5442 0.6856
vn 0.1950 -0.4916 -0.8487
vn 0.2153 -0.7280 -0.6509
vn 0.3978 -0.2572 -0.8807
vn 0.6574 0.5022 0.5618
vn 0.4790 0.4832 0.7328
vn 0.6312 0.3665 0.6835
vn 0.5372 -0.8424 0.0418
vn 0.4040 -0.9029 0.1469
vn -0.9782 -0.1789 -0.1054
vn -0.9266 -0.2079 -0.3133
vn 0.7702 0.6375 0.0198
vn -0.5824 -0.8126 0.0243
vn -0.5833 -0.8119 0.0252
vn -0.5863 -0.8096 0.0280
vn -0.5873 -0.8089 0.0288
vn 0.1904 -0.9665 0.1723
vn 0.6585 -0.7265 0.1965
vn -0.7366 0.6455 -0.2019
vn 0.9757 -0.1527 0.1572
vn 0.9809 -0.0324 0.1918
vn 0.9171 0.3608 0.1695
vn 0.8378 0.4044 0.3669
vn -0.7693 -0.5940 -0.2354
vn 0.4313 0.4204 0.7982
vn -0.3575 -0.6154 -0.7025
vn 0.3322 0.9250 0.1843
vn -0.3267 -0.9327 -0.1528
vn -0.1285 -0.3705 -0.9199
vn 0.0026 0.8286 0.5598
vn 0.3414 -0.6695 -0.6597
vn -0.3635 0.9304 0.0474
vn 0.3639 -0.9279 -0.0808
vn 0.8938 -0.3475 -0.2836
vn 0.9761 -0.0071 0.2173
vn 0.4827 -0.4479 -0.7526
vn 0.9179 -0.2608 -0.2992
vn 0.2633 0.1885 0.9461
vn 0.8463 0.0802 0.5267
vn 0.5882 0.2049 0.7823
vn 0.4935 0.2798 0.8235
vn -0.1572 -0.3808 -0.9112
vn -0.0516 0.3036 0.9514
vn -0.0001 -0.4071 -0.9134
vn -0.3586 0.3746 0.8550
vn 0.6729 -0.3315 -0.6613
vn -0.7569 0.2057 0.6203
vn -0.9372 0.1593 0.3103
vn -0.1125 -0.2553 -0.9603
vn -0.1855 -0.5190 -0.8344
vn 0.5673 -0.5566 -0.6069
vn 0.0985 -0.9826 -0.1578
vn -0.0286 -0.9596 -0.2799
vn 0.9413 0.0414 0.3350
vn 0.7650 0.2015 0.6117
vn 0.8232 0.3803 0.4217
vn 0.7428 0.6403 0.1955
vn 0.6421 0.6765 0.3606
vn -0.1705 0.7362 0.6549
vn 0.1496 0.5659 0.8108
vn -0.0255 0.3826 0.9236
vn -0.9839 0.1680 -0.0606
vn -0.8902 0.2945 -0.3475
vn 0.8168 -0.5673 -0.1052
vn 0.7562 -0.6412 -0.1306
vn -0.0956 -0.7774 -0.6217
vn -0.2703 -0.6113 -0.7438
vn -0.9563 0.2600 0.1335
vn -0.9784 -0.0239 0.2051
vn -0.9785 -0.0238 0.2050
vn -0.9783 -0.0246 0.2056
vn -0.8618 -0.4995 -0.0885
vn -0.9769 -0.0320 0.2114
vn -0.9801 0.0835 0.1799
vn -0.6505 0.4624 0.6025
vn -0.7293 0.5822 0.3594
vn -0.6957 0.7037 0.1445
vn -0.6537 0.6725 0.3470
vn -0.6174 -0.5284 -0.5828
vn -0.3975 0.5333 0.7467
vn -0.3964 0.5340 0.7468
vn -0.3961 0.5342 0.7468
vn -0.3978 0.5331 0.7467
vn -0.0219 0.5654 0.8246
vn 0.0019 0.5748 0.8183
vn 0.4005 0.6950 0.5971
vn 0.5760 0.4459 0.6851
vn 0.3757 0.5233 0.7649
vn 0.4017 0.5287 0.7478
vn -0.5517 -0.7979 -0.2429
vn -0.4194 -0.8960 -0.1458
vn -0.6056 0.5215 0.6011
vn -0.7352 0.2328 0.6367
vn 0.6694 0.4426 0.5967
vn -0.8905 -0.3312 -0.3120
vn 0.9650 0.2409 0.1036
vn 0.9638 0.0404 0.2637
vn 0.8550 0.4941 0.1577
vn 0.0943 0.9787 0.1825
vn 0.2359 -0.6105 -0.7561
vn 0.9836 0.1522 -0.0965
vn -0.9893 -0.1443 -0.0201
vn -0.9898 -0.1408 -0.0195
vn -0.9890 -0.1463 -0.0204
vn 0.8532 -0.3660 -0.3716
vn -0.0595 0.4517 -0.8902
vn -0.0603 0.4513 -0.8904
vn -0.4652 0.4301 -0.7737
vn -0.7113 0.6019 -0.3630
vn -0.6134 0.7635 -0.2020
vn -0.4881 0.8574 0.1632
vn -0.2717 0.9290 0.2512
vn 0.0019 0.9310 0.3650
vn 0.2759 0.9274 0.2524
vn 0.5040 0.8487 0.1604
vn 0.6590 0.7334 -0.1668
vn 0.7157 0.5760 -0.3949
vn 0.4320 0.4247 -0.7957
vn 0.0763 0.3966 -0.9148
vn -0.6280 0.4862 0.6076
vn -0.3792 0.3378 0.8614
vn 0.0705 -0.2568 -0.9639
vn 0.1386 -0.5220 -0.8416
vn 0.2646 -0.0171 -0.9642
vn 0.8737 0.1875 0.4489
vn 0.7379 0.2239 0.6368
vn 0.3800 -0.8585 -0.3444
vn -0.9865 -0.1409 -0.0840
vn 0.7675 0.6366 0.0754
vn 0.1898 0.9743 0.1210
vn 0.1894 0.9744 0.1210
vn 0.1899 0.9743 0.1210
vn 0.1899 -0.9749 -0.1162
vn -0.3932 0.9125 0.1129
vn 0.7161 -0.6932 -0.0820
vn -0.8117 0.5801 0.0676
vn 0.9908 -0.1343 -0.0173
vn 0.9384 0.3112 0.1501
vn 0.3940 0.8503 0.3491
vn 0.2452 0.5463 0.8009
vn 0.2918 0.2574 0.9212
vn -0.2060 -0.8765 -0.4351
vn -0.4332 0.5352 0.7251
vn -0.3570 0.8498 0.3878
vn 0.5263 -0.7630 -0.3753
vn -0.5398 0.1995 0.8178
vn 0.8504 -0.2611 -0.4568
vn -0.9672 0.1846 0.1746
vn -0.9051 0.3921 0.1643
vn 0.9844 -0.1442 -0.1007
vn -0.2048 -0.2298 -0.9514
vn -0.9792 -0.0546 0.1956
vn -0.9914 -0.0308 0.1268
vn 0.9305 -0.0032 0.3664
vn -0.7119 -0.1363 -0.6889
vn 0.7529 0.0292 0.6575
vn -0.4483 -0.1409 -0.8827
vn 0.4624 0.1098 0.8799
vn -0.4297 -0.1546 -0.8896
vn -0.1888 0.0593 0.9802
vn 0.3262 -0.1443 -0.9342
vn -0.5824 0.0302 0.8123
vn -0.8344 0.0352 0.5500
vn -0.0857 -0.7127 -0.6962
vn -0.0024 -0.9845 -0.1753
vn -0.1705 -0.9830 0.0685
vn 0.4714 -0.8412 -0.2650
vn 0.9548 0.0530 0.2925
vn 0.6103 0.7475 0.2623
vn 0.1054 0.8824 0.4586
vn -0.0379 -0.9197 -0.3909
vn -0.1857 -0.7792 -0.5986
vn -0.9977 0.0283 0.0612
vn -0.9977 0.0278 0.0619
vn -0.8514 -0.5178 -0.0836
vn -0.9972 0.0203 0.0718
vn -0.8597 0.4743 0.1897
vn -0.6705 0.7387 0.0685
vn -0.4786 0.7038 0.5250
vn -0.4501 -0.8883 -0.0916
vn -0.3538 -0.9209 -0.1638
vn -0.8012 0.3806 0.4618
vn -0.8001 0.3819 0.4626
vn -0.8009 0.3810 0.4620
vn -0.9084 0.3419 0.2405
vn -0.7998 0.3823 0.4628
vn 0.6588 0.6675 0.3470
vn 0.4972 0.4999 0.7092
vn -0.0751 0.9962 -0.0432
vn 0.3169 -0.7815 -0.5374
vn -0.9799 -0.1540 -0.1268
vn 0.7429 -0.3369 -0.5784
vn 0.5654 -0.2116 -0.7972
vn -0.5209 0.6598 0.5416
vn -0.4545 0.8232 0.3404
vn 0.2357 -0.7175 -0.6555
vn 0.4795 0.4830 0.7326
vn 0.5944 0.6349 0.4937
vn 0.5693 0.4130 0.7108
vn 0.4831 -0.8752 0.0234
vn 0.4592 -0.8877 -0.0325
vn 0.8149 0.5784 0.0373
vn -0.5821 -0.8128 0.0241
vn -0.5814 -0.8133 0.0235
vn -0.5791 -0.8150 0.0213
vn -0.5784 -0.8155 0.0207
vn 0.4080 0.9109 -0.0625
vn -0.1598 0.9749 -0.1549
vn 0.1780 -0.9705 0.1625
vn 0.6585 -0.7262 0.1975
vn -0.7399 0.6417 -0.2017
vn 0.9769 -0.1428 0.1589
vn 0.9400 -0.2898 0.1800
vn 0.9782 -0.0429 0.2031
vn -0.9001 -0.3979 -0.1774
vn -0.8994 -0.3976 -0.1815
vn -0.9001 -0.3980 -0.1773
vn 0.6910 0.6476 0.3211
vn -0.3596 -0.8535 -0.3772
vn 0.3374 0.9360 0.1002
vn -0.2187 -0.9684 -0.1202
vn 0.3003 -0.9073 -0.2944
vn -0.4208 0.8251 0.3771
vn 0.4972 -0.8676 -0.0062
vn 0.9777 -0.1740 0.1177
vn 0.7259 0.4681 0.5039
vn -0.7956 0.5604 0.2303
vn -0.8487 -0.4320 -0.3051
vn -0.9761 -0.0928 -0.1965
vn -0.6567 -0.6261 -0.4204
vn 0.6570 0.5776 0.4846
vn 0.2466 0.8119 0.5291
vn -0.1408 0.8574 0.4950
vn 0.3049 -0.8813 -0.3611
vn 0.6314 -0.7402 -0.2313
vn 0.8794 -0.4749 -0.0319
vn -0.9609 0.2769 0.0003
vn 0.0137 -0.1275 -0.9917
vn -0.0857 -0.4001 -0.9125
vn -0.1456 -0.9425 -0.3008
vn 0.5985 -0.6090 -0.5206
vn 0.6625 -0.6657 -0.3434
vn 0.0761 -0.9173 -0.3910
vn -0.0680 -0.8783 -0.4733
vn 0.7493 0.2800 0.6001
vn 0.7246 0.5985 0.3418
vn 0.6211 0.5753 0.5322
vn -0.2323 0.6649 0.7099
vn 0.0993 0.4560 0.8844
vn -0.1043 0.2652 0.9585
vn -0.9595 0.2249 -0.1698
vn -0.8235 0.3802 -0.4210
vn 0.8469 -0.5305 -0.0368
vn -0.0680 -0.7627 -0.6431
vn -0.1857 -0.4983 -0.8469
vn -0.9560 0.2909 0.0383
vn -0.9977 0.0036 0.0672
vn -0.7240 -0.6078 -0.3262
vn -0.8343 -0.4754 -0.2791
vn -0.9971 -0.0099 0.0753
vn -0.7119 0.4167 0.5652
vn -0.7517 0.5691 0.3334
vn -0.6585 0.6688 0.3452
vn -0.4704 -0.5753 -0.6691
vn -0.5482 -0.4037 -0.7325
vn -0.4787 0.4559 0.7503
vn -0.4775 0.4566 0.7507
vn -0.4772 0.4568 0.7508
vn -0.4790 0.4557 0.7502
vn 0.3019 0.8940 0.3310
vn 0.4109 0.8590 0.3054
vn -0.0498 0.4518 0.8907
vn -0.0965 0.4308 0.8973
vn 0.3577 0.5891 0.7246
vn 0.2445 0.4322 0.8680
vn -0.5059 -0.7140 -0.4840
vn -0.7643 0.2099 0.6098
vn -0.7439 0.4739 0.4712
vn -0.7998 0.1812 0.5723
vn 0.6595 0.4894 0.5707
vn 0.4972 0.1979 0.8447
vn -0.7311 -0.4982 -0.4662
vn -0.8443 -0.2721 -0.4617
vn -0.1070 0.9305 0.3504
vn 0.0026 0.8190 0.5738
vn 0.3169 -0.5234 -0.7910
vn 0.8991 -0.3886 -0.2016
vn 0.7392 0.5797 0.3429
vn 0.7429 -0.0958 -0.6625
vn 0.5654 0.1024 -0.8184
vn -0.0909 0.9322 0.3504
vn -0.5181 0.4349 0.7365
vn -0.4835 0.2478 0.8395
vn 0.1950 -0.1380 -0.9711
vn 0.2357 -0.4197 -0.8765
vn 0.3978 0.0913 -0.9129
vn 0.7797 0.2123 0.5891
vn 0.4795 0.1735 0.8602
vn 0.6314 0.0734 0.7720
vn 0.5523 -0.7893 -0.2682
vn 0.4049 -0.8922 -0.2003
vn -0.9792 -0.1634 -0.1202
vn -0.7186 -0.6422 -0.2668
vn 0.3338 0.9013 0.2762
vn -0.2833 -0.9195 -0.2726
vn -0.3300 0.9249 0.1886
vn 0.5604 -0.8167 -0.1378
vn 0.5560 -0.8215 -0.1266
vn 0.5563 -0.8211 -0.1274
vn -0.7916 0.6102 0.0338
vn -0.9727 0.2152 -0.0868
vn 0.9748 -0.2051 0.0882
vn 0.9988 -0.0438 -0.0236
vn -0.8311 -0.4789 -0.2829
vn 0.6536 0.6849 0.3220
vn 0.3023 0.8228 0.4812
vn 0.3828 0.7026 0.5999
vn 0.3094 -0.6935 -0.6507
vn 0.2801 -0.8802 -0.3832
vn -0.3155 0.7115 0.6279
vn 0.7884 -0.5033 -0.3537
vn 0.8805 -0.4568 -0.1269
vn -0.9202 0.2960 0.2560
vn -0.8629 -0.4074 -0.2990
vn -0.6666 -0.5536 -0.4991
vn 0.7193 0.4686 0.5129
vn -0.4450 -0.6393 -0.6271
vn -0.0838 -0.6728 -0.7351
vn -0.0276 0.6145 0.7884
vn 0.2926 -0.6190 -0.7289
vn 0.4832 -0.5594 -0.6735
vn -0.5476 0.4499 0.7055
vn -0.7115 0.3718 0.5963
vn 0.9116 -0.2208 -0.3468
vn -0.9759 0.0253 0.2169
vn 0.8293 -0.2682 -0.4902
vn 0.8971 -0.3436 -0.2778
vn 0.8509 -0.0782 0.5195
vn 0.7558 0.1501 0.6373
vn 0.7965 0.3806 0.4698
vn 0.8381 -0.0061 0.5455
vn 0.9194 -0.0942 0.3819
vn 0.0347 0.4754 -0.8791
vn -0.2775 0.6342 -0.7217
vn -0.6333 0.6781 -0.3729
vn -0.4819 0.8504 0.2113
vn -0.0151 0.8762 0.4818
vn 0.0053 0.9864 0.1645
vn 0.3876 0.4897 -0.7810
vn 0.2141 0.5011 -0.8385
vn 0.8293 -0.4322 -0.3540
vn 0.8971 -0.4226 -0.1289
vn 0.8509 0.1221 0.5110
vn 0.7558 0.3779 0.5347
vn 0.7965 0.5280 0.2947
vn 0.8402 0.1926 0.5069
vn 0.9072 0.0694 0.4150
vn 0.0347 0.1116 -0.9931
vn -0.2775 0.3177 -0.9067
vn -0.6333 0.4891 -0.5997
vn -0.4819 0.8676 -0.1225
vn -0.0151 0.9928 0.1186
vn -0.0340 0.8775 0.4783
vn 0.0052 0.4384 -0.8988
vn 0.4007 0.1522 -0.9035
vn 0.2141 0.1507 -0.9651
vn 0.8293 -0.4323 -0.3540
vn 0.8595 0.1125 0.4987
vn 0.8255 0.2179 0.5207
vn 0.9099 0.0690 0.4090
vn 0.9097 0.0702 0.4093
vn 0.9092 0.0725 0.4100
vn 0.0432 0.1299 -0.9906
vn -0.3282 0.2345 -0.9150
vn -0.6350 0.4872 -0.5995
vn 0.0053 0.9762 -0.2169
vn 0.3876 0.1616 -0.9076
vn 0.1902 0.1954 -0.9621
vn 0.9677 -0.2517 -0.0136
vn 0.9935 0.0999 0.0545
vn 0.1007 -0.9945 -0.0269
vn 0.4705 -0.8707 0.1433
vn -0.5564 -0.7955 0.2399
vn 0.4417 -0.8925 -0.0918
vn 0.5936 -0.8047 0.0044
vn -0.3155 -0.9236 0.2179
vn -0.8791 0.4502 0.1568
vn -0.8498 0.4450 0.2826
vn 0.8615 -0.5078 -0.0000
vn -0.4929 0.8654 -0.0897
vn 0.0732 0.9815 0.1767
vn 0.2184 0.9748 -0.0458
vn 0.2151 0.9755 -0.0462
vn 0.2082 0.9770 -0.0469
vn 0.8851 -0.0638 -0.4609
vn -0.7761 -0.5984 0.1992
vn -0.7985 -0.5728 0.1851
vn 0.9974 0.0598 -0.0409
vn 0.9156 0.3549 -0.1891
vn 0.8736 0.4794 0.0841
vn 0.4605 0.8734 -0.1587
vn 0.9029 0.4054 -0.1430
vn 0.4630 -0.8810 0.0978
vn -0.3504 0.9132 -0.2079
vn 0.0502 0.9980 0.0383
vn -0.3648 0.9057 0.2160
vn -0.1833 0.9822 0.0402
vn -0.3490 0.9003 -0.2601
vn -0.4021 0.9089 0.1107
vn 0.4868 -0.8620 0.1413
vn 0.6572 -0.7350 0.1669
vn 0.4111 0.9023 0.1300
vn 0.7961 0.6042 -0.0352
vn -0.6086 0.7523 -0.2523
vn -0.9896 -0.1409 -0.0297
vn -0.9885 -0.1481 -0.0287
vn -0.9890 -0.1453 -0.0291
vn 0.1812 0.9696 -0.1645
vn 0.1053 -0.1817 -0.9777
vn 0.0254 0.3680 -0.9295
vn -0.9301 -0.2784 0.2396
vn -0.8307 -0.4893 0.2655
vn -0.9440 -0.3237 0.0634
vn -0.9606 -0.2770 0.0209
vn -0.9216 0.3854 -0.0455
vn -0.5772 -0.8052 0.1361
vn 0.1071 0.9585 -0.2642
vn 0.2050 0.9776 -0.0473
vn -0.4097 -0.7940 -0.4492
vn -0.2035 -0.9641 -0.1704
vn -0.5383 0.8423 0.0273
vn -0.8542 -0.4883 0.1787
vn -0.9972 0.0036 -0.0743
vn -0.2151 0.1613 0.9632
vn 0.1454 0.0682 -0.9870
vn 0.1661 0.7641 0.6233
vn -0.7108 -0.1728 -0.6818
vn 0.5319 0.1041 -0.8404
vn -0.4588 0.2013 0.8655
vn 0.5456 -0.0470 0.8367
vn -0.8647 -0.0829 0.4955
vn -0.7633 0.2291 -0.6041
vn 0.4066 0.1798 0.8957
vn -0.8739 -0.0798 -0.4795
vn 0.9985 0.0420 -0.0364
vn 0.9981 -0.0315 -0.0534
vn 0.9897 0.0744 0.1219
vn 0.9900 0.0738 0.1206
vn 0.9903 0.0723 0.1188
vn 0.7947 0.1898 -0.5766
vn 0.9988 -0.0366 -0.0334
vn 0.8322 0.4351 0.3437
vn 0.6695 0.4771 0.5693
vn -0.9209 0.0179 -0.3894
vn -0.9286 0.1374 -0.3447
vn -0.8619 -0.2326 -0.4505
vn -0.3639 0.1140 -0.9244
vn -0.0509 -0.4730 -0.8796
vn -0.8230 -0.0330 0.5671
vn -0.7687 0.3236 0.5517
vn 0.5224 -0.3052 0.7962
vn 0.3407 0.4330 0.8346
vn 0.3844 -0.1293 0.9141
vn 0.5845 -0.4027 -0.7044
vn -0.2414 0.3130 -0.9186
vn -0.4035 -0.4575 -0.7924
vn 0.9314 -0.2328 0.2797
vn 0.7364 -0.4885 0.4681
vn -0.9507 -0.2021 0.2350
vn -0.9510 -0.1960 0.2393
vn -0.9510 -0.1961 0.2391
vn -0.9915 0.0824 -0.1010
vn 0.9795 -0.1517 0.1326
vn 0.9796 -0.1468 0.1371
vn 0.9795 -0.1515 0.1328
vn -0.8551 -0.2925 0.4280
vn 0.8271 -0.3468 0.4422
vn 0.9011 -0.2929 0.3197
vn 0.8082 0.4760 -0.3467
vn 0.6001 0.5756 -0.5555
vn 0.7458 0.3536 -0.5645
vn -0.6196 0.5632 -0.5467
vn 0.6669 0.5821 -0.4651
vn 0.1941 -0.5772 0.7932
vn 0.0885 -0.4855 0.8697
vn -0.1214 -0.7654 0.6320
vn -0.3376 -0.6464 0.6843
vn -0.6245 -0.3797 0.6825
vn 0.5403 -0.8062 0.2411
vn 0.3732 -0.9028 0.2135
vn -0.5948 -0.7511 -0.2863
vn 0.9375 0.3211 0.1343
vn -0.7185 -0.6349 -0.2841
vn -0.7792 -0.3262 -0.5353
vn 0.1319 0.9886 0.0721
vn -0.0960 0.9796 0.1763
vn 0.7510 0.6593 -0.0373
vn -0.4844 -0.8276 0.2836
vn 0.2076 -0.9676 0.1440
vn -0.7219 -0.6799 -0.1289
vn -0.6535 0.7556 0.0441
vn -0.1279 0.9088 0.3971
vn -0.8662 0.4000 0.2994
vn -0.4750 -0.4459 -0.7587
vn 0.8376 -0.5167 0.1771
vn 0.9566 -0.2537 0.1435
vn -0.2247 -0.9683 0.1088
vn -0.2309 -0.9672 0.1061
vn -0.2339 -0.9666 0.1048
vn -0.9777 0.2050 0.0465
vn -0.7163 0.6894 -0.1079
vn -0.7781 0.4691 -0.4178
vn -0.8970 0.4241 -0.1242
vn -0.5597 0.7965 -0.2286
vn -0.6202 -0.7826 0.0534
vn -0.4719 0.8793 -0.0646
vn -0.4870 0.8714 -0.0590
vn 0.3241 0.9229 -0.2079
vn -0.0753 0.9971 -0.0132
vn -0.0981 0.9952 -0.0047
vn 0.2084 0.9776 -0.0293
vn 0.3305 0.9198 0.2114
vn 0.3532 0.9353 0.0203
vn 0.3191 0.9469 0.0390
vn -0.5282 -0.8398 0.1259
vn -0.8493 0.5274 -0.0240
vn 0.6504 0.7596 0.0015
vn 0.3216 0.9324 -0.1647
vn -0.6984 -0.7071 0.1105
vn -0.1371 0.9756 -0.1714
vn 0.0513 -0.9875 0.1491
vn -0.5036 -0.8255 0.2548
vn -0.5045 -0.8251 0.2543
vn -0.5018 -0.8263 0.2557
vn -0.4343 -0.7512 0.4970
vn -0.7135 -0.6549 0.2489
vn 0.8929 -0.3754 0.2485
vn 0.8961 0.4395 -0.0627
vn 0.5934 -0.6868 -0.4196
vn 0.6635 -0.7227 -0.1936
vn 0.2801 -0.9576 0.0679
vn 0.1871 -0.8310 -0.5239
vn 0.4878 0.8399 0.2381
vn 0.4067 0.6213 -0.6698
vn 0.1069 -0.8953 0.4325
vn 0.0931 -0.9471 0.3070
vn 0.1995 -0.9134 0.3550
vn 0.9530 0.1228 -0.2770
vn 0.0360 -0.9580 0.2843
vn -0.4641 -0.8073 0.3644
vn -0.6977 0.5014 -0.5116
vn -0.9587 0.1405 -0.2473
vn -0.9531 0.2788 -0.1174
vn -0.9269 0.3136 -0.2064
vn 0.1082 -0.6172 0.7793
vn -0.9835 0.1712 -0.0588
vn -0.9988 0.0382 0.0290
vn -0.3702 0.7456 -0.5541
vn -0.9355 0.3192 -0.1512
vn -0.6474 0.6473 -0.4024
vn -0.7954 0.4737 -0.3781
vn -0.7773 0.5861 -0.2285
vn -0.2926 0.8576 -0.4231
vn -0.4811 0.8379 -0.2578
vn 0.4261 -0.8567 0.2907
vn 0.3099 -0.8895 0.3358
vn 0.1476 -0.8477 0.5095
vn -0.5612 -0.5993 0.5709
vn -0.5556 -0.7808 0.2858
vn -0.6508 -0.6496 0.3931
vn -0.7941 -0.5920 0.1379
vn -0.3801 0.5509 -0.7430
vn -0.4482 0.6844 -0.5751
vn -0.9865 0.1437 -0.0790
vn 0.3446 -0.7479 0.5674
vn -0.1300 0.9228 -0.3626
vn 0.0985 0.8358 -0.5402
vn -0.8752 -0.3922 0.2833
vn 0.5379 0.8110 -0.2300
vn 0.9991 0.0362 -0.0227
vn 0.8392 0.4907 -0.2343
vn 0.8542 0.4868 -0.1827
vn 0.5877 -0.7360 0.3360
vn 0.9134 -0.3651 0.1803
vn 0.8929 -0.4350 0.1167
vn 0.8333 0.5202 -0.1870
vn 0.8903 0.4039 -0.2103
vn 0.9887 -0.1351 0.0648
vn 0.9888 -0.1317 0.0700
vn -0.0475 0.9360 -0.3488
vn -0.2484 0.9287 -0.2755
vn 0.2408 0.8852 -0.3980
vn 0.2781 0.8225 -0.4962
vn 0.7399 -0.6704 0.0563
vn 0.6907 -0.6075 -0.3923
vn 0.0174 -0.9914 -0.1301
vn 0.9483 -0.1086 0.2981
vn 0.4527 -0.3381 0.8251
vn -0.0229 0.8298 -0.5576
vn -0.0013 0.4101 -0.9120
vn 0.0653 -0.6544 -0.7533
vn -0.6340 -0.5615 -0.5317
vn -0.5681 -0.6024 -0.5607
vn 0.9994 -0.0111 -0.0339
vn 0.9949 0.0876 0.0497
vn 0.5565 0.6004 0.5743
vn 0.6569 0.5508 0.5148
vn 0.3722 0.7193 0.5866
vn 0.5508 0.5477 0.6298
vn -0.8399 0.3857 0.3818
vn -0.7169 0.5687 0.4033
vn 0.2873 -0.7398 -0.6084
vn -0.0687 0.7386 0.6706
vn -0.8663 0.3734 0.3318
vn 0.1233 -0.6575 -0.7433
vn 0.3995 -0.5891 -0.7024
vn 0.4243 -0.6694 -0.6098
vn 0.9652 -0.1964 -0.1725
vn -0.5392 0.6592 0.5241
vn -0.4329 0.5953 0.6769
vn -0.9637 0.1993 0.1776
vn -0.6875 -0.4617 -0.5605
vn -0.1329 0.7271 0.6735
vn 0.3579 0.6675 0.6529
vn 0.9667 0.1980 0.1624
vn 0.9676 0.1941 0.1613
vn 0.9673 0.1954 0.1617
vn 0.4515 -0.6417 -0.6200
vn -0.0772 -0.7229 -0.6867
vn -0.5304 0.6587 0.5337
vn -0.4929 0.5473 0.6764
vn 0.9003 -0.2931 -0.3218
vn 0.9735 -0.1693 -0.1540
vn 0.9880 -0.1158 -0.1023
vn -0.9958 0.0677 0.0612
vn -0.9958 0.0665 0.0624
vn -0.9473 0.2679 0.1756
vn -0.0720 -0.7608 -0.6450
vn 0.9805 0.1810 0.0770
vn 0.1370 0.6903 -0.7105
vn 0.0983 -0.1424 -0.9849
vn 0.4372 -0.1590 -0.8852
vn 0.1111 0.4696 -0.8759
vn 0.2462 -0.4741 -0.8453
vn 0.0712 -0.3656 -0.9280
vn 0.2969 0.2828 -0.9121
vn 0.1636 0.8548 -0.4925
vn 0.3113 -0.5866 -0.7476
vn -0.0148 0.1299 -0.9914
vn 0.7563 0.3947 -0.5217
vn 0.4625 0.3128 -0.8296
vn 0.6589 -0.5359 -0.5279
vn 0.6588 -0.5359 -0.5280
vn 0.6577 -0.5365 -0.5288
vn 0.4972 0.7925 -0.3533
vn 0.4255 0.6563 -0.6231
vn 0.2970 -0.7953 -0.5284
vn 0.2950 -0.7936 -0.5321
vn 0.2972 -0.7954 -0.5282
vn 0.8240 -0.0996 -0.5578
vn 0.9755 -0.1002 -0.1959
vn 0.9101 -0.3554 -0.2131
vn 0.3286 0.9392 -0.0997
vn 0.7679 -0.6381 -0.0564
vn 0.5082 0.7930 -0.3359
vn 0.7047 0.7067 -0.0633
vn 0.6676 0.7074 -0.2321
vn 0.5490 -0.8257 -0.1296
vn 0.5323 -0.8287 -0.1730
vn 0.7314 -0.5679 0.3777
vn 0.9399 0.1125 0.3224
vn 0.9397 0.1131 0.3227
vn 0.9400 0.1123 0.3223
vn 0.5580 -0.7737 0.3002
vn 0.9206 -0.3789 0.0948
vn 0.9368 -0.2902 0.1956
vn 0.9010 -0.2896 0.3230
vn 0.8501 0.4132 0.3266
vn 0.9293 0.3672 -0.0397
vn 0.4044 0.9119 0.0700
vn 0.6612 -0.2788 0.6965
vn 0.5940 -0.2708 0.7575
vn 0.7538 0.2779 0.5954
vn 0.1746 0.9607 0.2157
vn 0.6864 -0.5953 0.4177
vn 0.4267 -0.6390 0.6401
vn 0.5515 0.1146 0.8263
vn 0.4507 0.7861 0.4231
vn 0.4574 -0.8352 0.3054
vn 0.5552 0.5874 0.5888
vn 0.1263 -0.8346 0.5363
vn 0.2328 -0.1692 0.9577
vn 0.2387 -0.1718 0.9558
vn 0.2339 -0.1697 0.9573
vn 0.3872 0.4402 0.8102
vn 0.3829 0.5606 0.7342
vn 0.0305 0.4900 0.8712
vn 0.2444 0.2534 0.9360
vn 0.2431 0.2531 0.9364
vn 0.2461 0.2538 0.9354
vn 0.0729 -0.6140 0.7860
vn 0.1107 0.0823 0.9904
vn -0.2615 -0.6412 0.7215
vn -0.1536 0.7664 0.6237
vn -0.2609 -0.8374 0.4803
vn -0.1651 0.4726 0.8657
vn 0.0334 -0.9550 0.2947
vn -0.1041 -0.3488 0.9314
vn -0.2669 -0.2583 0.9285
vn -0.2449 -0.2594 0.9342
vn -0.4136 -0.4454 0.7940
vn -0.3474 0.2148 0.9128
vn -0.2139 -0.9127 0.3483
vn -0.6553 -0.2517 0.7122
vn -0.7590 -0.2914 0.5822
vn -0.5841 0.2727 0.7645
vn -0.3927 0.8714 0.2939
vn -0.5531 -0.6290 0.5462
vn -0.8430 0.0986 0.5288
vn -0.3677 0.7941 0.4839
vn -0.7795 0.4591 0.4261
vn -0.5131 0.5305 0.6747
vn -0.6891 0.7129 0.1303
vn -0.9623 -0.1747 0.2087
vn -0.8308 0.5276 0.1770
vn -0.2926 -0.9429 0.1593
vn -0.9026 -0.3963 0.1682
vn -0.8523 0.4264 0.3029
vn -0.4116 0.8712 0.2675
vn -0.6922 -0.6624 0.2866
vn -0.8161 -0.4812 0.3201
vn -0.9853 0.1467 0.0881
vn -0.3067 0.9518 0.0084
vn -0.7647 -0.6388 -0.0848
vn -0.7110 -0.6250 -0.3222
vn -0.9852 0.1679 -0.0352
vn -0.8683 0.1199 -0.4813
vn -0.6824 0.7309 -0.0109
vn -0.9296 -0.1721 -0.3259
vn -0.9283 -0.1711 -0.3300
vn -0.9285 -0.1712 -0.3295
vn -0.7831 0.6007 -0.1611
vn -0.7288 0.5744 -0.3726
vn -0.8980 -0.3621 -0.2501
vn -0.8862 0.4578 -0.0715
vn -0.7963 0.4178 -0.4375
vn -0.4745 0.5220 -0.7088
vn -0.8121 -0.2588 -0.5230
vn -0.4789 0.2439 -0.8433
vn -0.6921 -0.4743 -0.5440
vn -0.5453 -0.4974 -0.6747
vn -0.7784 0.1199 -0.6163
vn -0.5140 0.8072 -0.2903
vn -0.5249 -0.7622 -0.3789
vn -0.4040 -0.7336 -0.5464
vn -0.6748 -0.0545 -0.7360
vn -0.6187 -0.0630 -0.7831
vn -0.1271 -0.8439 -0.5212
vn -0.0463 -0.7205 -0.6919
vn -0.2848 0.5226 -0.8036
vn -0.1718 -0.9538 -0.2465
vn -0.2591 -0.2505 -0.9328
vn -0.2965 0.2417 -0.9239
vn -0.0956 -0.9836 -0.1531
vn -0.1359 0.9051 -0.4030
vn -0.2276 0.8704 -0.4366
vn -0.2284 -0.5542 -0.8004
vn -0.2280 -0.5532 -0.8012
vn -0.2284 -0.5542 -0.8005
vn -0.0905 0.7735 -0.6273
vn -0.3617 -0.1666 -0.9173
vn -0.1621 -0.2635 -0.9509
vn -0.1538 0.4568 -0.8762
vn -0.2466 -0.6152 -0.7488
vn -0.1214 -0.5353 -0.8359
vn -0.1600 0.1542 -0.9750
vn -0.0865 0.1366 -0.9868
vn -0.7748 -0.3136 -0.5490
vn -0.4641 0.2703 -0.8435
vn -0.6500 0.0719 -0.7566
vn -0.5538 0.7377 -0.3861
vn -0.5755 -0.7828 -0.2366
vn -0.4448 0.5866 -0.6768
vn -0.9329 -0.1013 -0.3457
vn -0.7591 0.6474 -0.0675
vn -0.3089 -0.9415 -0.1350
vn -0.8681 -0.2409 -0.4341
vn -0.9205 0.3049 -0.2445
vn -0.5228 0.8354 -0.1697
vn -0.5260 -0.8041 -0.2770
vn -0.7915 -0.5053 0.3437
vn -0.9931 0.1167 -0.0126
vn -0.5346 0.8233 0.1908
vn -0.7884 0.6144 0.0290
vn -0.4368 -0.8885 0.1408
vn -0.5523 -0.8285 0.0927
vn -0.9695 -0.2364 0.0654
vn -0.9152 0.2726 0.2967
vn -0.9117 0.4109 0.0004
vn -0.4468 0.8907 0.0843
vn -0.1210 0.9917 0.0442
vn -0.6439 -0.2993 0.7041
vn -0.6520 0.4036 0.6419
vn -0.2332 0.8991 0.3706
vn -0.6852 0.1579 0.7111
vn -0.4931 0.7535 0.4348
vn -0.3251 0.8264 0.4598
vn -0.8656 -0.1346 0.4823
vn -0.2480 -0.8985 0.3622
vn -0.3641 -0.8741 0.3215
vn -0.3276 0.5835 0.7431
vn -0.1599 -0.8645 0.4764
vn -0.3311 -0.4095 0.8501
vn -0.1954 -0.3068 0.9315
vn 0.0083 -0.9927 0.1204
vn -0.1918 0.9110 0.3651
vn -0.0293 0.7800 0.6252
vn 0.1979 0.8841 0.4234
vn 0.3559 -0.5420 0.7613
vn 0.1087 0.0845 0.9905
vn 0.3697 0.1464 0.9175
vn 0.2261 0.6164 0.7543
vn 0.0628 0.4684 0.8813
vn 0.1649 0.5114 0.8434
vn 0.2944 0.6408 0.7090
vn 0.1269 -0.8913 0.4352
vn 0.0870 -0.8742 0.4777
vn 0.1630 -0.3802 0.9104
vn -0.0068 0.2980 0.9545
vn 0.2884 -0.8786 0.3806
vn 0.6293 -0.3421 0.6978
vn 0.6952 -0.4530 0.5580
vn 0.7818 0.2608 0.5665
vn 0.3594 0.7903 0.4962
vn 0.5688 0.4791 0.6685
vn 0.5662 0.7994 0.2011
vn 0.5352 0.8371 0.1134
vn 0.5484 -0.8108 0.2046
vn 0.9100 -0.1099 0.3997
vn 0.7137 0.5869 0.3824
vn 0.4505 -0.8905 0.0636
vn 0.9185 -0.2903 0.2684
vn 0.9259 0.2838 0.2493
vn 0.8328 0.3345 0.4410
vn 0.4376 0.8975 0.0558
vn 0.2785 0.9539 0.1124
vn 0.7397 -0.6073 0.2899
vn 0.4218 0.8884 -0.1813
vn 0.8106 -0.5163 -0.2764
vn 0.9739 0.1155 -0.1951
vn 0.7294 -0.6819 0.0543
vn 0.7893 0.5433 -0.2859
vn 0.4343 -0.8849 -0.1683
vn 0.4810 -0.8700 -0.1081
vn 0.9131 -0.2733 -0.3025
vn 0.9521 -0.2198 -0.2124
vn 0.9205 0.3838 -0.0734
vn 0.5491 0.5530 -0.6266
vn 0.2965 -0.8691 -0.3960
vn 0.3913 -0.8651 -0.3139
vn 0.6462 -0.3630 -0.6713
vn 0.6495 0.2965 -0.7002
vn 0.5117 -0.6063 -0.6088
vn 0.5192 -0.5043 -0.6900
vn 0.8682 0.1497 -0.4731
vn 0.4372 0.7871 -0.4351
vn 0.6782 -0.1574 -0.7178
vn 0.8363 -0.0769 -0.5428
vn 0.2064 0.6737 -0.7096
vn 0.1786 -0.7653 -0.6184
vn 0.3663 -0.1503 -0.9183
vn 0.0919 -0.1211 -0.9884
vn 0.3303 -0.4465 -0.8316
vn 0.2100 0.3972 -0.8934
vn 0.0705 0.8870 -0.4564
vn 0.1400 -0.5139 -0.8464
vn 0.3284 0.0934 -0.9399
vn -0.5802 0.8126 -0.0564
vn -0.8773 0.4799 -0.0032
vn -0.5321 0.8462 0.0265
vn -0.7451 0.6666 0.0233
vn 0.7222 0.6892 0.0581
vn 0.8466 0.5298 -0.0504
vn 0.8322 0.5529 0.0408
vn 0.7480 0.6584 -0.0831
vn 0.9341 0.3562 -0.0256
vn 0.7635 0.6454 0.0216
vn 0.5161 0.8559 0.0332
vn 0.5846 0.8094 -0.0560
vn 0.5675 0.8224 -0.0409
vn 0.5819 0.7974 0.1596
vn 0.7627 0.6459 -0.0320
vn 0.8071 0.5833 0.0915
vn -0.0095 -0.9968 0.0789
vn 0.5696 0.8125 0.1244
vn 0.1090 -0.9930 -0.0446
vn 0.0471 -0.9986 -0.0241
vn 0.1741 -0.9793 -0.1035
vn 0.1875 -0.9806 0.0581
vn 0.5545 -0.8255 0.1051
vn -0.0137 -0.9847 0.1736
vn -0.4776 -0.8711 0.1139
vn -0.9541 0.2990 0.0172
vn 0.0457 -0.9986 -0.0271
vn -0.7563 0.6521 0.0533
vn 0.2948 -0.9515 0.0875
vn -0.0750 -0.9971 -0.0115
vn -0.8808 0.4641 0.0937
vn -0.6198 0.7797 0.0894
vn -0.1057 -0.9942 -0.0212
vn -0.1522 -0.9868 -0.0555
vn -0.1752 -0.9747 0.1390
vn 0.0047 -0.9899 0.1414
vn 0.3916 -0.9118 0.1237
vn 0.2181 -0.9555 0.1984
vn -0.9744 0.1787 0.1365
vn 0.0004 -0.9784 0.2069
vn 0.4660 -0.8662 0.1804
vn -0.9680 0.1149 0.2232
vn -0.0077 -0.9999 0.0134
vn -0.0080 -0.9999 0.0131
vn -0.0130 -0.9999 0.0083
vn 0.0053 0.9136 0.4065
vn -0.1901 -0.9815 0.0216
vn -0.0143 -0.9999 0.0070
vn -0.4291 -0.9020 0.0470
vn -0.2797 -0.9558 0.0903
vn -0.9950 -0.0893 0.0438
vn 0.9421 0.3345 0.0245
vn -0.9992 -0.0340 -0.0230
vn -0.3484 0.9292 -0.1232
vn -0.9989 -0.0384 0.0278
vn -0.9908 -0.1178 0.0660
vn -0.8588 -0.4771 0.1866
vn -0.3490 0.9361 -0.0436
vn -0.3415 0.9092 -0.2381
vn -0.0337 0.9950 0.0942
vn -0.5412 0.8373 0.0773
vn 0.7809 0.6123 0.1237
vn -0.9999 0.0151 0.0007
vn -0.9258 0.2753 0.2592
vn -0.5380 0.8306 0.1437
vn 0.9624 0.1076 0.2495
vn 0.8611 -0.4981 0.1017
vn 0.9562 -0.2751 0.1000
vn 0.9831 0.0204 0.1818
vn 0.7469 -0.6556 0.1107
vn 0.9120 -0.0124 0.4100
vn 0.9735 -0.0587 0.2208
vn 0.9531 0.2116 0.2166
vn 0.8752 0.3578 0.3256
vn -0.8260 -0.5620 -0.0431
vn -0.1026 -0.3440 0.9333
vn -0.8507 -0.5254 -0.0161
vn 0.0859 -0.4056 0.9100
vn 0.4272 -0.2742 0.8616
vn 0.7418 -0.0694 0.6670
vn 0.0133 -0.4362 0.8997
vn 0.8403 0.5391 0.0575
vn 0.8906 -0.1011 0.4434
vn 0.7369 -0.6115 0.2881
vn 0.5706 0.7690 0.2882
vn -0.1223 -0.5274 0.8408
vn -0.0313 -0.5075 0.8611
vn 0.0021 -0.4357 0.9001
vn -0.0191 -0.3839 0.9232
vn 0.7162 -0.6881 0.1167
vn 0.7658 0.6405 0.0576
vn 0.0005 0.9689 0.2476
vn 0.5761 0.8170 0.0223
vn 0.6194 0.7800 0.0892
vn 0.8839 0.4637 0.0611
vn -0.8483 -0.5174 0.1123
vn -0.7821 -0.6143 0.1051
vn -0.6873 -0.7163 0.1206
vn -0.8916 -0.4484 0.0639
vn 0.6756 -0.7193 0.1618
vn 0.9257 -0.3335 0.1786
vn 0.9781 0.1685 0.1220
vn 0.8811 -0.4495 0.1467
vn -0.6836 -0.7121 0.1597
vn 0.9605 0.1841 0.2086
vn -0.9134 -0.3621 0.1858
vn -0.7826 -0.6029 0.1550
vn -0.8137 0.4281 0.3933
vn -0.6249 0.5670 0.5366
vn -0.7261 0.3115 0.6131
vn -0.6583 -0.0052 0.7527
vn -0.6394 0.2007 0.7422
vn -0.9619 0.1062 0.2521
vn -0.8745 -0.4698 0.1210
vn -0.7833 -0.6152 0.0887
vn -0.9930 -0.0152 0.1172
vn 0.9976 -0.0568 0.0392
vn -0.9048 0.3142 0.2875
vn -0.9855 0.0198 0.1685
vn 0.9350 -0.3514 0.0468
vn 0.9992 -0.0378 -0.0148
vn 0.9985 0.0544 0.0037
vn 0.9932 -0.1138 -0.0245
vn 0.9998 0.0221 0.0011
vn 0.9222 -0.3758 0.0917
vn 0.8159 -0.5734 0.0748
vn 0.9957 -0.0852 0.0356
vn 0.9377 0.3475 -0.0002
vn 0.9384 0.3456 0.0026
vn 0.9397 0.3419 0.0079
vn 0.8555 -0.5117 0.0794
vn 0.8039 -0.5844 0.1102
vn 0.9404 0.3399 0.0108
vn 0.8684 -0.4957 -0.0133
vn 0.9949 -0.0982 -0.0232
vn 0.9947 -0.0989 -0.0271
vn 0.9948 -0.0985 -0.0250
vn 0.7040 -0.7063 -0.0748
vn 0.8565 -0.5062 -0.1008
vn -0.8701 0.3741 0.3208
vn 0.9595 -0.2782 -0.0439
vn -0.9771 0.0941 0.1910
vn -0.7394 -0.5940 0.3171
vn -0.9116 0.1839 0.3676
vn -0.9386 -0.2898 0.1870
vn -0.8900 0.2431 0.3857
vn -0.8634 0.2427 0.4423
vn -0.8149 0.3680 0.4478
vn 0.3559 0.9345 -0.0033
vn 0.3632 0.9240 -0.1198
vn 0.3228 0.9412 0.1001
vn 0.0171 0.9922 0.1233
vn 0.3661 0.8999 -0.2368
vn 0.5251 0.8444 0.1063
vn 0.0146 0.9666 -0.2558
vn 0.0147 0.9910 -0.1329
vn -0.3443 -0.9348 0.0873
vn -0.9168 -0.0297 0.3983
vn -0.2306 -0.9450 0.2319
vn -0.8092 -0.5324 0.2486
vn 0.9166 -0.0455 0.3972
vn 0.5215 0.8125 0.2606
vn 0.0054 -0.9759 0.2183
vn 0.0055 -0.9760 0.2179
vn 0.0055 -0.9760 0.2177
vn -0.0032 -0.9996 -0.0297
vn -0.5813 0.4427 -0.6828
vn 0.0053 -0.9758 0.2185
vn 0.2107 -0.9649 0.1569
vn -0.9704 -0.2160 0.1080
vn -0.7499 -0.6043 0.2692
vn -0.7794 -0.5476 0.3045
vn -0.7324 0.3724 -0.5701
vn -0.6051 0.5387 -0.5862
vn -0.8706 0.3225 -0.3715
vn -0.7341 0.6377 -0.2335
vn 0.4153 -0.8669 0.2758
vn 0.4097 -0.8053 0.4285
vn 0.0166 -0.9641 0.2650
vn -0.7758 0.5223 -0.3539
vn -0.8216 0.4810 -0.3060
vn -0.9130 0.3352 -0.2324
vn -0.6816 0.6471 -0.3416
vn 0.6471 0.5438 -0.5344
vn -0.9196 0.3566 -0.1646
vn -0.8659 0.4713 -0.1678
vn 0.8227 0.3771 -0.4254
vn 0.8932 0.2990 -0.3359
vn 0.8899 0.2015 -0.4091
vn 0.7257 -0.6359 0.2626
vn 0.7541 0.3094 -0.5792
vn 0.6241 0.5134 -0.5890
vn 0.9949 -0.0981 -0.0230
vn 0.9193 -0.3711 0.1309
vn 0.7913 -0.5392 0.2881
vn 0.8532 -0.4559 0.2534
vn 0.7025 0.6008 -0.3814
vn 0.9445 -0.2857 0.1624
vn 0.9915 -0.1007 0.0827
vn 0.8860 0.4305 -0.1723
vn 0.7822 0.5884 -0.2047
vn 0.8612 0.4197 -0.2868
vn 0.3357 0.8352 -0.4356
vn 0.3077 0.7825 -0.5413
vn 0.0131 0.9294 -0.3688
vn 0.2756 0.7236 -0.6328
vn 0.5614 0.7481 -0.3538
vn 0.0124 0.8812 -0.4725
vn 0.0293 0.7366 -0.6757
vn -0.2540 0.5089 -0.8225
vn -0.1208 -0.8949 0.4297
vn 0.0016 -0.8377 0.5462
vn -0.0327 -0.7728 0.6339
vn -0.2188 0.5817 -0.7834
vn -0.2941 0.6493 -0.7013
vn -0.3133 0.8384 -0.4460
vn -0.3056 0.7856 -0.5380
vn -0.3324 0.8782 -0.3438
vn -0.0135 0.8158 -0.5781
vn -0.5150 0.6914 -0.5066
vn -0.7446 0.2422 -0.6221
vn -0.6385 0.1731 -0.7499
vn -0.9015 0.0708 -0.4269
vn -0.8765 0.1572 -0.4551
vn 0.0169 0.5200 -0.8540
vn 0.2752 0.6059 -0.7464
vn 0.3334 0.6411 -0.6912
vn 0.4126 0.4986 -0.7624
vn 0.0300 0.6046 -0.7960
vn -0.8588 -0.2789 0.4298
vn -0.9894 -0.0852 0.1174
vn -0.8678 -0.2174 0.4468
vn 0.8285 -0.3450 0.4411
vn -0.8022 -0.2101 0.5589
vn -0.0762 -0.9952 -0.0606
vn 1.0000 -0.0077 0.0047
vn 0.9997 -0.0045 -0.0244
vn -0.9997 -0.0049 -0.0255
vn 0.7546 -0.3113 0.5777
vn 0.8069 -0.3237 0.4941
vn 0.9631 -0.1600 0.2163
vn -0.3532 0.4026 0.8445
vn 0.9977 -0.0496 0.0455
vn -0.3405 0.6727 0.6569
vn -0.5493 0.6883 0.4738
vn -0.2058 0.8357 0.5091
vn -0.6562 0.2772 0.7018
vn -0.7021 -0.0014 0.7121
vn 0.8614 -0.2299 0.4529
vn 0.9891 -0.0871 0.1188
vn 0.7870 -0.1946 0.5855
vn 0.8642 -0.2704 0.4243
vn 0.5712 0.3167 -0.7573
vn 0.6079 0.1968 -0.7692
vn 0.7173 0.2666 -0.6438
vn 0.8549 0.0914 -0.5106
vn 0.2405 0.2455 -0.9391
vn 0.2338 0.3826 -0.8938
vn 0.0125 0.3985 -0.9171
vn 0.0039 0.9745 0.2244
vn -0.9962 0.0169 -0.0851
vn -0.9985 -0.0141 -0.0531
vn -0.4167 0.0401 0.9081
vn 0.9482 -0.1183 0.2949
vn -0.1978 0.9442 0.2635
vn 0.9962 0.0169 -0.0851
vn 0.9985 -0.0141 -0.0531
vn -0.9833 0.1229 -0.1342
vn 0.9889 0.0430 -0.1425
vn 0.8164 -0.0294 0.5768
vn 0.9474 -0.0843 0.3087
vn -0.9482 -0.1183 0.2949
vn 0.9860 0.0244 -0.1649
vn -0.9922 0.0371 -0.1191
vn -0.9897 -0.0030 0.1431
vn -0.9474 -0.0843 0.3087
vn 0.9381 -0.1666 0.3038
vn 0.8108 -0.0555 -0.5827
vn 0.8315 -0.1422 0.5370
vn 0.9405 -0.1030 0.3238
vn 0.7717 0.0215 -0.6356
vn 0.6527 0.1367 -0.7452
vn 0.8976 0.0768 -0.4341
vn 0.8852 0.0495 -0.4625
vn 0.6254 -0.1118 -0.7723
vn 0.4359 0.0754 -0.8968
vn 0.2529 0.1678 -0.9528
vn 0.2673 -0.1538 -0.9513
vn 0.4472 0.0006 -0.8944
vn 0.0040 -0.1668 -0.9860
vn 0.0185 -0.0225 -0.9996
vn -0.6393 -0.0163 -0.7687
vn -0.8293 0.0473 -0.5569
vn -0.6330 0.0492 -0.7726
vn 0.1125 -0.1263 0.9856
vn -0.7205 -0.1059 -0.6853
vn -0.7668 0.0924 -0.6351
vn -0.5372 -0.7102 0.4551
vn -0.6509 -0.6740 0.3493
vn -0.4230 -0.8549 0.3004
vn -0.3991 -0.8021 0.4441
vn 0.3281 -0.5342 0.7791
vn 0.0134 -0.4386 0.8986
vn 0.1345 -0.6904 0.7108
vn 0.5628 -0.7043 0.4326
vn -0.0881 -0.9712 0.2213
vn -0.3091 -0.9427 0.1254
vn -0.0064 -0.9511 0.3089
vn -0.0524 -0.1958 0.9792
vn -0.1219 -0.7260 0.6768
vn -0.3274 -0.5626 0.7591
vn -0.0356 -0.1739 0.9841
vn -0.0095 0.4646 0.8855
vn 0.3665 -0.7552 0.5435
vn 0.2936 -0.8449 0.4471
vn 0.4135 -0.8653 0.2835
vn -0.5543 -0.4206 0.7182
vn -0.4179 -0.6653 0.6186
vn -0.2828 -0.5624 0.7770
vn -0.3479 -0.4403 0.8277
vn -0.3737 -0.4882 0.7887
vn 0.1453 -0.9595 0.2413
vn 0.0077 -0.9586 0.2848
vn 0.1285 -0.9909 0.0410
vn -0.2006 -0.0395 0.9789
vn -0.2091 -0.1773 0.9617
vn -0.3664 -0.1363 0.9204
vn -0.0238 0.2805 0.9596
vn -0.0140 0.3450 0.9385
vn -0.0949 -0.2845 0.9540
vn -0.3473 -0.1107 0.9312
vn 0.5706 -0.8212 0.0048
vn 0.5397 -0.8339 -0.1151
vn 0.4378 -0.8743 -0.2097
vn 0.3432 -0.9392 -0.0116
vn 0.2804 -0.9492 -0.1425
vn -0.9943 -0.0715 -0.0794
vn 0.6527 -0.7551 -0.0617
vn -0.9939 0.0173 -0.1088
vn -0.3959 -0.1877 0.8989
vn -0.9692 -0.0489 -0.2413
vn -0.8050 -0.1225 0.5805
vn -0.4976 -0.2652 0.8259
vn 0.0792 0.4074 0.9098
vn 0.3163 -0.0832 0.9450
vn 0.0130 -0.1329 0.9910
vn 0.1242 -0.2603 0.9575
vn -0.3701 -0.9197 0.1307
vn -0.7592 -0.4098 0.5057
vn -0.0273 -0.9979 0.0590
vn -0.2584 -0.8352 0.4855
vn -0.1972 0.0889 0.9763
vn -0.9040 -0.1172 0.4111
vn -0.5949 0.1161 0.7953
vn -0.7472 -0.5679 0.3452
vn 0.5685 -0.4222 0.7061
vn -0.2851 -0.1646 0.9443
vn -0.5171 -0.0666 0.8533
vn 0.0001 -0.2402 0.9707
vn -0.0206 0.2836 0.9587
vn 0.3532 -0.4553 0.8173
vn 0.4708 -0.6329 0.6147
vn 0.3299 -0.6226 0.7096
vn -0.6165 0.2469 0.7477
vn -0.9842 -0.1507 0.0933
vn -0.9845 0.0406 0.1708
vn -0.6274 0.1986 0.7529
vn 0.0176 -0.1282 0.9916
vn 0.1393 -0.1702 0.9755
vn 0.1582 0.2219 0.9622
vn 0.3244 -0.2599 0.9095
vn -0.9560 -0.1438 -0.2556
vn -0.9445 -0.1003 -0.3128
vn -0.9747 -0.1786 -0.1343
vn -0.9556 0.0153 0.2943
vn -0.9458 -0.0091 0.3248
vn -0.8543 0.1291 0.5035
vn -0.5494 0.1628 0.8196
vn -0.7462 0.1741 0.6426
vn -0.5633 0.2553 0.7858
vn -0.8776 0.0792 0.4727
vn -0.9389 0.0708 0.3369
vn -0.6961 0.1058 0.7101
vn -0.9926 -0.1007 -0.0673
vn 0.5365 -0.4353 0.7229
vn 0.5450 -0.2925 0.7858
vn 0.2999 -0.4214 0.8559
vn 0.3549 -0.5239 0.7743
vn -0.8729 -0.0997 -0.4776
vn -0.9906 -0.0697 -0.1178
vn 0.2453 0.0600 0.9676
vn 0.1362 0.1953 0.9712
vn -0.2826 -0.8691 -0.4060
vn 0.0109 0.0537 0.9985
vn 0.5240 -0.0703 0.8488
vn 0.3146 -0.1498 0.9373
vn -0.6962 -0.6595 -0.2836
vn -0.9473 0.0721 -0.3121
vn -0.0377 -0.6969 0.7162
vn -0.9331 -0.2870 0.2169
vn -0.8770 -0.4462 -0.1782
vn -0.3970 -0.5411 -0.7414
vn -0.1435 -0.7018 -0.6977
vn -0.8623 0.0049 -0.5063
vn -0.8759 -0.0181 -0.4821
vn 0.8008 -0.1247 0.5858
vn 0.3594 -0.2014 0.9112
vn 0.4017 -0.2993 0.8655
vn 0.9947 -0.0743 -0.0704
vn 0.4811 -0.0219 0.8764
vn 0.9304 -0.3040 0.2045
vn 0.9939 0.0174 -0.1090
vn 0.2289 -0.9408 0.2498
vn 0.7204 -0.3390 0.6051
vn -0.9656 0.2560 -0.0453
vn 0.7162 -0.5564 0.4214
vn 0.5816 0.1470 0.8001
vn 0.6494 0.1360 0.7482
vn 0.0388 -0.9987 0.0333
vn -0.9927 -0.1200 0.0095
vn -0.9950 -0.0993 0.0090
vn -0.9488 -0.3140 0.0359
vn -1.0000 0.0001 0.0001
vn -1.0000 -0.0001 0.0002
vn -0.9948 0.1007 -0.0113
vn -0.9494 0.3137 0.0174
vn 0.6923 -0.2796 -0.6652
vn 0.9429 0.0233 0.3321
vn 0.6267 -0.2094 -0.7506
vn 0.8003 -0.1339 -0.5845
vn 0.8045 -0.1863 -0.5640
vn 0.6783 -0.3695 -0.6350
vn 0.7168 0.1096 0.6886
vn 0.9137 0.0938 0.3955
vn 0.7297 0.2031 0.6529
vn 0.6042 0.2385 0.7603
vn 0.6275 0.2020 0.7519
vn -0.9834 0.1498 -0.1028
vn -0.0788 0.9843 0.1581
vn 0.9524 -0.1488 -0.2662
vn 0.6606 0.2219 0.7172
vn 0.9841 -0.1489 0.0968
vn 0.0064 -0.3149 -0.9491
vn 0.9667 -0.0734 -0.2454
vn 0.8065 0.1601 0.5691
vn 0.9622 -0.2142 -0.1679
vn 0.4116 -0.3688 -0.8334
vn 0.2730 -0.2817 -0.9199
vn -0.0001 -0.5677 -0.8233
vn 0.3508 -0.4454 -0.8238
vn 0.0119 -0.4926 -0.8702
vn 0.0170 -0.4126 -0.9107
vn 0.1503 -0.7127 -0.6852
vn 0.5889 -0.6428 -0.4900
vn 0.1869 -0.8423 -0.5056
vn 0.4891 -0.6275 -0.6059
vn 0.7453 -0.6123 -0.2639
vn 0.8303 -0.3475 -0.4358
vn 0.5406 -0.7031 -0.4620
vn -0.4872 -0.1293 -0.8637
vn 0.9575 -0.2881 -0.0159
vn 0.6930 -0.5862 -0.4196
vn 0.9599 -0.0769 -0.2696
vn 0.8356 -0.4716 -0.2816
vn -0.0191 0.1780 0.9838
vn 0.9875 -0.1418 -0.0693
vn 0.1188 0.0870 0.9891
vn 0.4402 0.8716 0.2156
vn -0.0509 0.0116 0.9986
vn 0.8355 0.3163 0.4494
vn 0.8656 0.3901 0.3140
vn 0.7413 0.3511 0.5720
vn 0.9686 0.2289 -0.0973
vn 0.1009 -0.2029 -0.9740
vn 0.5112 0.6444 0.5686
vn 0.4768 0.5093 0.7164
vn 0.7853 0.5467 0.2905
vn 0.9568 -0.0657 0.2833
vn 0.0044 0.7966 0.6045
vn 0.0507 0.6493 0.7588
vn 0.0865 0.8850 0.4575
vn 0.4716 0.7814 0.4086
vn 0.4434 -0.2164 -0.8698
vn -0.3455 0.7504 0.5635
vn -0.3594 0.6062 0.7095
vn 0.1800 0.9590 0.2189
vn -0.7330 0.5440 0.4084
vn -0.3282 0.9201 0.2137
vn -0.7159 0.4622 0.5233
vn -0.9475 0.1977 0.2512
vn -0.3421 0.8528 0.3945
vn -0.4542 0.1308 0.8813
vn -0.4382 0.1609 0.8844
vn -0.9547 0.1761 -0.2399
vn -0.6565 0.6949 0.2935
vn 0.7047 -0.0135 0.7094
vn 0.6080 0.0978 0.7879
vn -0.9952 -0.0959 -0.0211
vn -0.9150 0.3735 -0.1525
vn 0.9115 -0.1899 -0.3647
vn -0.8732 -0.4285 -0.2323
vn 0.8079 -0.4061 -0.4271
vn -0.9961 0.0511 -0.0723
vn -0.1379 -0.6864 -0.7141
vn 0.7263 -0.6656 -0.1716
vn 0.6789 -0.5919 0.4345
vn 0.1246 -0.4407 0.8890
vn -0.7242 -0.4228 0.5447
vn -0.8062 -0.5603 -0.1899
vn -0.1205 -0.4278 -0.8958
vn -0.8501 -0.2423 -0.4676
vn 0.5506 -0.1917 0.8124
vn 0.1528 -0.2598 0.9535
vn -0.1331 -0.1010 0.9859
vn -0.8113 -0.1794 0.5564
vn -0.8884 -0.2353 -0.3942
vn -0.6044 -0.7001 -0.3802
vn -0.6764 -0.5744 -0.4611
vn -0.3534 -0.3431 -0.8703
vn -0.9101 -0.3023 -0.2834
vn 0.1103 0.0625 -0.9919
vn -0.2095 0.1412 -0.9675
vn -0.3656 0.4038 -0.8386
vn -0.2525 0.6797 -0.6887
vn 0.0756 0.7873 -0.6120
vn 0.4386 0.5281 -0.7272
vn 0.3861 0.2181 -0.8963
vn 0.1520 -0.3009 -0.9414
vn 0.0818 -0.3580 -0.9301
vn -0.7580 0.1244 -0.6403
vn -0.4186 -0.1819 -0.8898
vn -0.6668 0.6893 -0.2832
vn -0.7003 0.2856 -0.6542
vn -0.0752 0.9890 -0.1271
vn -0.4994 0.7795 -0.3782
vn 0.5758 0.7978 -0.1785
vn 0.1132 0.9475 -0.2990
vn 0.8437 0.2561 -0.4718
vn 0.6392 0.5374 -0.5501
vn 0.5791 -0.2676 -0.7701
vn 0.6359 -0.0308 -0.7711
vn -0.2647 -0.8579 -0.4405
vn -0.6539 -0.4760 -0.5881
vn -0.2821 -0.7244 -0.6290
vn 0.1875 -0.8812 -0.4339
vn -0.6668 -0.5965 -0.4467
vn 0.9510 -0.2052 0.2314
vn -0.2566 -0.6915 -0.6752
vn 0.1717 -0.7558 -0.6318
vn -0.7973 -0.1286 -0.5898
vn -0.3008 -0.7889 -0.5359
vn -0.8495 -0.0224 -0.5271
vn -0.7321 -0.3210 -0.6008
vn -0.2342 -0.3860 -0.8923
vn -0.3111 -0.4918 -0.8133
vn 0.1099 -0.8364 -0.5370
vn -0.2257 -0.6261 -0.7464
vn 0.9507 -0.2115 -0.2269
vn 0.9543 -0.2167 -0.2060
vn -0.3414 0.3088 0.8877
vn -0.9850 -0.0407 -0.1677
vn -0.9969 -0.0115 -0.0782
vn -0.9928 -0.0479 -0.1098
vn -0.9968 0.0796 0.0098
vn 0.5596 -0.3518 -0.7504
vn 0.5422 -0.2537 -0.8010
vn 0.3318 -0.4846 -0.8094
vn 0.8761 0.1054 0.4705
vn -0.1890 0.4481 0.8738
vn -0.0473 0.2183 0.9747
vn -0.8637 0.2361 0.4453
vn -0.8089 -0.3789 -0.4496
vn -0.4524 -0.2411 -0.8586
vn -0.7336 0.1969 0.6504
vn -0.6032 0.3740 0.7045
vn 0.3560 0.4509 0.8185
vn 0.3106 0.2529 0.9163
vn 0.4266 -0.8661 -0.2605
vn 0.6241 -0.6942 -0.3585
vn 0.5422 -0.6886 -0.4814
vn 0.1379 -0.9043 -0.4041
vn 0.7835 -0.6051 -0.1413
vn 0.7813 -0.4790 -0.4002
vn 0.5342 -0.7900 -0.3008
vn -0.5026 -0.2811 -0.8175
vn 0.8774 -0.4585 -0.1412
vn 0.9672 -0.0547 -0.2480
vn 0.8313 -0.5158 -0.2071
vn -0.0023 0.3494 0.9370
vn 0.9863 -0.1537 -0.0597
vn 0.1357 0.2606 0.9559
vn 0.8072 0.4406 0.3928
vn -0.0336 0.1884 0.9815
vn 0.4970 0.8661 0.0533
vn 0.9673 0.1590 -0.1977
vn 0.1120 -0.3737 -0.9208
vn 0.5662 0.6549 0.5006
vn 0.4192 0.7867 0.4532
vn 0.6172 0.7376 0.2740
vn 0.4446 0.6672 0.5976
vn 0.9616 -0.0162 0.2739
vn -0.0069 0.8943 0.4473
vn 0.0620 0.7701 0.6349
vn 0.0998 0.9916 0.0826
vn 0.5084 0.8210 0.2596
vn 0.4287 -0.3678 -0.8252
vn -0.3614 0.8267 0.4311
vn -0.3479 0.7229 0.5970
vn 0.0531 0.9533 0.2973
vn -0.7265 0.6090 0.3182
vn -0.9910 -0.0044 -0.1341
vn -0.2701 0.9614 0.0524
vn -0.7074 0.5488 0.4454
vn -0.9433 0.2408 0.2285
vn -0.3075 0.9206 0.2407
vn -0.4391 0.2855 0.8519
vn -0.4231 0.3157 0.8493
vn -0.9606 0.0611 -0.2711
vn -0.6522 0.7370 0.1771
vn 0.7168 0.1111 0.6883
vn 0.6214 0.2347 0.7475
vn -0.9953 -0.0963 0.0133
vn -0.9082 0.3886 -0.1557
vn 0.9054 -0.2532 -0.3409
vn -0.8765 -0.4613 -0.1377
vn 0.8110 -0.4647 -0.3554
vn -0.9972 0.0393 -0.0631
vn -0.0062 -0.8156 -0.5785
vn 0.7330 -0.6802 -0.0042
vn 0.6504 -0.4501 0.6119
vn -0.2037 -0.2400 0.9492
vn -0.6915 -0.2919 0.6608
vn -0.7981 -0.5900 -0.1220
vn 0.0256 -0.5772 -0.8162
vn -0.8875 -0.2544 -0.3841
vn 0.5640 -0.0394 0.8248
vn -0.0494 0.0139 0.9987
vn -0.8546 -0.0889 0.5116
vn -0.8743 -0.3136 -0.3705
vn -0.6099 -0.7553 -0.2398
vn -0.6848 -0.6239 -0.3766
vn 0.2709 -0.5598 -0.7831
vn -0.9145 -0.3461 -0.2097
vn 0.0566 -0.1180 -0.9914
vn -0.2541 -0.0087 -0.9671
vn -0.4104 0.3642 -0.8360
vn -0.2935 0.5488 -0.7827
vn 0.1070 0.6620 -0.7418
vn 0.4344 0.3501 -0.8299
vn 0.3488 0.0269 -0.9368
vn -0.6249 -0.2780 -0.7295
vn -0.1740 -0.5233 -0.8342
vn 0.0729 -0.4901 -0.8686
vn -0.3914 0.8519 -0.3478
vn -0.4839 -0.2949 -0.8239
vn -0.7139 0.2399 -0.6579
vn 0.2521 0.8999 -0.3558
vn 0.7777 0.4884 -0.3957
vn 0.1876 0.8915 -0.4124
vn 0.7640 -0.1430 -0.6292
vn 0.7162 0.3709 -0.5912
vn -0.2388 -0.9280 -0.2860
vn 0.5850 -0.2179 -0.7812
vn -0.6087 -0.6199 -0.4951
vn -0.2914 -0.8208 -0.4913
vn -0.2936 -0.7809 -0.5513
vn -0.6737 -0.6649 -0.3225
vn 0.9551 -0.1627 0.2477
vn 0.1606 -0.8742 -0.4583
vn -0.2491 -0.5375 -0.8057
vn -0.3090 -0.8708 -0.3825
vn -0.8677 -0.1349 -0.4783
vn -0.8203 -0.3002 -0.4869
vn -0.3245 -0.6274 -0.7079
vn -0.3089 -0.4058 -0.8602
vn -0.2272 -0.7604 -0.6084
vn 0.8697 0.1625 0.4660
vn 0.7155 -0.4856 -0.5022
vn 0.9928 -0.0911 0.0781
vn 0.8254 -0.4339 -0.3612
vn 0.8167 -0.4326 -0.3819
vn 0.7881 0.3536 0.5038
vn -0.3264 0.4617 0.8248
vn -0.9983 0.0479 0.0332
vn -0.9989 -0.0444 -0.0164
vn 0.5470 -0.4802 -0.6857
vn 0.5287 -0.3925 -0.7526
vn 0.3926 -0.6013 -0.6959
vn 0.1299 -0.6343 -0.7621
vn 0.1267 -0.7204 -0.6819
vn -0.1745 0.5960 0.7838
vn -0.0308 0.3876 0.9213
vn -0.8562 0.3128 0.4113
vn -0.7844 -0.4660 -0.4094
vn -0.7084 -0.2946 -0.6414
vn -0.7226 0.3103 0.6178
vn -0.5914 0.4939 0.6374
vn 0.4093 0.4434 0.7974
vn 0.5482 0.5236 0.6521
vn 0.3197 0.4107 0.8539
vn 0.3510 -0.0845 0.9326
vn 0.3285 -0.1642 0.9301
vn 0.4853 -0.7388 -0.4676
vn 0.6321 -0.5542 -0.5416
vn 0.5304 -0.5417 -0.6521
vn 0.1524 -0.7556 -0.6371
vn 0.7904 -0.5369 -0.2951
vn 0.8190 -0.3258 -0.4723
vn 0.5468 -0.6636 -0.5105
vn -0.4769 -0.0177 -0.8788
vn 0.9252 -0.3307 -0.1860
vn 0.9727 -0.0232 -0.2309
vn 0.8396 -0.4320 -0.3293
vn 0.9789 0.0139 0.2038
vn -0.0317 0.0485 0.9983
vn 0.9888 -0.1190 -0.0900
vn 0.0958 -0.0334 0.9948
vn 0.7930 0.2972 0.5317
vn -0.1246 -0.1374 0.9826
vn 0.4677 0.8112 0.3511
vn 0.9695 0.2390 -0.0544
vn 0.1677 -0.0630 -0.9838
vn 0.5427 0.4723 0.6945
vn 0.3829 0.6278 0.6777
vn 0.6288 0.5955 0.4999
vn 0.4209 0.4559 0.7842
vn 0.2251 0.6780 0.6997
vn 0.0382 0.8018 0.5964
vn 0.0300 0.5410 0.8405
vn -0.7386 0.4867 0.4664
vn 0.4984 0.7090 0.4990
vn 0.5721 -0.1140 -0.8123
vn 0.3071 -0.1181 -0.9443
vn 0.6476 -0.1143 -0.7534
vn -0.3387 0.6778 0.6526
vn -0.3809 0.5049 0.7746
vn 0.0020 0.9383 0.3457
vn 0.1045 0.8198 0.5630
vn -0.9865 0.0407 -0.1589
vn -0.7358 0.3710 0.5666
vn -0.2647 0.9047 0.3339
vn -0.9514 0.1633 0.2610
vn -0.3191 0.8134 0.4864
vn -0.4654 0.0153 0.8850
vn -0.4495 0.0447 0.8922
vn -0.9507 0.2558 0.1754
vn -0.9583 0.1645 -0.2337
vn -0.6609 0.6512 0.3731
vn 0.6494 -0.0912 0.7550
vn 0.6408 -0.0095 0.7677
vn -0.9959 -0.0824 -0.0387
vn -0.9051 0.4212 -0.0572
vn -0.8452 -0.4197 -0.3309
vn 0.8232 -0.3582 -0.4404
vn -0.9911 0.0828 -0.1039
vn -0.1281 -0.5876 -0.7990
vn 0.7291 -0.6381 -0.2475
vn 0.6739 -0.6438 0.3624
vn 0.1855 -0.5800 0.7932
vn -0.2961 -0.5332 0.7925
vn -0.7638 -0.5108 0.3946
vn -0.8032 -0.5303 -0.2714
vn -0.1087 -0.3075 -0.9453
vn -0.8650 -0.1622 -0.4748
vn 0.5405 -0.2961 0.7875
vn 0.2919 -0.3584 0.8868
vn -0.1451 -0.2245 0.9636
vn -0.3596 -0.2876 0.8877
vn -0.8910 -0.2093 0.4029
vn -0.8831 -0.1815 -0.4327
vn -0.6763 -0.4748 -0.5632
vn 0.2884 -0.2913 -0.9121
vn -0.9061 -0.2623 -0.3319
vn 0.2478 0.2228 -0.9429
vn -0.0808 0.2108 -0.9742
vn -0.3231 0.4026 -0.8564
vn -0.3179 0.6923 -0.6478
vn 0.0862 0.8598 -0.5033
vn 0.3887 0.7021 -0.5966
vn 0.4492 0.4315 -0.7824
vn -0.6080 -0.0487 -0.7925
vn 0.3740 -0.0934 -0.9227
vn -0.0970 -0.2211 -0.9704
vn -0.1764 -0.0873 -0.9804
vn -0.7704 0.4766 -0.4236
vn -0.5774 0.2271 -0.7843
vn -0.4095 0.9098 -0.0674
vn -0.5158 0.7169 -0.4691
vn 0.2595 0.9658 0.0019
vn 0.7906 0.5797 -0.1971
vn 0.0751 0.9823 -0.1717
vn 0.7778 0.0592 -0.6257
vn 0.6164 0.7173 -0.3249
vn -0.3461 -0.7649 -0.5433
vn 0.7178 0.2583 -0.6465
vn -0.6228 -0.4296 -0.6538
vn -0.3039 -0.6236 -0.7203
vn 0.1023 -0.8281 -0.5511
vn -0.6580 -0.5202 -0.5445
vn 0.9916 -0.1286 -0.0111
vn 0.9570 -0.2522 0.1434
vn -0.2408 -0.5968 -0.7654
vn 0.1469 -0.7054 -0.6935
vn -0.3369 -0.7178 -0.6093
vn -0.8009 -0.0511 -0.5967
vn -0.8517 0.0227 -0.5235
vn -0.7735 -0.2142 -0.5965
vn -0.2459 -0.3809 -0.8913
vn -0.2476 -0.2455 -0.9372
vn -0.2580 -0.1480 -0.9547
vn -0.2671 -0.5420 -0.7968
vn 0.8669 -0.0053 0.4984
vn 0.4125 -0.3094 -0.8568
vn 0.9898 -0.1254 0.0684
vn 0.8378 -0.3072 -0.4513
vn 0.8298 -0.2996 -0.4708
vn 0.7746 0.1926 0.6025
vn -0.3529 0.1909 0.9160
vn -0.9828 -0.0179 -0.1840
vn -0.9958 -0.0006 -0.0917
vn -0.9967 -0.0484 -0.0659
vn -0.9980 0.0612 -0.0142
vn 0.5697 -0.2459 -0.7842
vn 0.4160 -0.3633 -0.8337
vn 0.8472 0.0575 0.5281
vn 0.1067 -0.5979 -0.7944
vn 0.1504 -0.4799 -0.8643
vn -0.2005 0.3307 0.9222
vn -0.0599 0.0897 0.9942
vn -0.8695 0.1767 0.4612
vn -0.7465 -0.3580 -0.5609
vn -0.7420 0.1111 0.6611
vn -0.6088 0.2784 0.7428
vn 0.3507 0.1763 0.9198
vn 0.5140 0.3190 0.7963
vn 0.2923 0.1307 0.9473
vn 0.3652 0.0625 0.9288
vn 0.3429 -0.0166 0.9392
vn 0.5132 -0.7596 -0.3995
vn 0.4936 -0.7666 -0.4107
vn 0.5199 -0.6583 -0.5443
vn 0.1254 -0.7466 -0.6533
vn 0.7533 -0.5973 -0.2752
vn 0.8392 -0.4659 -0.2803
vn 0.5772 -0.5415 -0.6112
vn 0.4234 -0.5460 -0.7229
vn 0.5034 -0.3843 -0.7739
vn 0.8524 -0.4170 -0.3155
vn -0.4894 -0.1527 -0.8586
vn 0.9866 -0.1543 0.0539
vn 0.9084 -0.4020 -0.1149
vn 0.9703 -0.2417 -0.0054
vn 0.8076 -0.3125 -0.5001
vn 0.7498 -0.4206 -0.5108
vn 0.9462 0.1691 0.2758
vn 0.9884 -0.1162 -0.0983
vn 0.9624 -0.0590 -0.2653
vn 0.8239 -0.0320 -0.5658
vn -0.0165 0.2047 0.9787
vn 0.1110 0.1231 0.9862
vn 0.9633 0.2127 0.1638
vn -0.1095 0.0188 0.9938
vn 0.8195 0.3816 0.4276
vn 0.7258 0.4361 0.5321
vn 0.7395 0.5126 0.4362
vn 0.9668 0.2554 0.0075
vn -0.8920 0.3722 0.2564
vn 0.1030 -0.2190 -0.9703
vn 0.4291 0.7163 0.5502
vn 0.4046 0.5861 0.7020
vn 0.8299 0.5116 0.2227
vn 0.7623 0.6323 0.1383
vn 0.9559 -0.0633 0.2868
vn -0.0694 0.7185 0.6921
vn 0.0618 0.6564 0.7519
vn 0.4454 0.7784 0.4423
vn 0.5547 0.6935 0.4597
vn 0.5135 0.8173 0.2616
vn 0.5597 -0.2419 -0.7926
vn 0.6056 -0.2373 -0.7596
vn -0.2780 0.7822 0.5576
vn 0.1155 0.9381 0.3264
vn 0.0751 0.8663 0.4938
vn -0.9888 0.0167 -0.1483
vn -0.5503 0.6402 0.5360
vn -0.6431 0.6293 0.4364
vn -0.7689 0.4551 0.4492
vn -0.7821 0.4239 0.4568
vn -0.2758 0.8401 0.4671
vn -0.3569 0.7916 0.4959
vn -0.4518 0.1547 0.8786
vn -0.4359 0.1849 0.8808
vn -0.8911 0.3598 0.2766
vn -0.9994 0.0348 -0.0011
vn -0.6807 0.6428 0.3512
vn -0.6414 0.7491 0.1659
vn 0.6609 0.0275 0.7499
vn 0.6101 0.1191 0.7833
vn -0.9988 -0.0102 0.0469
vn 0.8167 -0.4241 -0.3912
vn -0.9182 0.3804 0.1107
vn 0.9200 -0.1987 -0.3379
vn 0.9197 -0.1982 -0.3390
vn 0.9196 -0.1980 -0.3393
vn -0.9207 -0.3368 -0.1971
vn -0.8228 -0.4976 -0.2747
vn -0.9369 -0.2764 -0.2143
vn -0.9849 0.0650 -0.1603
vn -0.1398 -0.7055 -0.6948
vn 0.7259 -0.6701 -0.1553
vn 0.6800 -0.5799 0.4487
vn 0.1982 -0.4485 0.8715
vn -0.2834 -0.4017 0.8708
vn -0.7572 -0.4414 0.4815
vn -0.8067 -0.5652 -0.1725
vn -0.1228 -0.4520 -0.8835
vn -0.6272 -0.6715 -0.3945
vn 0.5528 -0.1695 0.8159
vn 0.3058 -0.2151 0.9275
vn -0.1301 -0.0702 0.9890
vn -0.3457 -0.1441 0.9272
vn -0.8845 -0.1422 0.4443
vn -0.8894 -0.2459 -0.3853
vn 0.2887 -0.3279 -0.8995
vn -0.6057 -0.6046 -0.5173
vn -0.0630 0.0382 -0.9973
vn -0.3524 0.2181 -0.9101
vn -0.4178 0.5458 -0.7263
vn -0.1760 0.8012 -0.5719
vn 0.0894 0.8369 -0.5399
vn 0.4224 0.6637 -0.6173
vn 0.4909 0.3257 -0.8080
vn 0.2752 0.0786 -0.9582
vn -0.3400 -0.2942 -0.8932
vn -0.1313 -0.2474 -0.9600
vn -0.8642 0.3126 -0.3943
vn -0.5934 -0.0447 -0.8036
vn -0.5903 0.0378 -0.8063
vn -0.7180 0.6928 -0.0670
vn -0.7115 0.5359 -0.4546
vn -0.1035 0.9851 0.1374
vn -0.3462 0.9282 -0.1365
vn 0.8365 0.5062 -0.2100
vn 0.1306 0.9905 -0.0436
vn 0.5072 0.8617 -0.0119
vn 0.6505 0.7161 -0.2532
vn -0.2545 -0.8362 -0.4858
vn 0.7382 0.2094 -0.6413
vn 0.7692 0.0203 -0.6387
vn 0.4008 -0.1623 -0.9017
vn -0.6498 -0.5561 -0.5182
vn -0.2294 -0.7383 -0.6343
vn -0.6305 -0.4087 -0.6598
vn -0.2756 -0.7191 -0.6379
vn 0.9593 -0.2279 0.1666
vn 0.2175 -0.7618 -0.6102
vn -0.1692 -0.5660 -0.8068
vn -0.8112 -0.1416 -0.5674
vn -0.4786 -0.2102 -0.8525
vn -0.8597 -0.0586 -0.5075
vn -0.7823 -0.3041 -0.5436
vn -0.2591 -0.5158 -0.8166
vn -0.2617 -0.3893 -0.8832
vn 0.8678 0.0820 0.4902
vn -0.2787 -0.6600 -0.6977
vn 0.7561 -0.3882 -0.5269
vn 0.9905 -0.0963 0.0980
vn 0.8364 -0.3583 -0.4148
vn 0.9201 -0.1988 -0.3376
vn 0.7871 0.2841 0.5475
vn -0.3229 0.3610 0.8749
vn -0.9863 -0.0424 -0.1597
vn -0.9972 -0.0124 -0.0742
vn -0.9978 -0.0579 -0.0314
vn -0.9982 0.0596 -0.0084
vn 0.5580 -0.3634 -0.7460
vn 0.4911 -0.6061 -0.6256
vn 0.3963 -0.3131 -0.8631
vn 0.4035 -0.4903 -0.7725
vn 0.8552 0.1384 0.4995
vn -0.0896 0.5464 0.8327
vn 0.0635 -0.6275 -0.7761
vn 0.1356 -0.5759 -0.8062
vn -0.0448 0.2448 0.9685
vn -0.8624 0.2482 0.4413
vn -0.7546 -0.4406 -0.4863
vn -0.4288 -0.2710 -0.8618
vn -0.7319 0.2146 0.6467
vn -0.6222 0.3849 0.6817
vn 0.3645 0.3180 0.8752
vn 0.5130 0.4393 0.7375
vn 0.3067 0.2774 0.9105
vn 0.3442 -0.1537 0.9262
vn 0.3219 -0.2329 0.9177
vn 0.5992 -0.5348 -0.5958
vn 0.1988 -0.7221 -0.6626
vn 0.5353 -0.4918 -0.6867
vn 0.7518 -0.5471 -0.3681
vn 0.8225 -0.2900 -0.4893
vn 0.5513 -0.5953 -0.5846
vn -0.4697 0.0499 -0.8814
vn 0.9607 -0.2735 -0.0480
vn 0.9420 -0.3097 -0.1297
vn 0.9700 0.1066 0.2187
vn 0.8421 -0.4059 -0.3550
vn 0.9744 -0.0062 -0.2249
vn -0.0389 -0.0258 0.9989
vn 0.9896 -0.1020 -0.1016
vn 0.0886 -0.1073 0.9903
vn 0.7891 0.2567 0.5581
vn -0.1317 -0.2100 0.9688
vn 0.4607 0.7834 0.4171
vn 0.9698 0.2422 -0.0295
vn 0.1253 0.0098 -0.9921
vn 0.5375 0.4193 0.7316
vn 0.3892 0.5659 0.7268
vn 0.6234 0.5581 0.5476
vn 0.4150 0.3963 0.8190
vn 0.9494 -0.1297 0.2859
vn -0.0321 0.5712 0.8202
vn 0.0273 0.7456 0.6658
vn 0.0493 0.4741 0.8791
vn 0.0454 0.7739 0.6317
vn 0.4865 0.6824 0.5456
vn 0.5780 -0.0544 -0.8142
vn 0.6231 -0.0576 -0.7800
vn -0.4324 0.4307 0.7922
vn 0.0008 0.9109 0.4127
vn -0.7422 0.4508 0.4959
vn -0.9853 0.0525 -0.1626
vn -0.7400 0.3280 0.5872
vn -0.2711 0.8773 0.3961
vn -0.9533 0.1436 0.2655
vn -0.3223 0.7753 0.5432
vn -0.4718 -0.0505 0.8803
vn -0.4560 -0.0217 0.8897
vn -0.9520 0.2422 0.1871
vn -0.9566 0.1815 -0.2278
vn -0.6638 0.6217 0.4157
vn 0.6439 -0.1472 0.7508
vn 0.5921 -0.0656 0.8032
vn -0.9955 -0.0791 -0.0519
vn -0.9049 0.4245 -0.0322
vn 0.9279 -0.1177 -0.3538
vn 0.9276 -0.1170 -0.3547
vn 0.9275 -0.1167 -0.3551
vn -0.8674 -0.3707 -0.3319
vn 0.8265 -0.3246 -0.4599
vn -0.9904 0.0904 -0.1046
vn -0.1222 -0.5265 -0.8413
vn 0.7311 -0.6180 -0.2890
vn 0.6716 -0.6691 0.3184
vn 0.1800 -0.6374 0.7492
vn -0.3016 -0.5906 0.7485
vn -0.7664 -0.5386 0.3500
vn -0.8010 -0.5085 -0.3159
vn -0.1018 -0.2364 -0.9663
vn -0.8615 -0.1263 -0.4918
vn 0.5349 -0.3539 0.7672
vn 0.2857 -0.4233 0.8598
vn -0.1520 -0.2954 0.9432
vn -0.3659 -0.3527 0.8612
vn -0.8938 -0.2385 0.3797
vn -0.8799 -0.1487 -0.4513
vn -0.5951 -0.6071 -0.5266
vn -0.6659 -0.4336 -0.6070
vn 0.2994 -0.2313 -0.9257
vn -0.9036 -0.2368 -0.3570
vn -0.0386 0.2733 -0.9611
vn -0.3008 0.4390 -0.8466
vn -0.3293 0.7088 -0.6238
vn 0.0464 0.8985 -0.4366
vn 0.3702 0.7682 -0.5223
vn 0.4615 0.5162 -0.7215
vn 0.2858 0.3058 -0.9082
vn -0.5966 0.0188 -0.8023
vn -0.0752 -0.1326 -0.9883
vn -0.1170 -0.0558 -0.9916
vn -0.7606 0.5114 -0.3999
vn -0.5635 0.2234 -0.7953
vn -0.4097 0.9122 -0.0020
vn -0.5571 0.7030 -0.4420
vn 0.2624 0.9610 0.0869
vn 0.0067 0.9925 -0.1219
vn 0.7957 0.5893 -0.1403
vn 0.5658 0.7825 -0.2600
vn 0.7877 0.0977 -0.6083
vn 0.7155 0.3674 -0.5942
vn -0.2539 -0.7499 -0.6109
vn 0.4239 0.0232 -0.9054
vn -0.6179 -0.3797 -0.6884
vn -0.2671 -0.5760 -0.7726
vn 0.1981 -0.7748 -0.6003
vn -0.6565 -0.4920 -0.5718
vn 0.9560 -0.2623 0.1312
vn -0.2350 -0.5382 -0.8094
vn 0.1838 -0.6407 -0.7454
vn -0.7979 -0.0054 -0.6028
vn -0.2883 -0.6629 -0.6910
vn -0.4588 -0.0074 -0.8885
vn -0.8479 0.0617 -0.5265
vn -0.7691 -0.1692 -0.6163
vn -0.2393 -0.3136 -0.9189
vn -0.2408 -0.1751 -0.9547
vn 0.8566 -0.0349 0.5148
vn -0.2611 -0.4812 -0.8368
vn 0.9036 -0.2016 -0.3779
vn 0.9886 -0.1227 0.0876
vn 0.9886 -0.1223 0.0876
vn 0.9890 -0.1194 0.0874
vn 0.9890 -0.1191 0.0874
vn 0.7475 -0.3537 -0.5623
vn 0.9104 -0.2046 -0.3596
vn 0.9280 -0.1179 -0.3535
vn 0.7701 0.1471 0.6207
vn -0.3596 0.1224 0.9251
vn -0.9814 -0.0040 -0.1919
vn -0.9951 0.0063 -0.0987
vn -0.9961 -0.0432 -0.0765
vn -0.9979 0.0622 -0.0168
vn 0.5756 -0.1833 -0.7969
vn 0.4164 -0.1071 -0.9029
vn 0.4221 -0.3004 -0.8553
vn 0.8434 0.0179 0.5370
vn 0.9862 -0.0197 -0.1644
vn 0.1568 -0.4144 -0.8965
vn -0.2073 0.2613 0.9427
vn -0.0671 0.0156 0.9976
vn -0.8729 0.1421 0.4668
vn -0.7423 -0.3152 -0.5913
vn -0.4087 -0.0646 -0.9104
vn -0.7468 0.0617 0.6622
vn -0.6143 0.2225 0.7571
vn 0.3439 0.1074 0.9328
vn 0.5081 0.2589 0.8215
vn 0.2855 0.0599 0.9565
vn 0.9916 -0.0613 -0.1139
vn 0.9947 -0.0888 -0.0508
vn -0.1238 -0.5582 -0.8204
vn -0.0192 -0.7039 -0.7100
vn -0.2495 -0.9084 -0.3355
vn 0.7083 -0.6131 -0.3498
vn -0.3047 -0.8181 -0.4878
vn 0.2789 -0.9139 -0.2948
vn 0.0379 -0.7641 0.6440
vn 0.7120 -0.6167 0.3358
vn 0.0070 -0.6695 -0.7428
vn 0.0030 -0.9170 0.3989
vn 0.3261 -0.7353 0.5941
vn 0.0474 -0.9148 -0.4010
vn 0.2992 -0.6046 -0.7382
vn -0.1644 -0.9499 -0.2659
vn 0.8727 -0.4536 -0.1809
vn 0.9521 0.0773 -0.2960
vn 0.9792 0.0059 -0.2030
vn 0.9616 0.0194 -0.2738
vn 0.9861 0.0002 -0.1659
vn 0.9443 0.0420 -0.3264
vn -0.1308 -0.9776 0.1649
vn -0.3105 -0.9481 0.0692
vn -0.2501 0.8957 0.3676
vn -0.4770 -0.7747 0.4151
vn 0.0060 0.8853 0.4650
vn 0.9840 0.1203 -0.1315
vn 0.9886 -0.1489 0.0213
vn 0.9313 0.1368 -0.3376
vn -0.0851 -0.9858 0.1445
vn -0.1316 -0.7406 0.6590
vn 0.9983 0.0551 -0.0212
vn 0.9692 0.2226 -0.1051
vn -0.1116 -0.9807 -0.1607
vn 0.0032 -0.9987 -0.0500
vn -0.0237 -0.9996 0.0147
vn 0.9913 0.1317 0.0025
vn -1.0000 -0.0004 0.0004
vn 0.9905 -0.1377 -0.0006
vn -0.5151 -0.1295 0.8473
vn -0.9596 -0.2516 0.1263
vn -0.0349 -0.5167 0.8554
vn -0.1935 0.6150 0.7644
vn 0.9881 -0.0441 0.1476
vn 0.9727 -0.0849 0.2158
vn 0.9524 -0.2109 0.2203
vn -0.7093 -0.4796 0.5165
vn -0.3461 -0.6286 0.6964
vn -0.0259 -0.0364 0.9990
vn -0.9719 -0.1924 0.1354
vn -0.2479 -0.8732 0.4196
vn -0.0087 0.2046 0.9788
vn -0.2976 0.2036 0.9327
vn -0.2504 0.9645 -0.0835
vn -0.7304 0.0367 0.6820
vn -0.8910 -0.1652 0.4230
vn -0.2129 0.9766 0.0316
vn 0.0045 0.9957 -0.0921
vn 0.0024 0.9992 0.0390
vn 0.0019 0.9992 0.0394
vn 0.0061 0.9993 0.0366
vn -0.1905 0.3250 0.9263
vn -0.1445 -0.6128 0.7769
vn 0.0002 -0.4903 0.8716
vn -0.0308 -0.3834 0.9231
vn 0.9565 -0.1144 0.2684
vn 0.9548 -0.2700 0.1241
vn 0.0186 0.3623 0.9319
vn -0.1191 0.3767 0.9187
vn -0.2808 0.3187 0.9053
vn 0.1846 0.3725 0.9095
vn -0.0045 0.3310 0.9436
vn 0.0099 0.4164 0.9091
vn -0.2436 0.9440 0.2225
vn -0.2186 0.9641 0.1506
vn 0.0306 -0.0596 0.9977
vn 0.8066 0.4572 0.3748
vn 0.5710 0.7315 0.3725
vn 0.8385 0.2366 0.4908
vn -0.0735 -0.4464 0.8918
vn -0.8128 0.4063 0.4175
vn -0.3309 0.9432 0.0305
vn -0.2683 0.9608 0.0695
vn -0.4502 0.8861 0.1101
vn -0.0308 0.9993 -0.0223
vn -0.4352 0.0498 0.8989
vn -0.5040 0.0834 0.8597
vn -0.5266 -0.0170 0.8500
vn 0.7582 0.1550 0.6334
vn -0.8124 -0.5499 -0.1938
vn -0.3214 -0.8312 -0.4536
vn 0.5921 -0.1136 -0.7978
vn -0.9750 -0.2088 0.0764
vn -0.9801 -0.1967 -0.0266
vn -0.7496 -0.5825 -0.3144
vn 0.8955 0.0615 0.4408
vn -0.9576 0.1349 0.2548
vn -0.9681 0.0263 0.2492
vn -0.9901 -0.0498 -0.1312
vn -0.9701 -0.2173 -0.1083
vn -0.9332 0.0724 -0.3521
vn -0.0088 0.0862 0.9962
vn -0.0657 -0.0454 0.9968
vn -0.5033 0.6546 0.5640
vn -0.7868 0.2960 0.5415
vn -0.9799 0.1994 -0.0000
vn 0.7291 0.5462 0.4124
vn -0.4772 0.5147 0.7123
vn -0.9465 -0.0959 0.3080
vn -0.8827 -0.1139 0.4559
vn -0.0859 0.7768 0.6239
vn 0.1151 0.6228 0.7739
vn -0.4074 -0.2830 -0.8683
vn 0.3684 0.7388 0.5643
vn 0.9679 -0.0015 -0.2512
vn 0.9414 0.2135 0.2612
vn 0.6601 0.4748 0.5822
vn 0.3686 0.8348 0.4090
vn 0.4027 -0.0075 0.9153
vn 0.5132 0.0780 0.8547
vn 0.3052 0.1937 0.9324
vn 0.4261 -0.2681 -0.8641
vn 0.9619 0.2454 0.1205
vn 0.7383 0.6186 0.2688
vn -0.6960 -0.0773 0.7139
vn 0.9964 -0.0837 -0.0152
vn 0.9393 0.3429 -0.0106
vn 0.8598 0.4485 -0.2442
vn -0.8322 -0.2147 -0.5111
vn 0.8579 -0.4478 -0.2519
vn 0.9818 0.1162 -0.1501
vn 0.9871 -0.0667 -0.1455
vn 0.1379 -0.6864 -0.7141
vn 0.8062 -0.5603 -0.1899
vn 0.7542 -0.4504 0.4777
vn 0.3588 -0.3901 0.8480
vn -0.0837 -0.4215 0.9029
vn -0.6553 -0.5918 0.4694
vn -0.6732 -0.7008 -0.2361
vn 0.1197 -0.4182 -0.9005
vn 0.9722 -0.0836 0.2189
vn 0.9060 -0.2357 -0.3515
vn 0.8873 -0.2560 -0.3835
vn -0.9455 -0.2742 0.1755
vn -0.3014 -0.2063 0.9309
vn -0.6082 -0.2195 0.7628
vn -0.8326 -0.3331 0.4425
vn -0.8064 -0.4530 -0.3801
vn -0.8261 -0.4100 -0.3866
vn -0.7996 -0.4293 -0.4199
vn -0.3519 -0.3322 -0.8751
vn 0.6346 -0.6182 -0.4638
vn 0.6115 -0.6941 -0.3799
vn 0.8400 -0.3672 -0.3994
vn 0.7305 -0.2189 -0.6469
vn -0.3648 0.1919 -0.9111
vn -0.4480 0.4910 -0.7472
vn -0.1186 0.7827 -0.6110
vn 0.2255 0.7018 -0.6757
vn 0.3666 0.4366 -0.8216
vn 0.2374 0.1630 -0.9576
vn -0.0739 0.0593 -0.9955
vn -0.6122 -0.0957 -0.7849
vn -0.7100 0.4723 -0.5224
vn -0.1872 0.9408 -0.2825
vn 0.4530 0.8196 -0.3508
vn 0.6709 0.3571 -0.6499
vn 0.4217 -0.0743 -0.9037
vn -0.0887 -0.3314 -0.9393
vn 0.2600 -0.8560 -0.4468
vn 0.6206 -0.5867 -0.5202
vn 0.5899 -0.6174 -0.5205
vn 0.5756 -0.4574 -0.6778
vn -0.9503 -0.1880 -0.2483
vn -0.2214 -0.7481 -0.6256
vn 0.3376 -0.7379 -0.5844
vn 0.4150 -0.2271 -0.8810
vn 0.8663 -0.0396 -0.4979
vn 0.7927 -0.2160 -0.5701
vn 0.8425 -0.0747 -0.5335
vn 0.3266 -0.4638 -0.8236
vn 0.3621 -0.2899 -0.8859
vn 0.2184 -0.6361 -0.7400
vn -0.9857 -0.1651 -0.0343
vn -0.9865 -0.1315 0.0977
vn -0.7742 -0.3388 -0.5347
vn -0.2424 0.3911 0.8879
vn -0.7907 0.0665 0.6085
vn 0.3254 0.4007 0.8565
vn 0.4149 0.3368 0.8453
vn 0.2076 0.2650 0.9416
vn 0.4486 0.4570 0.7681
vn 0.9961 -0.0242 -0.0845
vn -0.2847 -0.6529 -0.7019
vn -0.4136 -0.5032 -0.7588
vn -0.8905 0.0484 0.4525
vn -0.1958 -0.4257 -0.8834
vn -0.1967 0.4591 0.8663
vn 0.8547 0.2320 0.4645
vn -0.2767 0.2865 0.9173
vn 0.9634 0.1288 0.2351
vn 0.8758 0.2198 0.4298
vn -0.9688 0.0720 0.2373
vn 0.7768 -0.3933 -0.4919
vn 0.3413 -0.2828 -0.8964
vn -0.3318 0.2379 0.9129
vn -0.5195 0.1336 0.8440
vn -0.7216 -0.6270 -0.2936
vn -0.3146 -0.8990 -0.3047
vn 0.6103 -0.2454 -0.7532
vn -0.9798 -0.2001 -0.0082
vn -0.8745 -0.4807 -0.0656
vn -0.7448 -0.6303 -0.2192
vn 0.8857 0.1470 0.4403
vn 0.9430 0.1483 0.2978
vn -0.9616 0.1761 0.2104
vn -0.0795 0.2853 0.9551
vn -0.9878 -0.0740 -0.1373
vn -0.9684 -0.2348 -0.0848
vn -0.9269 0.0072 -0.3753
vn -0.8194 0.4723 0.3249
vn -0.0829 0.1317 0.9878
vn -0.7985 0.3883 0.4600
vn -0.5121 0.7432 0.4305
vn -0.9795 0.1945 -0.0521
vn 0.7226 0.6119 0.3217
vn -0.4899 0.6461 0.5852
vn -0.8881 -0.0285 0.4588
vn -0.0956 0.8748 0.4749
vn 0.3595 0.8277 0.4308
vn 0.3352 0.7198 0.6079
vn 0.9705 -0.0442 -0.2368
vn 0.9539 0.2089 0.2154
vn 0.6446 0.5743 0.5047
vn 0.3625 0.8947 0.2610
vn 0.3868 0.1554 0.9090
vn 0.5029 0.2320 0.8327
vn 0.4405 -0.4160 -0.7955
vn 0.9600 0.2646 0.0916
vn 0.7344 0.6577 0.1677
vn -0.7137 0.0585 0.6980
vn -0.7806 0.1183 0.6137
vn 0.9974 -0.0709 0.0149
vn 0.9398 0.3373 -0.0550
vn 0.8644 0.3997 -0.3049
vn -0.8233 -0.3007 -0.4814
vn 0.9012 -0.4179 -0.1151
vn 0.8615 -0.4838 -0.1539
vn 0.9844 0.0895 -0.1514
vn 0.9894 -0.0896 -0.1144
vn 0.1493 -0.8017 -0.5788
vn 0.8087 -0.5836 -0.0739
vn 0.7453 -0.3574 0.5628
vn 0.3437 -0.2332 0.9097
vn -0.0998 -0.2552 0.9617
vn -0.6641 -0.5005 0.5554
vn -0.6699 -0.7327 -0.1198
vn 0.1346 -0.5708 -0.8100
vn 0.9681 -0.0417 0.2469
vn 0.9116 -0.2926 -0.2886
vn 0.8935 -0.3183 -0.3168
vn -0.9488 -0.2405 0.2050
vn -0.3176 -0.0388 0.9474
vn -0.6215 -0.0820 0.7791
vn -0.8405 -0.2510 0.4801
vn 0.8615 -0.3533 -0.3647
vn -0.8198 -0.4735 -0.3220
vn -0.7928 -0.4983 -0.3509
vn -0.3372 -0.4825 -0.8084
vn 0.6171 -0.7493 -0.2404
vn 0.8463 -0.4306 -0.3136
vn 0.7413 -0.3286 -0.5852
vn -0.3488 0.0269 -0.9368
vn -0.4344 0.3501 -0.8299
vn -0.1070 0.6620 -0.7419
vn 0.2380 0.5715 -0.7854
vn 0.3813 0.2848 -0.8795
vn 0.2541 -0.0087 -0.9671
vn -0.0566 -0.1180 -0.9914
vn -0.5987 -0.2342 -0.7659
vn -0.7003 0.3711 -0.6099
vn -0.1811 0.8756 -0.4478
vn 0.4600 0.7454 -0.4825
vn 0.6824 0.2376 -0.6913
vn 0.4372 -0.2323 -0.8689
vn -0.0730 -0.4926 -0.8672
vn 0.2632 -0.8582 -0.4407
vn 0.6287 -0.6684 -0.3974
vn 0.5980 -0.6987 -0.3927
vn 0.5867 -0.5691 -0.5761
vn -0.9459 -0.2306 -0.2280
vn -0.2118 -0.8510 -0.4806
vn 0.3467 -0.8291 -0.4386
vn 0.8779 -0.1343 -0.4596
vn 0.7486 -0.3103 -0.5859
vn 0.8848 -0.2768 -0.3748
vn -0.1493 -0.5876 -0.7952
vn 0.2634 -0.4586 -0.8487
vn -0.9622 -0.2306 -0.1450
vn -0.9736 -0.2266 -0.0261
vn -0.7485 -0.4527 -0.4846
vn -0.6255 0.2484 0.7396
vn -0.6805 0.3697 0.6326
vn 0.2770 0.5574 0.7827
vn 0.9997 0.0162 -0.0202
vn 0.6313 -0.5262 -0.5697
vn -0.3593 -0.4798 -0.8004
vn -0.6812 -0.6084 -0.4073
vn -0.9735 -0.0177 0.2281
vn -0.9180 0.1086 0.3813
vn -0.9176 0.1097 0.3822
vn -0.9188 0.1067 0.3799
vn -0.9193 0.1055 0.3791
vn -0.2200 -0.6561 -0.7219
vn 0.6547 -0.3302 -0.6800
vn -0.0781 -0.7902 -0.6079
vn -0.2398 0.5268 0.8154
vn 0.0934 0.6343 0.7674
vn 0.8561 0.3125 0.4117
vn 0.4557 -0.5575 -0.6940
vn -0.9630 -0.0163 0.2692
vn 0.4782 -0.6939 -0.5383
vn -0.3786 0.3902 0.8393
vn -0.2121 0.3942 0.8942
vn -0.5052 -0.1336 0.8526
vn -0.3795 -0.2034 0.9026
vn -0.4832 -0.7509 -0.4502
vn -0.5421 -0.6082 -0.5798
vn 0.7123 -0.0226 0.7015
vn 0.7640 0.0714 0.6412
vn -0.7180 -0.6011 -0.3510
vn -0.3280 -0.7653 -0.5538
vn 0.5878 -0.0011 -0.8090
vn -0.9806 -0.1922 -0.0395
vn -0.9336 -0.3462 -0.0925
vn -0.7541 -0.5371 -0.3780
vn 0.8920 0.0016 0.4520
vn -0.9541 0.1000 0.2823
vn 0.0554 -0.0083 0.9984
vn -0.9917 -0.0329 -0.1240
vn -0.9716 -0.2020 -0.1233
vn -0.9375 0.1170 -0.3279
vn -0.8071 0.3480 0.4770
vn 0.0887 -0.1610 0.9830
vn -0.7919 0.2224 0.5687
vn -0.4955 0.5753 0.6507
vn -0.9796 0.1971 0.0384
vn 0.7348 0.4883 0.4707
vn -0.4681 0.4227 0.7761
vn -0.9714 -0.1323 0.1972
vn -0.8842 -0.1729 0.4339
vn -0.0712 0.6666 0.7420
vn -0.5764 -0.1168 -0.8088
vn 0.3385 0.6783 0.6522
vn 0.3517 0.5038 0.7890
vn 0.9647 0.0318 -0.2614
vn 0.9448 0.1783 0.2748
vn 0.7143 0.3842 0.5849
vn 0.4273 0.7597 0.4902
vn 0.3107 0.0078 0.9505
vn 0.5123 -0.0333 0.8582
vn -0.7783 -0.0617 0.6249
vn 0.9636 0.2283 0.1392
vn 0.7423 0.5788 0.3376
vn 0.4148 -0.1531 -0.8969
vn 0.9960 -0.0804 -0.0386
vn 0.9394 0.3420 0.0223
vn 0.8571 0.4770 -0.1946
vn -0.8509 -0.1456 -0.5047
vn 0.8593 -0.3875 -0.3338
vn 0.8542 -0.4107 -0.3189
vn 0.9800 0.1353 -0.1462
vn 0.9851 -0.0466 -0.1654
vn 0.1281 -0.5876 -0.7990
vn 0.8032 -0.5303 -0.2714
vn 0.7638 -0.5108 0.3946
vn 0.1770 -0.5112 0.8410
vn -0.1200 -0.5552 0.8230
vn -0.6499 -0.6483 0.3967
vn -0.6768 -0.6645 -0.3167
vn 0.1078 -0.2974 -0.9487
vn 0.9832 -0.1080 0.1475
vn 0.9013 -0.1874 -0.3906
vn 0.8821 -0.2034 -0.4248
vn -0.5010 -0.2727 0.8214
vn 0.8878 -0.2217 0.4033
vn 0.6508 -0.1958 0.7336
vn 0.3498 -0.2637 0.8989
vn -0.9426 -0.2954 0.1555
vn -0.8147 -0.4133 0.4067
vn -0.4033 -0.2280 -0.8862
vn -0.8495 -0.3575 -0.3880
vn -0.8027 -0.3818 -0.4582
vn 0.2854 -0.7846 -0.5504
vn 0.6057 -0.6374 -0.4763
vn 0.8345 -0.3116 -0.4544
vn 0.7221 -0.1324 -0.6790
vn -0.2478 0.2228 -0.9429
vn -0.4492 0.4315 -0.7824
vn -0.3887 0.7021 -0.5966
vn -0.0862 0.8598 -0.5033
vn 0.3179 0.6923 -0.6478
vn 0.3231 0.4027 -0.8564
vn 0.0808 0.2108 -0.9742
vn -0.3910 -0.1455 -0.9088
vn -0.7547 0.2259 -0.6159
vn -0.6474 0.7109 -0.2746
vn -0.0727 0.9901 -0.1205
vn 0.5793 0.7131 -0.3948
vn 0.6359 0.1760 -0.7514
vn 0.1922 -0.1415 -0.9711
vn 0.2630 -0.3672 -0.8922
vn 0.2457 -0.6894 -0.6814
vn 0.6134 -0.5137 -0.6000
vn 0.5827 -0.5440 -0.6038
vn 0.5666 -0.3649 -0.7388
vn -0.9535 -0.1546 -0.2586
vn -0.1299 -0.8341 -0.5360
vn -0.1329 -0.6752 -0.7256
vn 0.3294 -0.6554 -0.6796
vn 0.2143 -0.1124 -0.9703
vn 0.8616 0.0208 -0.5072
vn 0.7852 -0.1395 -0.6033
vn 0.8391 0.0080 -0.5438
vn -0.7768 -0.4162 -0.4725
vn 0.2423 -0.2518 -0.9370
vn 0.2650 -0.4931 -0.8286
vn -0.9886 -0.1506 -0.0066
vn -0.9537 -0.2352 -0.1875
vn -0.7668 -0.2695 -0.5825
vn -0.8366 -0.1589 -0.5243
vn -0.3564 -0.5213 -0.7754
vn 0.1649 0.1402 0.9763
vn 0.9986 -0.0257 -0.0454
vn -0.2163 -0.1977 -0.9561
vn -0.4237 -0.4004 -0.8125
vn -0.5958 -0.2204 -0.7723
vn -0.8828 0.0058 0.4697
vn -0.2707 -0.3185 -0.9085
vn 0.5670 0.1477 0.8104
vn 0.1319 0.2790 0.9512
vn 0.9664 0.0977 0.2377
vn 0.8936 0.1706 0.4153
vn 0.9187 0.1418 0.3686
vn 0.7119 -0.3703 -0.5967
vn 0.4851 -0.1569 -0.8603
vn 0.5861 0.2804 0.7602
vn -0.1057 -0.7553 -0.6468
vn -0.3801 0.2361 0.8943
vn -0.4390 0.1319 0.8887
vn -0.5122 0.0051 0.8588
vn -0.3276 0.1512 0.9326
vn -0.5017 -0.7638 -0.4062
vn -0.5600 -0.7406 -0.3713
vn -0.1700 -0.6577 -0.7338
vn -0.5312 -0.6580 -0.5338
vn -0.2455 -0.4626 -0.8519
vn -0.8392 -0.4659 -0.2803
vn -0.7492 -0.6027 -0.2748
vn -0.5216 -0.5727 -0.6324
vn -0.8425 -0.4347 -0.3182
vn -0.4834 -0.4455 -0.7535
vn 0.5995 -0.1274 -0.7901
vn -0.9962 -0.0744 0.0458
vn -0.9120 -0.3970 -0.1032
vn -0.8094 -0.3723 -0.4541
vn -0.7435 -0.2124 -0.6341
vn -0.9521 0.1995 0.2316
vn 0.8945 0.0731 0.4411
vn 0.9538 0.1001 0.2834
vn -0.9298 0.1708 0.3259
vn -0.9441 0.2929 -0.1513
vn -0.9758 -0.0870 -0.2007
vn -0.9352 -0.0120 -0.3540
vn -0.0115 0.1134 0.9935
vn -0.0683 -0.0183 0.9975
vn -0.7204 0.3901 0.5734
vn -0.6775 0.5326 0.5073
vn -0.7688 0.4862 0.4154
vn -0.9685 0.2313 0.0921
vn -0.7851 0.6037 0.1388
vn -0.3317 0.6514 0.6824
vn -0.3536 0.6049 0.7135
vn -0.7833 0.5249 0.3330
vn -0.4720 0.8211 0.3209
vn -0.8813 -0.0979 0.4623
vn -0.0411 0.7454 0.6653
vn -0.4615 0.7474 0.4779
vn -0.0739 0.9185 0.3884
vn -0.5660 -0.2413 -0.7883
vn 0.2722 0.7029 0.6571
vn 0.2721 0.6344 0.7235
vn 0.2964 0.7632 0.5742
vn -0.0625 0.8383 0.5416
vn 0.0367 0.8179 0.5742
vn 0.3330 0.8830 0.3309
vn 0.9686 -0.0082 -0.2485
vn 0.7173 0.5368 0.4442
vn 0.7642 0.4464 0.4655
vn 0.5007 0.7284 0.4677
vn 0.6835 0.6358 0.3586
vn 0.4165 0.1565 0.8956
vn 0.4002 0.0174 0.9162
vn 0.5188 0.1075 0.8481
vn 0.4854 0.2074 0.8493
vn 0.9471 0.1954 0.2546
vn 0.9662 0.1586 0.2034
vn 0.9197 0.3268 0.2175
vn 0.6759 0.7183 0.1650
vn 0.9994 0.0334 -0.0013
vn -0.7054 -0.0440 0.7075
vn -0.7736 0.0234 0.6332
vn 0.9751 -0.2062 -0.0813
vn 0.9033 0.4032 0.1467
vn 0.8877 0.4527 -0.0837
vn 0.9873 0.0784 -0.1383
vn -0.8433 -0.2243 -0.4885
vn 0.8573 -0.4204 -0.2973
vn 0.9045 0.1170 -0.4102
vn 0.4532 -0.2954 -0.8410
vn 0.1398 -0.7055 -0.6948
vn 0.8067 -0.5652 -0.1725
vn 0.7572 -0.4414 0.4815
vn 0.2140 -0.3855 0.8975
vn -0.0861 -0.3968 0.9138
vn -0.6565 -0.5789 0.4836
vn -0.6725 -0.7070 -0.2187
vn 0.1223 -0.4456 -0.8869
vn 0.9798 -0.0816 0.1827
vn 0.9070 -0.2451 -0.3426
vn 0.8883 -0.2663 -0.3741
vn 0.5338 -0.0392 0.8447
vn 0.8737 -0.1807 0.4516
vn -0.9460 -0.2694 0.1804
vn -0.3038 -0.1810 0.9354
vn -0.6102 -0.1987 0.7669
vn -0.8338 -0.3210 0.4492
vn -0.3663 -0.3560 -0.8597
vn -0.8438 -0.4153 -0.3400
vn -0.7960 -0.4502 -0.4047
vn 0.8948 -0.2144 -0.3915
vn -0.6752 0.7033 -0.2223
vn 0.8937 -0.3124 -0.3221
vn 0.8071 -0.1568 -0.5692
vn -0.2752 0.0786 -0.9582
vn -0.4909 0.3257 -0.8080
vn -0.4224 0.6637 -0.6173
vn -0.0894 0.8369 -0.5399
vn 0.1760 0.8012 -0.5719
vn 0.4178 0.5458 -0.7263
vn 0.3524 0.2181 -0.9101
vn 0.0630 0.0382 -0.9973
vn -0.3893 -0.1381 -0.9107
vn -0.7302 0.2142 -0.6487
vn -0.1057 0.9943 0.0165
vn 0.3277 0.9433 -0.0534
vn 0.7323 0.5350 -0.4214
vn 0.1488 -0.2702 -0.9512
vn 0.5666 0.0582 -0.8220
vn 0.6429 -0.5629 -0.5194
vn 0.2889 -0.7713 -0.5671
vn 0.4208 -0.7947 -0.4374
vn -0.1855 -0.7750 -0.6041
vn -0.9496 -0.1947 -0.2456
vn -0.1528 -0.8683 -0.4719
vn -0.1676 -0.8687 -0.4661
vn 0.2803 -0.7202 -0.6346
vn -0.1593 -0.3356 -0.9284
vn 0.8692 -0.0578 -0.4910
vn 0.8028 -0.2257 -0.5519
vn 0.8579 -0.0765 -0.5081
vn 0.3379 -0.3997 -0.8521
vn 0.2646 -0.6121 -0.7452
vn -0.8162 -0.3349 -0.4709
vn -0.9838 -0.1703 0.0551
vn -0.7484 -0.3621 -0.5557
vn -0.7995 -0.4294 -0.4200
vn -0.8183 -0.2383 -0.5230
vn -0.7507 -0.5166 -0.4119
vn -0.6782 0.1394 0.7215
vn -0.6478 0.2598 0.7161
vn 0.3438 0.4120 0.8439
vn 0.3946 0.3515 0.8490
vn 0.9994 0.0335 0.0032
vn 0.9988 -0.0388 -0.0283
vn -0.3478 -0.6755 -0.6502
vn -0.6068 -0.3338 -0.7214
vn -0.9665 -0.0502 0.2516
vn -0.9130 0.0345 0.4066
vn -0.8968 0.1226 0.4251
vn -0.1779 -0.4377 -0.8814
vn -0.1775 -0.5823 -0.7934
vn -0.9590 -0.0281 0.2822
vn -0.1788 0.4000 0.8989
vn -0.2541 0.3144 0.9147
vn 0.1046 0.5121 0.8526
vn 0.8678 0.2470 0.4312
vn 0.7720 -0.3980 -0.4957
vn 0.5378 -0.2666 -0.7998
vn -0.5374 0.3670 0.7593
vn -0.4887 -0.1933 0.8508
vn -0.3062 -0.0681 0.9495
vn -0.7365 -0.4766 -0.4800
vn -0.3323 -0.7221 -0.6068
vn 0.5814 0.0591 -0.8115
vn -0.9809 -0.1889 -0.0466
vn -0.8799 -0.4270 -0.2085
vn -0.7570 -0.5076 -0.4114
vn 0.9043 -0.0282 0.4260
vn 0.9601 0.0344 0.2774
vn -0.9520 0.0785 0.2958
vn -0.8035 0.3114 0.5074
vn -0.9926 -0.0237 -0.1190
vn -0.9725 -0.1924 -0.1310
vn -0.9398 0.1409 -0.3115
vn 0.0149 -0.1180 0.9929
vn -0.0487 -0.2491 0.9673
vn -0.7877 0.1794 0.5894
vn -0.4906 0.5253 0.6953
vn -0.9793 0.1935 0.0600
vn 0.7384 0.4521 0.5004
vn -0.4623 0.3637 0.8087
vn -0.8711 -0.2035 0.4470
vn -0.0656 0.6096 0.7900
vn -0.5842 -0.0548 -0.8098
vn 0.3434 0.6280 0.6984
vn 0.2974 0.4550 0.8394
vn 0.9628 0.0513 -0.2653
vn 0.9505 0.1494 0.2725
vn 0.7066 0.3420 0.6194
vn 0.4311 0.7212 0.5422
vn 0.4381 -0.0517 0.8974
vn 0.4200 -0.1927 0.8868
vn 0.5406 -0.0890 0.8366
vn 0.5048 0.0077 0.8632
vn 0.4335 -0.0930 -0.8964
vn 0.9647 0.2174 0.1488
vn 0.7449 0.5522 0.3743
vn -0.6895 -0.2071 0.6940
vn -0.7584 -0.1175 0.6411
vn 0.9952 -0.0829 -0.0529
vn 0.9397 0.3395 0.0408
vn 0.8558 0.4903 -0.1648
vn -0.8546 -0.1079 -0.5079
vn 0.8567 -0.3615 -0.3679
vn 0.8517 -0.3857 -0.3547
vn 0.9789 0.1460 -0.1428
vn 0.9839 -0.0340 -0.1755
vn 0.1222 -0.5265 -0.8413
vn 0.8010 -0.5085 -0.3159
vn 0.7664 -0.5386 0.3500
vn 0.2328 -0.5811 0.7798
vn -0.0669 -0.5966 0.7998
vn -0.6473 -0.6761 0.3521
vn -0.6793 -0.6393 -0.3603
vn 0.1012 -0.2294 -0.9681
vn 0.9834 -0.1192 0.1371
vn 0.8984 -0.1577 -0.4100
vn 0.8790 -0.1711 -0.4451
vn 0.5524 -0.2313 0.8009
vn 0.8831 -0.2777 0.3782
vn -0.9425 -0.3058 0.1348
vn -0.2834 -0.3919 0.8752
vn -0.5935 -0.3711 0.7141
vn -0.8245 -0.4176 0.3819
vn -0.3864 -0.1496 -0.9101
vn -0.8524 -0.3279 -0.4074
vn -0.8061 -0.3468 -0.4795
vn 0.8127 -0.2363 -0.5327
vn 0.6022 -0.6012 -0.5252
vn 0.8311 -0.2768 -0.4823
vn 0.7171 -0.0814 -0.6922
vn -0.3823 0.3726 -0.8456
vn -0.4615 0.6320 -0.6226
vn -0.1288 0.8905 -0.4365
vn 0.2138 0.8250 -0.5232
vn 0.3513 0.5952 -0.7227
vn 0.2188 0.3549 -0.9089
vn -0.0934 0.2605 -0.9610
vn -0.6278 0.0649 -0.7756
vn -0.7190 0.5675 -0.4012
vn -0.1905 0.9783 -0.0814
vn 0.4479 0.8746 -0.1856
vn 0.6587 0.4830 -0.5769
vn 0.4036 0.1119 -0.9081
vn -0.1081 -0.1335 -0.9851
vn 0.2491 -0.7468 -0.6167
vn 0.2406 -0.6297 -0.7386
vn 0.6088 -0.4675 -0.6409
vn 0.5781 -0.4975 -0.6467
vn 0.5611 -0.3089 -0.7680
vn -0.9554 -0.1352 -0.2625
vn -0.2355 -0.6112 -0.7556
vn 0.3242 -0.6030 -0.7288
vn 0.8579 0.0586 -0.5105
vn 0.7892 -0.0756 -0.6095
vn 0.8352 0.0485 -0.5478
vn 0.8556 -0.1612 -0.4919
vn -0.3353 0.9123 0.2350
vn 0.2646 -0.3398 -0.9025
vn 0.2354 -0.1814 -0.9548
vn -0.9756 -0.2067 -0.0734
vn -0.7591 -0.2415 -0.6046
vn -0.8404 -0.1196 -0.5286
vn -0.6394 -0.0025 0.7689
vn 0.3718 0.1276 0.9195
vn 0.4849 0.2899 0.8251
vn 0.9990 0.0434 -0.0136
vn 0.9782 -0.0346 -0.2048
vn -0.6235 -0.1598 -0.7653
vn -0.6930 -0.4209 -0.5853
vn -0.9617 -0.1058 0.2531
vn -0.8988 -0.0541 0.4349
vn -0.2773 -0.2501 -0.9276
vn -0.1434 -0.1278 -0.9814
vn -0.1234 -0.5114 -0.8505
vn -0.1871 0.0912 0.9781
vn 0.1335 0.2116 0.9682
vn 0.8933 0.1365 0.4282
vn 0.5207 -0.0791 -0.8501
vn 0.4532 -0.4395 -0.7756
vn -0.4028 0.1682 0.8997
vn 0.2572 0.2047 0.9444
vn 0.4272 0.5933 0.6823
vn -0.0091 0.2075 0.9782
vn 0.2704 0.8696 0.4131
vn -0.2138 0.9689 0.1245
vn 0.4957 -0.1447 0.8563
vn 0.9653 -0.2322 0.1197
vn 0.2731 0.2006 0.9409
vn 0.4383 -0.8058 0.3983
vn 0.0185 -0.8716 0.4898
vn 0.7985 -0.4869 0.3539
vn -0.0779 0.3938 0.9159
vn 0.1597 0.3253 0.9320
vn -0.0048 0.3950 0.9187
vn 0.0061 0.3637 0.9315
vn -0.0781 -0.3602 0.9296
vn -0.3142 -0.3446 0.8846
vn 0.1122 -0.4308 0.8954
vn 0.2094 -0.3169 0.9250
vn 0.1099 -0.5868 0.8022
vn 0.1156 -0.4833 0.8678
vn -0.9381 -0.1666 0.3038
vn 0.1172 -0.6343 0.7641
vn 0.0732 -0.9961 -0.0495
vn 0.0698 -0.9633 -0.2593
vn 0.0780 -0.8335 0.5470
vn 0.0734 -0.9367 0.3422
vn -0.9613 0.0164 -0.2749
vn -0.9861 0.0002 -0.1659
vn -0.8315 -0.1422 0.5370
vn -0.7804 -0.0419 0.6239
vn 0.1812 -0.8342 0.5209
vn -0.9394 -0.1007 0.3276
vn 0.1782 -0.6443 0.7437
vn -0.3906 -0.2791 -0.8772
vn -0.0125 -0.9992 0.0387
vn -0.1938 -0.4212 -0.8860
vn -0.3058 -0.5239 -0.7950
vn -0.3083 -0.4712 -0.8264
vn -0.2382 0.2442 -0.9400
vn -0.0090 0.2543 -0.9671
vn -0.0054 0.3902 -0.9207
vn -0.2238 0.3907 -0.8929
vn -0.4432 0.3413 -0.8289
vn -0.0006 -0.9927 -0.1210
vn 0.1650 -0.9855 0.0387
vn 0.3290 -0.6904 0.6443
vn 0.0211 -0.8159 0.5777
vn -0.6839 -0.3307 -0.6504
vn -0.7142 -0.2624 -0.6489
vn -0.7114 -0.1907 -0.6765
vn -0.5296 -0.3445 -0.7752
vn -0.6635 -0.3882 -0.6396
vn -0.8222 -0.3471 0.4510
vn -0.9970 -0.0569 0.0527
vn -0.9685 -0.1430 0.2037
vn 0.1306 -0.9342 -0.3321
vn -0.7608 -0.3165 0.5666
vn 0.6893 0.0630 0.7217
vn 0.2934 -0.9560 -0.0067
vn -0.0043 -0.9922 0.1250
vn 0.0256 -0.9822 -0.1859
vn -0.5366 -0.3600 0.7632
vn -0.6386 -0.3876 0.6648
vn -0.3321 -0.3804 0.8631
vn 0.5261 0.6906 0.4962
vn 0.0458 0.1457 0.9883
vn 0.5417 -0.7593 0.3607
vn 0.8156 0.1291 0.5640
vn 0.1753 0.9330 0.3142
vn 0.0419 -0.9190 0.3921
vn -0.9996 -0.0291 0.0010
vn 0.6426 -0.2182 0.7345
vn 0.0277 -0.5700 0.8212
vn 0.0317 0.4442 0.8954
vn 0.0084 0.7395 0.6731
vn 0.3748 0.8626 0.3397
vn 0.1454 0.8495 0.5072
vn -1.0000 -0.0003 0.0007
vn 0.0033 0.9665 0.2568
vn 0.0109 0.9995 -0.0295
vn -0.2545 -0.0250 -0.9668
vn -0.1108 0.9784 0.1745
vn 0.0016 0.9845 0.1751
vn -0.2523 0.0569 -0.9660
vn -0.0113 0.1516 -0.9884
vn 0.1335 -0.6150 -0.7771
vn -0.3947 -0.1631 -0.9042
vn -0.4370 0.1287 -0.8902
vn 0.2583 -0.8439 -0.4702
vn 0.1469 -0.7695 -0.6215
vn 0.4084 0.9006 0.1489
vn -0.0025 0.6307 -0.7761
vn 0.0767 0.9843 0.1591
vn -0.0050 -0.9594 0.2818
vn -0.2844 -0.7932 0.5384
vn -0.2012 -0.9400 0.2755
vn 0.2304 0.9665 0.1133
vn 0.2199 0.9606 0.1697
vn -0.9727 0.2274 0.0471
vn -0.9988 0.0034 0.0484
vn -0.2184 -0.9553 0.1991
vn -0.9911 -0.0773 0.1085
vn 0.2786 0.9601 0.0244
vn -0.4810 -0.8582 0.1793
vn 0.0128 0.9932 0.1160
vn 0.2101 0.9764 -0.0490
vn 0.4501 0.8862 0.1098
vn 0.2127 0.9762 0.0421
vn 0.2124 0.9725 -0.0950
vn -0.8189 0.5687 0.0778
vn 0.0068 0.9993 0.0361
vn -0.5488 0.8285 0.1115
vn -0.6411 0.7531 0.1477
vn 0.0092 0.9721 0.2345
vn 0.2716 0.9359 0.2241
vn 0.0081 0.9870 0.1606
vn 0.2301 0.9612 0.1524
vn -0.7063 -0.6982 0.1169
vn 0.5161 0.8373 0.1806
vn -0.9320 -0.3510 0.0905
vn -0.7431 0.6634 -0.0879
vn -0.9539 -0.0228 0.2993
vn -0.9657 -0.2395 0.1006
vn -0.8876 0.4602 -0.0206
vn -0.8832 0.4646 -0.0640
vn -0.7403 0.6712 -0.0392
vn 0.9941 -0.0475 -0.0977
vn -0.7137 0.6785 -0.1739
vn -0.8280 0.5597 0.0346
vn -0.5498 -0.8326 -0.0661
vn -0.3521 -0.9038 -0.2434
vn -0.2772 -0.9535 -0.1180
vn -0.3217 -0.9459 -0.0422
vn 0.9851 -0.1080 -0.1339
vn 0.9766 0.2049 0.0657
vn 0.9836 -0.1295 -0.1257
vn 0.9890 -0.1478 0.0034
vn 0.9661 -0.2428 -0.0879
vn 0.0057 -0.5166 -0.8562
vn 0.1736 -0.6065 -0.7759
vn 0.0114 -0.7203 -0.6936
vn 0.1322 -0.9873 -0.0878
vn 0.1934 -0.9780 0.0786
vn -0.5417 -0.7787 -0.3166
vn -0.6501 -0.7418 -0.1647
vn -0.5311 -0.8388 -0.1195
vn 0.4936 -0.5128 -0.7024
vn 0.4420 -0.1421 -0.8857
vn -0.0941 -0.9896 0.1084
vn 0.6303 -0.0016 -0.7764
vn 0.8504 -0.0825 -0.5196
vn -0.5999 0.7991 0.0398
vn -0.6841 0.7178 0.1293
vn 0.1336 0.5892 0.7969
vn 0.1929 0.5989 0.7773
vn -0.1073 0.8822 0.4585
vn 0.9550 -0.2030 -0.2162
vn -0.8799 -0.4462 0.1634
vn 0.0864 -0.9251 -0.3698
vn 0.9666 0.1430 0.2127
vn 0.7979 -0.5902 -0.1227
vn 0.4828 0.6897 0.5397
vn 0.9546 0.1914 0.2283
vn 0.7510 0.5616 0.3472
vn 0.7533 0.6461 -0.1225
vn 0.7230 0.6862 0.0803
vn 0.4161 -0.7246 -0.5493
vn 0.5230 -0.8253 -0.2128
vn -0.9965 -0.0693 -0.0457
vn 0.5259 0.5388 0.6581
vn -0.3391 0.9174 0.2085
vn 0.1581 0.7744 0.6126
vn -0.9420 0.2865 0.1748
vn -0.2932 0.6940 0.6576
vn -0.2907 0.6911 0.6617
vn -0.3422 0.8465 0.4079
vn -0.2909 0.5387 0.7907
vn 0.5618 -0.8260 -0.0453
vn 0.6803 -0.7326 -0.0217
vn 0.8483 0.3401 0.4057
vn 0.6323 0.6631 0.4005
vn -0.6811 0.5356 0.4992
vn 0.7513 -0.5175 -0.4096
vn 0.7197 -0.6331 -0.2850
vn -0.9904 0.0111 -0.1379
vn -0.9871 -0.1035 -0.1219
vn -0.0013 0.9985 -0.0538
vn 0.1272 0.9911 0.0391
vn -0.6120 0.4961 0.6159
vn -0.0062 0.9611 0.2761
vn -0.2077 -0.6169 -0.7592
vn -0.1402 -0.2653 -0.9539
vn -0.8394 -0.5091 -0.1901
vn -0.9509 -0.2766 -0.1390
vn -0.9155 -0.3692 -0.1601
vn -0.9151 -0.3708 -0.1587
vn -0.9150 -0.3711 -0.1584
vn -0.2554 -0.9667 0.0176
vn -0.1808 -0.9728 -0.1450
vn -0.6308 0.7132 0.3057
vn -0.6478 -0.5195 -0.5572
vn 0.4713 0.6447 0.6019
vn -0.4175 -0.6887 -0.5927
vn -0.3522 -0.1673 -0.9208
vn 0.6853 -0.7282 0.0046
vn -0.6364 0.3697 0.6770
vn -0.7446 0.5587 0.3653
vn -0.4570 -0.8879 0.0529
vn -0.9394 0.3303 0.0913
vn -0.7666 0.4127 0.4920
vn -0.5464 0.8370 -0.0314
vn 0.0467 0.9887 -0.1422
vn 0.0824 0.9860 -0.1452
vn 0.5631 0.8048 -0.1875
vn -0.9208 -0.3466 0.1787
vn -0.9006 -0.2485 -0.3567
vn -0.9750 -0.0302 0.2199
vn 0.0695 0.9967 -0.0430
vn 0.9213 -0.3860 -0.0481
vn 0.8031 -0.3452 -0.4856
vn -0.5069 0.8618 -0.0171
vn -0.2204 0.3575 0.9075
vn -0.0154 -0.9967 -0.0796
vn 0.1877 0.5333 0.8248
vn -0.7133 -0.7009 0.0065
vn 0.1724 0.9639 0.2029
vn 0.2302 0.7658 0.6005
vn -0.4971 -0.7226 -0.4804
vn 0.8223 0.5581 -0.1111
vn 0.9723 -0.0867 -0.2170
vn 0.9216 0.3410 0.1856
vn -0.9931 -0.0436 0.1092
vn 0.9112 -0.0399 0.4100
vn -0.0164 0.0814 0.9965
vn -0.7938 -0.1213 0.5959
vn -0.4419 -0.4826 -0.7562
vn 0.4762 -0.4208 -0.7721
vn 0.9310 0.0398 0.3627
vn -0.0974 0.2263 0.9692
vn 0.9978 -0.0578 0.0336
vn -0.9154 0.0607 0.3978
vn 0.7762 -0.2401 -0.5830
vn -0.5252 0.2265 0.8203
vn -0.4188 0.2593 0.8703
vn -0.0001 -0.3987 -0.9171
vn 0.0861 -0.3894 -0.9171
vn 0.8449 0.1871 0.5012
vn 0.6561 0.3142 0.6862
vn -0.8630 -0.2743 -0.4243
vn 0.9941 -0.1070 -0.0175
vn 0.9567 0.1471 0.2510
vn 0.9914 -0.1298 -0.0154
vn 0.9781 -0.1800 0.1044
vn 0.9686 -0.2483 -0.0102
vn 0.1672 -0.9333 -0.3179
vn 0.1799 -0.9730 -0.1445
vn -0.4723 -0.7050 -0.5291
vn -0.6055 -0.5256 -0.5976
vn 0.6542 -0.3167 -0.6869
vn 0.5205 -0.2254 -0.8236
vn 0.5780 0.0773 -0.8123
vn 0.5050 -0.4865 -0.7130
vn -0.1650 -0.8997 -0.4040
vn -0.1088 -0.9813 -0.1590
vn -0.8902 0.0832 0.4479
vn 0.7345 0.1721 -0.6564
vn 0.9166 0.0214 -0.3993
vn -0.5177 0.8358 0.1825
vn -0.6469 0.7292 0.2234
vn 0.0211 0.3670 0.9300
vn 0.0785 0.3780 0.9225
vn -0.1725 0.7431 0.6466
vn 0.9762 -0.1772 -0.1247
vn -0.8943 -0.4405 -0.0793
vn 0.1783 -0.7016 -0.6899
vn 0.0727 -0.6464 -0.7595
vn 0.9256 0.0501 0.3751
vn 0.8073 -0.5696 -0.1547
vn 0.3971 0.5151 0.7596
vn 0.9116 0.0934 0.4004
vn 0.6924 0.4307 0.5788
vn 0.7631 0.6283 0.1512
vn 0.7038 0.6176 0.3512
vn 0.5483 -0.7646 -0.3388
vn 0.0174 0.5838 0.8117
vn 0.4298 0.3359 0.8381
vn -0.3656 0.8480 0.3836
vn -0.9749 -0.0737 0.2101
vn -0.4045 0.5047 0.7627
vn -0.9906 0.1232 0.0593
vn -0.4331 0.5169 0.7384
vn -0.7739 0.4114 0.4815
vn -0.4213 0.3289 0.8452
vn 0.5625 -0.8085 -0.1731
vn 0.6763 -0.7283 -0.1104
vn 0.7806 0.1970 0.5932
vn 0.5678 0.5186 0.6393
vn -0.9263 0.2927 0.2373
vn 0.8026 -0.4259 -0.4177
vn 0.7534 -0.5677 -0.3319
vn 0.0065 0.9797 0.2002
vn -0.9618 0.0504 0.2692
vn 0.1202 0.9446 0.3053
vn 0.3139 0.2873 -0.9049
vn -0.0461 0.8613 0.5060
vn -0.2501 -0.6065 -0.7548
vn -0.0505 -0.8586 -0.5102
vn -0.9624 0.0599 -0.2651
vn -0.9878 -0.1437 -0.0603
vn -0.8487 -0.4627 -0.2561
vn -0.9177 0.0224 -0.3967
vn -0.0376 0.7497 -0.6607
vn -0.2499 0.8084 -0.5329
vn -0.2859 0.9050 -0.3152
vn -0.1317 0.9807 -0.1441
vn 0.1111 0.9845 -0.1358
vn 0.2790 0.9136 -0.2959
vn 0.2594 0.8103 -0.5254
vn -0.5922 0.3285 -0.7358
vn -0.0791 0.5328 -0.8425
vn -0.0518 0.4885 -0.8710
vn -0.7480 0.6351 -0.1928
vn -0.5428 0.5609 -0.6251
vn -0.4366 0.8525 0.2874
vn -0.6201 0.7697 -0.1517
vn 0.4426 0.8463 0.2966
vn -0.2927 0.9258 0.2390
vn -0.0362 0.9322 0.3600
vn 0.2339 0.9483 0.2144
vn 0.7965 0.5838 -0.1572
vn 0.5375 0.8289 -0.1551
vn -0.9492 0.2999 0.0950
vn 0.5239 0.5814 -0.6225
vn 0.5124 0.6331 -0.5802
vn -0.6122 -0.7409 -0.2760
vn -0.6041 -0.3322 -0.7244
vn 0.3793 0.4564 0.8049
vn -0.2186 -0.4152 -0.8831
vn -0.1602 0.0208 -0.9869
vn -0.7067 0.5257 0.4735
vn -0.4891 -0.8424 -0.2262
vn 0.6775 -0.7308 -0.0834
vn -0.9428 0.3311 0.0393
vn -0.8297 0.3045 0.4679
vn -0.5361 0.8377 0.1046
vn 0.0668 0.9905 0.1198
vn 0.1025 0.9873 0.1213
vn 0.5843 0.8051 0.1023
vn -0.9370 -0.3464 -0.0452
vn -0.8395 -0.1185 -0.5302
vn -0.9966 -0.0486 0.0665
vn 0.0750 0.9726 0.2200
vn 0.9185 -0.3951 -0.0145
vn 0.8649 -0.2422 -0.4396
vn -0.4991 0.8567 0.1301
vn -0.3494 0.1274 0.9283
vn -0.0037 -0.9440 -0.3299
vn 0.0664 0.3033 0.9506
vn -0.7067 -0.6538 -0.2705
vn 0.1413 0.8758 0.4616
vn 0.1409 0.5827 0.8004
vn -0.4224 -0.5611 -0.7118
vn 0.8297 0.5378 0.1495
vn 0.9110 -0.1714 -0.3750
vn 0.8850 0.2500 0.3927
vn -0.9984 -0.0332 -0.0454
vn -0.9237 -0.2700 0.2718
vn -0.6568 -0.3979 -0.6406
vn 0.9938 -0.0509 -0.0988
vn 0.2203 -0.0657 0.9732
vn 0.9977 -0.0536 -0.0424
vn -0.9634 -0.0072 0.2681
vn 0.9034 -0.1089 -0.4146
vn -0.6383 0.0336 0.7690
vn -0.5403 0.0490 0.8400
vn 0.2037 -0.1520 -0.9672
vn 0.2178 -0.1510 -0.9642
vn -0.5938 -0.1441 -0.7916
vn 0.7784 0.0180 0.6276
vn 0.5499 0.1088 0.8281
vn -0.8751 -0.1099 -0.4713
vn 0.9849 -0.1117 -0.1325
vn 0.0115 -0.7203 -0.6936
vn 0.1933 -0.9780 0.0786
vn -0.5417 -0.7787 -0.3165
vn 0.7169 0.6850 -0.1296
vn 0.7022 0.7062 0.0903
vn 0.5513 -0.7639 -0.3353
vn -0.2906 0.6911 0.6617
vn 0.8484 0.3401 0.4057
vn 0.5570 -0.8231 -0.1109
vn 0.0576 0.9972 0.0473
vn 0.5527 -0.7256 -0.4100
vn 0.0538 0.9956 -0.0766
vn -0.4638 -0.1200 -0.8778
vn 0.0880 0.9531 0.2894
vn 0.3284 -0.9441 0.0293
vn 0.1376 -0.9818 0.1307
vn -0.5159 -0.5097 -0.6885
vn -0.5305 -0.5076 -0.6789
vn 0.8741 0.1187 0.4710
vn 0.9090 0.0738 0.4103
vn 0.7050 -0.7093 -0.0017
vn -0.9391 0.3315 0.0906
vn -0.8803 0.4695 0.0688
vn 0.2748 -0.9563 0.0996
vn -0.3180 0.9309 0.1794
vn 0.1488 0.9774 -0.1503
vn 0.7782 0.5971 -0.1947
vn -0.9214 -0.3450 0.1789
vn -0.9781 -0.0428 0.2037
vn -0.8586 0.4201 0.2938
vn 0.6339 -0.7564 -0.1615
vn 0.7280 -0.5995 -0.3327
vn 0.1606 0.9828 -0.0916
vn -0.2258 0.9016 0.3688
vn 0.0760 -0.9602 -0.2686
vn -0.6129 -0.7534 -0.2382
vn -0.2529 -0.9020 -0.3500
vn 0.4238 0.8466 0.3220
vn -0.3493 -0.9368 0.0193
vn 0.6600 0.7484 0.0657
vn 0.7025 0.6959 -0.1487
vn -0.7760 -0.6275 0.0639
vn 0.4263 0.7407 0.5193
vn -0.9309 -0.0260 0.3644
vn 0.7621 -0.5559 -0.3321
vn 0.3674 0.7998 0.4746
vn -0.9046 0.1819 0.3856
vn -0.8704 0.3059 0.3857
vn 0.7538 -0.5335 -0.3835
vn -0.7156 0.5221 0.4640
vn 0.6440 -0.6373 -0.4232
vn 0.0661 -0.8919 -0.4473
vn -0.0112 0.8576 0.5141
vn 0.9941 -0.0074 -0.1084
vn 0.8077 0.5568 0.1940
vn -0.8463 -0.5281 -0.0702
vn -0.9072 -0.4206 -0.0059
vn 0.9397 0.3391 0.0450
vn 0.9851 -0.0500 -0.1645
vn 0.9766 0.1654 0.1377
vn 0.9836 -0.0730 -0.1650
vn 0.9832 -0.0739 -0.1670
vn 0.9834 -0.0733 -0.1657
vn 0.9890 -0.1384 -0.0522
vn 0.9661 -0.1922 -0.1724
vn 0.0057 -0.1584 -0.9874
vn 0.1736 -0.2717 -0.9466
vn 0.0115 -0.4081 -0.9129
vn 0.1322 -0.8826 -0.4512
vn 0.1658 -0.9426 -0.2898
vn -0.5417 -0.6034 -0.5851
vn -0.6501 -0.6261 -0.4305
vn -0.5311 -0.7330 -0.4249
vn 0.4936 -0.2124 -0.8434
vn 0.4420 0.2000 -0.8744
vn -0.0674 -0.9596 -0.2733
vn 0.6303 0.2893 -0.7204
vn 0.8504 0.1182 -0.5127
vn -0.5999 0.7260 0.3362
vn -0.6841 0.6172 0.3887
vn 0.1376 0.2488 0.9587
vn 0.1929 0.2638 0.9451
vn -0.1073 0.6463 0.7555
vn 0.9550 -0.1072 -0.2764
vn -0.8715 -0.4899 -0.0220
vn 0.0864 -0.7193 -0.6893
vn 0.9666 0.0530 0.2508
vn 0.7979 -0.5013 -0.3348
vn 0.4808 0.4362 0.7606
vn 0.9546 0.0920 0.2833
vn 0.7510 0.3907 0.5323
vn 0.7533 0.6450 0.1284
vn 0.7230 0.6062 0.3314
vn 0.4161 -0.4661 -0.7807
vn 0.5230 -0.6856 -0.5065
vn 0.1414 0.4658 0.8736
vn 0.5304 0.2515 0.8096
vn -0.3391 0.7725 0.5369
vn -0.0013 0.9460 0.3241
vn -0.9206 0.2658 0.2861
vn -0.2932 0.3973 0.8696
vn -0.2913 0.3954 0.8711
vn -0.3422 0.6321 0.6952
vn -0.2874 0.2042 0.9358
vn 0.5618 -0.7489 -0.3514
vn 0.6803 -0.6712 -0.2945
vn 0.8484 0.1634 0.5036
vn 0.6323 0.4649 0.6197
vn -0.6933 0.3129 0.6491
vn -0.6580 0.5340 0.5308
vn 0.7513 -0.3264 -0.5736
vn 0.7197 -0.4802 -0.5014
vn -0.8174 -0.3021 -0.4906
vn -0.8621 -0.2781 -0.4236
vn -0.7419 -0.0440 -0.6690
vn 0.1272 0.9043 0.4075
vn 0.9830 -0.0742 -0.1677
vn -0.0062 0.7877 0.6160
vn -0.2585 0.6952 0.6707
vn -0.1015 0.8614 0.4977
vn 0.7185 0.6911 0.0785
vn -0.8394 -0.4009 -0.3670
vn -0.6120 0.2293 0.7569
vn 0.6329 0.7190 0.2872
vn -0.9588 -0.0955 -0.2675
vn -0.6308 0.5467 0.5506
vn -0.6478 -0.2730 -0.7112
vn 0.4713 0.3723 0.7995
vn -0.4175 -0.4166 -0.8075
vn -0.3522 0.1898 -0.9165
vn 0.2959 -0.9167 -0.2686
vn -0.6364 0.0892 0.7662
vn -0.7446 0.3813 0.5479
vn -0.4435 -0.8501 -0.2841
vn 0.9814 -0.1870 -0.0426
vn -0.9487 0.2436 0.2016
vn 0.7415 -0.6172 -0.2630
vn -0.8600 0.4468 0.2464
vn -0.5464 0.7878 0.2844
vn 0.2813 -0.8646 -0.4162
vn 0.0467 0.9700 0.2384
vn 0.1497 0.9624 0.2265
vn -0.5147 -0.8466 -0.1353
vn -0.4493 -0.8766 -0.1722
vn 0.8063 0.5906 0.0323
vn -0.9007 -0.4340 0.0212
vn 0.8412 -0.4163 -0.3450
vn -0.5980 0.6087 0.5214
vn -0.7953 -0.2373 -0.5578
vn -0.5690 0.6600 0.4905
vn 0.0296 0.6895 0.7237
vn -0.1555 -0.8778 -0.4530
vn 0.2331 0.8218 0.5199
vn -0.6364 -0.7410 -0.2142
vn -0.6738 -0.5146 -0.5302
vn 0.7701 0.4193 0.4808
vn 0.7240 0.6772 0.1309
vn 0.9057 0.3913 0.1632
vn -0.9994 0.0346 0.0022
vn -0.9948 0.0231 0.0992
vn -0.0895 -0.7285 -0.6792
vn 0.8833 -0.4558 -0.1094
vn -0.0922 -0.7025 -0.7057
vn -0.9994 -0.0059 0.0354
vn 0.9875 -0.1566 0.0150
vn -0.6894 0.4823 0.5405
vn -0.7641 0.4409 0.4709
vn 0.1653 -0.6744 -0.7196
vn 0.1843 -0.6730 -0.7163
vn 0.0839 0.5999 0.7956
vn 0.0058 0.6115 0.7912
vn -0.5267 -0.5335 -0.6618
vn 0.8174 0.2691 0.5093
vn -0.9082 -0.2277 -0.3511
vn 0.1667 0.3704 -0.9138
vn 0.2612 -0.6769 -0.6882
vn -0.0497 -0.1936 -0.9798
vn -0.7548 0.1379 -0.6414
vn -0.9774 -0.2112 0.0080
vn 0.1614 -0.2156 0.9630
vn -0.8504 -0.0073 0.5260
vn -0.0178 0.4372 0.8992
vn 0.0617 0.8451 -0.5311
vn -0.1689 0.8248 -0.5396
vn -0.0134 0.6969 -0.7170
vn -0.0129 0.9659 0.2587
vn -0.1549 0.9879 0.0115
vn 0.0596 0.9982 -0.0091
vn 0.2179 0.9526 -0.2122
vn -0.4621 0.3780 -0.8022
vn 0.2252 0.6809 -0.6969
vn -0.0468 0.1381 -0.9893
vn -0.3174 0.5967 -0.7370
vn -0.1258 0.8319 0.5405
vn -0.4916 0.8250 0.2787
vn -0.2934 0.9216 0.2541
vn 0.4502 0.8235 0.3452
vn 0.2283 0.9245 0.3054
vn 0.7223 0.6627 -0.1979
vn 0.4809 0.8611 -0.1653
vn -0.7953 -0.4290 -0.4283
vn 0.4851 0.6137 -0.6229
vn 0.1667 0.0013 -0.9860
vn 0.2612 -0.8854 -0.3846
vn -0.0497 -0.5465 -0.8360
vn -0.7548 -0.1124 -0.6463
vn -0.9774 -0.1928 0.0865
vn 0.2460 0.1621 0.9556
vn -0.8504 0.1902 0.4905
vn -0.8117 0.5799 -0.0694
vn 0.0653 0.7273 0.6832
vn 0.0617 0.5846 -0.8089
vn -0.1558 0.5647 -0.8104
vn -0.0132 0.3498 -0.9367
vn -0.0125 0.9969 -0.0771
vn -0.1965 0.9149 -0.3527
vn 0.0596 0.9221 -0.3823
vn 0.2180 0.8038 -0.5535
vn -0.4590 0.0605 -0.8864
vn 0.2252 0.3703 -0.9012
vn -0.1258 0.9738 0.1896
vn -0.3233 0.2790 -0.9042
vn -0.5993 0.7980 0.0631
vn -0.2897 0.9517 -0.1022
vn 0.4502 0.8929 0.0116
vn 0.2283 0.9716 -0.0630
vn 0.7223 0.5403 -0.4316
vn 0.4809 0.7365 -0.4757
vn 0.4851 0.3358 -0.8074
vn -0.7564 0.5003 0.4214
vn 0.1702 -0.0166 -0.9853
vn -0.1678 0.5615 -0.8103
vn -0.0134 0.3777 -0.9258
vn -0.0129 0.9925 -0.1218
vn -0.1549 0.9203 -0.3593
vn 0.2124 0.8092 -0.5479
vn 0.1637 0.6469 -0.7448
vn -0.4621 0.0501 -0.8854
vn -0.0468 -0.2425 -0.9690
vn -0.2491 0.3354 -0.9086
vn -0.6031 0.7976 -0.0125
vn -0.2935 0.9497 -0.1096
vn 0.7486 0.5219 -0.4089
vn 0.4834 0.7620 -0.4308
vn -0.4968 -0.7831 -0.3740
vn 0.4049 0.3984 -0.8230
vn 0.3962 0.4760 -0.7852
vn -0.9528 0.2647 0.1487
vn -0.8511 0.5185 -0.0818
vn -0.9160 0.2410 0.3206
vn -0.8434 0.3998 0.3589
vn -0.7476 0.6529 -0.1219
vn -0.7230 0.6862 0.0803
vn 0.9682 -0.0698 0.2404
vn -0.5784 -0.7835 -0.2272
vn -0.5288 -0.6736 -0.5164
vn 0.9883 0.0030 0.1525
vn 0.9809 -0.1020 0.1655
vn -0.0384 0.9744 0.2217
vn 0.2924 0.6369 0.7133
vn 0.0667 0.5617 0.8247
vn 0.3904 0.8065 0.4441
vn -0.6997 0.6404 0.3166
vn 0.6329 0.6955 0.3400
vn -0.9156 -0.3689 -0.1603
vn -0.1038 0.9937 0.0430
vn 0.0311 0.9981 -0.0524
vn 0.9099 -0.4140 0.0282
vn -0.9833 -0.1279 -0.1293
vn 0.3506 0.9365 -0.0051
vn 0.8926 -0.4450 0.0729
vn 0.5723 -0.5652 -0.5942
vn 0.7093 -0.5862 -0.3914
vn -0.5368 0.5165 0.6671
vn 0.3956 -0.6179 -0.6794
vn 0.5520 0.6321 0.5439
vn 0.6581 -0.7320 0.1765
vn 0.9226 0.3753 0.0897
vn -0.7979 -0.6022 -0.0271
vn -0.3383 -0.9366 0.0909
vn 0.3709 0.9264 -0.0646
vn 0.0412 0.9902 -0.1336
vn 0.2868 -0.9419 0.1747
vn -0.3383 0.9260 -0.1677
vn 0.8543 -0.4802 0.1991
vn -0.9039 0.3883 -0.1796
vn 0.8511 0.4493 0.2714
vn 0.9028 0.4167 0.1059
vn -0.8840 -0.3501 -0.3098
vn 0.4753 0.5384 0.6958
vn 0.5593 0.2959 0.7744
vn -0.4378 -0.8929 -0.1052
vn -0.3352 0.9363 -0.1050
vn -0.1341 -0.7762 -0.6160
vn 0.0395 0.9520 0.3037
vn 0.2485 -0.9680 -0.0339
vn -0.3859 0.6462 0.6584
vn -0.2994 0.4263 0.8536
vn 0.8513 -0.5190 0.0763
vn 0.6056 -0.6826 -0.4091
vn -0.8946 0.3939 0.2110
vn -0.9927 -0.0920 0.0782
vn -0.7738 0.6306 0.0599
vn -0.8580 0.4894 -0.1562
vn 0.9561 -0.0270 0.2916
vn 0.1063 -0.6045 -0.7895
vn -0.9733 -0.1270 0.1912
vn -0.2722 -0.5842 -0.7646
vn 0.8280 0.0103 0.5606
vn 0.8523 -0.0096 0.5230
vn -0.2854 0.1934 0.9387
vn -0.9943 -0.0621 0.0872
vn -0.9991 -0.0195 -0.0368
vn -0.8288 -0.2118 -0.5178
vn -0.7633 -0.2419 -0.5990
vn -0.4885 -0.3380 -0.8045
vn 0.2250 0.2663 0.9372
vn -0.0905 0.3390 0.9364
vn 0.2858 -0.3934 -0.8738
vn -0.5667 0.2443 0.7869
vn -0.7688 0.2435 0.5913
vn 0.9097 -0.2444 -0.3357
vn -0.9634 0.0673 0.2595
vn -0.9999 0.0090 0.0094
vn -0.9944 -0.1057 -0.0047
vn 0.5156 -0.6900 -0.5079
vn -0.9610 -0.2676 -0.0698
vn -0.9290 -0.3508 -0.1182
vn -0.9284 -0.3525 -0.1175
vn -0.9283 -0.3530 -0.1173
vn -0.3155 -0.4146 -0.8535
vn -0.2768 -0.0223 -0.9607
vn -0.3312 -0.9088 -0.2538
vn -0.5853 0.0886 -0.8060
vn 0.5761 -0.7315 -0.3649
vn 0.5533 -0.5660 -0.6111
vn -0.6102 -0.3397 -0.7158
vn -0.6230 -0.3406 -0.7042
vn 0.7229 0.6748 0.1486
vn 0.2624 -0.9467 -0.1869
vn 0.1721 -0.9174 -0.3587
vn -0.8798 -0.1989 -0.4317
vn -0.9143 -0.1941 -0.3554
vn -0.8299 0.1010 -0.5487
vn -0.5676 -0.6671 -0.4826
vn 0.6678 0.6471 0.3678
vn -0.1588 0.4958 0.8538
vn -0.0284 0.7056 0.7081
vn -0.9873 -0.0602 -0.1468
vn 0.6863 -0.6999 -0.1978
vn 0.0239 -0.8050 -0.5928
vn -0.1315 -0.8752 -0.4656
vn -0.1037 -0.6674 -0.7375
vn -0.9210 0.1853 0.3426
vn -0.8524 0.4943 0.1703
vn -0.8601 0.1197 0.4960
vn -0.7828 0.2670 0.5620
vn -0.8133 0.5655 0.1370
vn -0.7038 0.6176 0.3512
vn -0.5579 -0.7463 -0.3629
vn 0.2352 0.3561 0.9043
vn -0.5979 -0.5421 -0.5904
vn 0.1877 0.9627 0.1948
vn 0.9683 -0.2466 -0.0401
vn 0.5366 0.4615 0.7065
vn 0.9883 -0.0763 0.1320
vn 0.9273 -0.3549 -0.1193
vn 0.9666 -0.2444 -0.0769
vn 0.9999 0.0091 0.0103
vn 0.9948 -0.1022 -0.0037
vn 0.9952 -0.0950 0.0241
vn 0.3798 0.4592 0.8030
vn -0.0059 0.8861 0.4634
vn -0.5984 -0.7933 -0.1121
vn -0.6466 0.5152 0.5626
vn 0.7764 0.2844 0.5624
vn 0.7382 0.5737 0.3548
vn -0.9291 -0.3503 -0.1184
vn 0.9336 0.1727 0.3141
vn -0.0965 0.9470 0.3064
vn 0.5488 0.0627 -0.8336
vn 0.9816 -0.0715 -0.1771
vn 0.9947 -0.1024 -0.0027
vn 0.8750 0.2991 -0.3806
vn -0.9901 -0.1391 -0.0192
vn 0.7619 -0.5965 -0.2525
vn 0.8550 -0.2179 -0.4706
vn 0.8553 -0.2175 -0.4703
vn 0.8549 -0.2181 -0.4708
vn 0.8555 -0.2172 -0.4701
vn 0.8063 0.0830 -0.5857
vn -0.4806 0.6280 -0.6121
vn -0.6290 0.7635 -0.1462
vn -0.2869 0.9315 0.2236
vn 0.2422 0.9399 0.2407
vn 0.5694 0.8110 -0.1345
vn 0.4634 0.6467 -0.6058
vn -0.0531 0.4552 -0.8888
vn 0.5684 -0.3543 -0.7425
vn 0.5691 -0.3538 -0.7422
vn 0.5681 -0.3546 -0.7426
vn 0.5695 -0.3536 -0.7421
vn -0.6370 -0.7654 -0.0912
vn -0.3814 0.9011 0.2063
vn -0.4347 0.3137 0.8441
vn 0.2930 -0.4142 -0.8618
vn 0.5537 0.2760 0.7856
vn 0.6250 0.4964 0.6025
vn 0.9116 0.4077 0.0532
vn 0.6946 0.7139 0.0883
vn 0.9114 0.2473 0.3289
vn -0.2079 -0.9727 -0.1035
vn -0.3713 0.9213 0.1153
vn 0.5221 -0.8480 -0.0913
vn -0.9032 0.4256 0.0556
vn 0.9859 -0.1656 -0.0227
vn 0.9859 -0.0801 -0.1471
vn 0.8906 0.3798 0.2501
vn -0.7182 -0.6527 -0.2412
vn 0.2994 0.9337 0.1964
vn -0.8322 -0.1795 -0.5246
vn -0.4257 -0.5902 -0.6860
vn -0.4620 -0.1461 -0.8748
vn 0.3603 0.4396 0.8228
vn 0.2490 0.8560 0.4531
vn 0.2186 -0.5095 -0.8322
vn 0.1533 -0.9527 -0.2624
vn -0.3607 0.9139 0.1863
vn -0.4346 0.7990 0.4156
vn -0.2166 0.1731 0.9608
vn -0.5845 0.3722 0.7210
vn 0.8382 -0.5320 -0.1202
vn 0.9293 -0.2597 -0.2626
vn -0.9706 0.1896 0.1486
vn -0.8645 0.4933 0.0964
vn 0.8871 -0.1797 0.4251
vn -0.2992 -0.1575 0.9411
vn -0.9671 -0.2544 -0.0091
vn 0.2378 -0.2484 -0.9390
vn 0.9045 -0.1346 0.4047
vn -0.3427 -0.0673 0.9370
vn -0.6064 -0.2321 -0.7605
vn -0.9982 -0.0576 0.0136
vn -0.8337 -0.1176 -0.5395
vn 0.5573 0.0172 0.8301
vn -0.1872 -0.1541 -0.9701
vn 0.0669 0.0343 0.9972
vn -0.0932 0.0922 0.9914
vn 0.5715 -0.1450 -0.8077
vn -0.7417 -0.0110 0.6706
vn 0.8929 -0.1020 -0.4385
vn -0.9905 0.0114 -0.1371
vn -0.9874 -0.1010 -0.1217
vn -0.9916 -0.0859 -0.0972
vn -0.9560 -0.2665 -0.1230
vn -0.9138 -0.3735 -0.1597
vn -0.9992 -0.0405 0.0025
vn -0.9761 0.1582 0.1492
vn -0.1899 -0.9818 -0.0030
vn 0.6071 -0.7407 -0.2877
vn 0.6307 -0.7733 -0.0649
vn 0.5475 -0.7293 -0.4103
vn 0.7591 0.6452 0.0865
vn 0.3360 -0.9410 0.0406
vn 0.8989 0.1004 0.4265
vn 0.0842 0.7375 0.6701
vn 0.6494 0.7039 0.2876
vn -0.1021 0.8583 0.5029
vn -0.7352 0.6659 -0.1266
vn 0.0134 -0.9277 -0.3730
vn -0.0237 -0.8318 -0.5545
vn -0.6657 -0.7396 -0.0995
vn -0.7333 0.6751 0.0814
vn 0.2187 0.9758 0.0027
vn -0.5651 -0.7874 -0.2464
vn -0.0650 0.9737 0.2183
vn -0.6998 0.6224 0.3507
vn 0.6583 0.4623 0.5940
vn 0.6765 0.6656 0.3152
vn -0.7403 -0.6409 -0.2030
vn -0.9876 -0.0808 -0.1348
vn -0.0886 0.9941 -0.0628
vn 0.3510 0.9364 -0.0085
vn -0.4717 0.6577 0.5873
vn -0.5283 0.5212 0.6703
vn 0.6751 0.4225 0.6048
vn 0.5608 0.6474 0.5162
vn 0.9187 0.3853 0.0874
vn -0.7413 -0.6710 -0.0131
vn 0.3726 0.9255 -0.0676
vn -0.2539 -0.9607 0.1121
vn -0.3378 0.9261 -0.1680
vn 0.4756 -0.8569 0.1987
vn -0.8973 0.4025 -0.1811
vn 0.8680 0.4873 0.0952
vn -0.8994 -0.3975 -0.1817
vn 0.6786 0.6774 0.2839
vn 0.6545 0.6706 0.3490
vn -0.3841 -0.9205 -0.0711
vn 0.2672 0.8605 0.4338
vn -0.3612 0.8936 0.2665
vn -0.0896 -0.9577 -0.2733
vn 0.2367 -0.9702 0.0521
vn -0.2491 0.9598 0.1292
vn -0.3741 0.9219 -0.1012
vn -0.9963 -0.0472 -0.0719
vn 0.7038 -0.7103 0.0122
vn 0.6070 -0.7936 0.0413
vn -0.8364 0.5459 0.0504
vn -0.7945 0.5904 -0.1425
vn 0.9752 -0.0714 0.2097
vn 0.3070 -0.9179 -0.2513
vn -0.6796 0.6073 0.4115
vn -0.5795 -0.7522 -0.3136
vn 0.9568 -0.0806 0.2795
vn 0.2579 0.7682 0.5860
vn -0.6960 -0.6247 -0.3542
vn -0.8503 -0.4080 -0.3326
vn 0.7272 0.5058 0.4640
vn -0.2056 -0.8655 -0.4568
vn -0.0726 -0.8909 -0.4483
vn -0.0491 0.8618 0.5048
vn -0.8075 0.5573 0.1936
vn -0.7346 0.6271 0.2589
vn -0.9906 0.0540 -0.1257
vn -0.9873 -0.0488 -0.1515
vn -0.4638 0.2175 -0.8588
vn -0.9980 -0.0506 -0.0387
vn -0.9938 -0.1043 -0.0395
vn -0.2077 -0.2876 -0.9349
vn -0.1402 0.1113 -0.9839
vn -0.2691 -0.9006 -0.3413
vn 0.6177 -0.5891 -0.5209
vn 0.6136 -0.7033 -0.3590
vn 0.5475 -0.5226 -0.6536
vn -0.5159 -0.2148 -0.8293
vn -0.5305 -0.2164 -0.8196
vn -0.0497 -0.7052 -0.7073
vn 0.3291 -0.8865 -0.3254
vn -0.8174 -0.0964 -0.5680
vn -0.8621 -0.0992 -0.4970
vn -0.7419 0.2098 -0.6368
vn 0.8014 0.5092 0.3138
vn 0.6415 0.5469 0.5379
vn -0.2585 0.3934 0.8823
vn -0.0461 0.6044 0.7953
vn -0.9588 0.0117 -0.2837
vn -0.7578 0.6423 0.1151
vn -0.0237 -0.5636 -0.8257
vn -0.9528 0.1898 0.2371
vn -0.8511 0.5114 0.1183
vn -0.8434 0.2363 0.4825
vn 0.9722 -0.1550 0.1757
vn -0.7220 0.6050 0.3357
vn -0.5412 -0.6724 -0.5050
vn -0.4617 -0.4504 -0.7642
vn 0.3795 0.7956 0.4722
vn 0.9451 -0.2872 0.1558
vn 0.9521 -0.2697 0.1442
vn 0.9879 -0.0687 0.1388
vn 0.9807 -0.1581 0.1149
vn -0.9811 -0.0893 -0.1719
vn 0.2925 0.3234 0.8999
vn 0.0667 0.2119 0.9750
vn 0.3904 0.5815 0.7138
vn -0.8190 0.2231 0.5286
vn -0.6851 0.4751 0.5522
vn 0.6583 0.2062 0.7240
vn 0.6765 0.4991 0.5415
vn -0.6908 -0.4956 -0.5265
vn -0.8306 -0.2858 -0.4780
vn -0.0329 0.8117 0.5832
vn 0.1015 -0.8238 -0.5577
vn 0.7928 0.5514 0.2598
vn 0.5723 -0.3015 -0.7626
vn 0.7093 -0.3970 -0.5825
vn -0.4230 0.8845 0.1968
vn -0.5283 0.2322 0.8167
vn 0.3956 -0.3185 -0.8614
vn 0.5696 0.3750 0.7314
vn 0.5607 -0.8163 -0.1387
vn -0.7682 -0.5858 -0.2583
vn -0.3028 -0.8429 -0.4447
vn -0.4275 -0.8614 -0.2742
vn 0.2207 0.9360 0.2743
vn 0.2293 -0.9544 -0.1911
vn -0.3768 0.9096 0.1750
vn -0.6862 0.7227 0.0834
vn 0.7390 -0.6714 -0.0549
vn 0.9894 -0.0423 0.1387
vn 0.9018 0.2906 0.3198
vn 0.3793 0.8543 0.3554
vn -0.2934 0.8488 0.4399
vn -0.3033 -0.7896 -0.5334
vn -0.0370 0.6935 0.7196
vn 0.2490 -0.8937 -0.3731
vn 0.9322 0.2681 0.2433
vn -0.1617 0.9390 0.3034
vn 0.4520 -0.6844 -0.5721
vn -0.7000 0.4850 0.5243
vn 0.8798 -0.3611 -0.3091
vn -0.9850 0.0973 0.1424
vn -0.8142 0.5458 0.1982
vn -0.8701 0.4888 0.0627
vn 0.1745 -0.7115 -0.6807
vn 0.9889 -0.1277 -0.0765
vn 0.0085 0.5376 0.8432
vn -0.9382 -0.3439 -0.0382
vn -0.4773 -0.6808 -0.5556
vn 0.9961 -0.0613 -0.0641
vn 0.0089 0.5552 0.8317
vn -0.9772 -0.2095 -0.0335
vn 0.7478 -0.0659 -0.6606
vn 0.6696 0.4941 0.5545
vn 0.2227 0.6083 0.7618
vn -0.1212 0.5624 0.8179
vn -0.5265 0.4687 0.7093
vn 0.8735 -0.2756 -0.4013
vn -0.9870 -0.1069 0.1202
vn -0.5428 0.8236 -0.1645
vn 0.8261 -0.3470 -0.4440
vn 0.9815 -0.1909 0.0129
vn -0.0268 0.8708 -0.4908
vn -0.1396 0.9649 -0.2225
vn -0.0326 0.9978 -0.0580
vn 0.1545 0.9879 -0.0110
vn 0.1395 0.8434 -0.5189
vn -0.2521 0.6463 -0.7203
vn -0.2543 0.9084 0.3318
vn 0.2745 0.8998 0.3390
vn 0.7478 -0.3085 -0.5878
vn 0.5023 0.8172 0.2826
vn 0.0367 0.5921 0.8050
vn 0.5370 0.5063 -0.6748
vn 0.3149 0.6122 -0.7253
vn -0.5428 0.7020 -0.4610
vn 0.8261 -0.4880 -0.2817
vn 0.9815 -0.1722 0.0834
vn -0.0268 0.6236 -0.7812
vn -0.1396 0.8113 -0.5677
vn -0.0326 0.9034 -0.4275
vn 0.1389 0.9125 -0.3848
vn 0.1559 0.5832 -0.7973
vn -0.2521 0.3295 -0.9099
vn -0.2543 0.9666 -0.0326
vn 0.2785 0.9600 -0.0300
vn 0.5128 0.8576 -0.0391
vn 0.0375 -0.3150 -0.9484
vn 0.5365 0.2194 -0.8149
vn 0.3114 0.2910 -0.9046
vn 0.1122 0.5484 0.8286
vn 0.7734 0.4704 0.4250
vn 0.6861 0.0446 0.7261
vn -0.5632 0.7125 -0.4184
vn -0.1099 0.6892 -0.7162
vn -0.1412 0.8097 -0.5697
vn 0.1545 0.9119 -0.3802
vn 0.1433 0.5920 -0.7931
vn -0.3462 0.4689 -0.8125
vn 0.2745 0.9613 -0.0226
vn 0.0338 0.8683 0.4948
vn 0.5406 0.8405 -0.0370
vn 0.5006 -0.8229 -0.2687
vn 0.5370 0.2167 -0.8153
vn 0.2626 0.3112 -0.9133
vn 0.9889 -0.1459 -0.0290
vn 0.9537 -0.2995 0.0287
vn 0.0272 -0.9551 -0.2950
vn 0.7743 -0.5653 -0.2846
vn -0.2541 -0.9434 0.2133
vn -0.2037 -0.9477 0.2458
vn -0.9763 0.1345 0.1697
vn 0.8191 0.5603 -0.1229
vn 0.8132 -0.5817 -0.0184
vn 0.4305 0.8950 0.1170
vn 0.9907 -0.1089 -0.0815
vn 0.9178 -0.2926 -0.2683
vn 0.1099 -0.9890 0.0991
vn 0.8808 0.1406 -0.4522
vn 0.9861 0.1590 0.0473
vn 0.4432 0.8948 -0.0534
vn 0.8059 0.5866 0.0804
vn 0.8121 0.5648 -0.1465
vn 0.5068 -0.8517 0.1333
vn -0.7580 -0.2261 0.6119
vn -0.2963 0.9488 -0.1093
vn -0.4513 0.8730 -0.1849
vn -0.9329 0.2877 0.2165
vn -0.8764 -0.3846 0.2899
vn 0.1712 0.9841 -0.0467
vn -0.9224 0.3804 0.0664
vn -0.9830 0.1827 0.0157
vn -0.1730 0.9574 0.2313
vn -0.4706 0.8819 0.0296
vn -0.2985 0.9536 0.0392
vn 0.4501 -0.8718 0.1932
vn 0.8821 0.4687 -0.0463
vn -0.6666 0.7435 0.0538
vn -0.5865 0.7602 -0.2796
vn 0.3842 0.9023 -0.1955
vn 0.9006 -0.4295 0.0673
vn -0.9900 -0.1380 -0.0301
vn -0.1574 -0.9629 0.2193
vn -0.0833 -0.9848 0.1523
vn -0.1304 -0.9864 -0.0999
vn -0.2144 -0.9731 -0.0846
vn -0.0791 -0.8986 -0.4315
vn 0.0985 0.0861 -0.9914
vn 0.1742 -0.4894 -0.8545
vn -0.9976 0.0226 0.0654
vn -0.9931 0.0699 0.0941
vn 0.4774 0.8489 -0.2271
vn 0.4697 0.8728 0.1328
vn -0.2221 -0.9586 -0.1780
vn -0.4187 -0.9032 0.0938
vn -0.1856 -0.9761 -0.1127
vn -0.4882 0.8550 0.1751
vn -0.5009 -0.8267 0.2561
vn 0.9007 -0.1678 0.4008
vn 0.9902 0.0781 0.1156
vn -0.9965 -0.0522 -0.0653
vn -0.1683 -0.0639 0.9837
vn 0.2142 0.3650 -0.9060
vn -0.6857 0.1024 -0.7206
vn 0.5661 -0.1924 -0.8016
vn -0.8597 -0.1795 0.4783
vn -0.3980 0.4250 0.8130
vn -0.7019 -0.0746 0.7083
vn 0.5693 0.1329 0.8113
vn 0.7669 0.1861 -0.6142
vn -0.7709 0.1517 0.6187
vn 0.1573 -0.3307 0.9305
vn -0.7735 0.2848 0.5662
vn -0.7413 0.0527 -0.6691
vn -0.5870 0.2588 -0.7671
vn 0.3655 0.4447 0.8177
vn -0.8963 -0.2079 -0.3917
vn 0.2283 -0.1134 0.9670
vn 0.9935 0.0196 0.1117
vn 0.9908 0.0492 0.1262
vn 0.9699 0.0083 0.2435
vn 0.6505 -0.1752 -0.7390
vn 0.1681 -0.4519 -0.8761
vn -0.9145 0.1451 -0.3777
vn 0.7046 0.3537 0.6152
vn -0.2815 -0.2101 -0.9363
vn -0.8050 0.0964 0.5854
vn 0.3995 0.2161 0.8909
vn 0.4199 -0.3040 0.8551
vn -0.4781 0.4389 0.7607
vn 0.7069 0.1175 -0.6974
vn 0.9279 -0.1882 0.3220
vn -0.3568 -0.1722 -0.9182
vn 0.9313 -0.2452 0.2695
vn 0.7405 -0.5091 0.4388
vn -0.9917 0.1050 -0.0738
vn -0.9507 -0.2023 0.2349
vn 0.9796 -0.1467 0.1372
vn -0.9523 -0.2219 0.2095
vn -0.9996 -0.0173 0.0244
vn -0.9996 -0.0178 0.0241
vn -0.9995 -0.0253 0.0194
vn -0.9995 -0.0258 0.0192
vn 0.8775 -0.3865 0.2840
vn 0.5724 0.4928 -0.6554
vn -0.6252 0.4784 -0.6167
vn 0.5318 0.4123 -0.7397
vn 0.8250 0.3833 -0.4153
vn -0.6200 0.3933 -0.6789
vn 0.7715 0.3241 -0.5475
vn 0.2176 -0.4896 0.8444
vn -0.0978 -0.7077 0.6997
vn 0.6698 0.5223 -0.5278
vn 0.8657 0.3024 -0.3988
vn 0.1780 -0.6629 -0.7272
vn -0.3823 -0.7319 0.5640
vn -0.3187 -0.5946 0.7381
vn 0.0882 -0.9674 0.2373
vn -0.4226 -0.8993 -0.1129
vn -0.6668 -0.7452 0.0060
vn -0.3382 -0.8015 -0.4932
vn 0.6906 0.7168 0.0967
vn -0.8851 -0.4590 -0.0772
vn -0.8738 -0.4839 -0.0470
vn -0.9768 -0.1727 -0.1269
vn -0.9038 -0.1364 -0.4056
vn -0.5752 -0.7743 -0.2638
vn -0.7021 -0.6562 0.2765
vn -0.5787 -0.7033 -0.4129
vn -0.7546 -0.6456 0.1172
vn -0.7351 0.6328 0.2433
vn -0.0154 0.9998 -0.0118
vn -0.2419 0.7597 0.6036
vn 0.0714 -0.1515 -0.9859
vn -0.1879 -0.1762 -0.9663
vn -0.0194 -0.4110 -0.9114
vn -0.0647 0.6340 -0.7706
vn -0.1147 0.5355 -0.8367
vn -0.3184 0.4387 -0.8403
vn 0.0687 0.4167 -0.9064
vn 0.2311 0.2006 -0.9520
vn -0.0982 0.8728 -0.4782
vn 0.2891 -0.4432 -0.8485
vn -0.2478 -0.5898 -0.7686
vn -0.3243 -0.4535 -0.8302
vn -0.1236 -0.8558 -0.5024
vn -0.5218 0.6419 -0.5618
vn 0.4813 0.6670 -0.5688
vn 0.2473 0.6853 -0.6850
vn -0.8476 0.2871 -0.4464
vn 0.5781 0.2027 -0.7904
vn 0.5026 0.2699 -0.8213
vn 0.6381 -0.1325 -0.7585
vn 0.5197 -0.3537 -0.7777
vn 0.9706 -0.2011 0.1325
vn -0.2220 -0.9688 0.1100
vn -0.9720 0.2336 -0.0262
vn -0.9780 0.2035 -0.0467
vn -0.8153 0.5771 -0.0469
vn -0.8108 -0.5744 0.1124
vn -0.7572 0.6447 0.1049
vn -0.8333 0.5528 -0.0044
vn -0.5911 0.7923 -0.1509
vn -0.7854 0.5940 -0.1742
vn -0.3351 -0.9225 0.1917
vn 0.2813 0.9533 -0.1097
vn 0.2379 0.9481 -0.2109
vn 0.8348 0.5421 -0.0957
vn 0.5932 0.7833 0.1858
vn 0.1103 0.9707 0.2137
vn -0.3237 -0.9271 0.1891
vn -0.4434 -0.8845 0.1447
vn -0.4067 0.9123 0.0482
vn -0.1656 0.9859 -0.0243
vn 0.1901 -0.9544 0.2301
vn 0.8509 -0.4510 0.2695
vn 0.8804 -0.4061 0.2447
vn 0.9927 0.0441 0.1121
vn 0.5610 -0.8117 0.1626
vn 0.5379 -0.6958 -0.4759
vn 0.6702 -0.7416 -0.0289
vn -0.3174 0.9458 -0.0693
vn -0.4315 0.8899 0.1479
vn -0.2214 0.4828 -0.8473
vn 0.2533 -0.9670 -0.0271
vn 0.3099 -0.8349 -0.4548
vn 0.3064 -0.9507 -0.0473
vn 0.4661 -0.8568 0.2206
vn -0.7358 -0.6045 0.3052
vn -0.7888 -0.5294 0.3124
vn -0.8780 -0.4395 0.1897
vn 0.4309 0.7244 -0.5382
vn 0.1151 -0.9288 0.3521
vn 0.2273 -0.8834 0.4098
vn 0.1358 -0.8532 0.5036
vn 0.9560 0.0029 -0.2934
vn 0.9011 -0.1930 -0.3882
vn -0.4512 -0.8322 0.3223
vn 0.2974 0.7284 -0.6173
vn -0.6598 0.4539 -0.5988
vn -0.9884 0.1434 -0.0489
vn -0.6860 0.6863 -0.2417
vn 0.1265 -0.6746 0.7273
vn -0.9942 0.0942 -0.0519
vn -0.3437 0.6478 -0.6799
vn -0.9309 0.3426 -0.1270
vn -0.9722 0.2088 -0.1059
vn -0.9997 0.0240 0.0007
vn -0.9997 -0.0232 -0.0009
vn -0.2666 0.9035 -0.3357
vn -0.4203 0.7861 -0.4532
vn 0.1699 -0.8809 0.4418
vn -0.5498 -0.6378 0.5393
vn -0.5225 -0.8188 0.2380
vn -0.7520 -0.5902 0.2936
vn -0.3576 0.6773 -0.6429
vn -0.2121 0.5996 -0.7717
vn 0.4856 -0.4199 0.7667
vn -0.9854 0.1589 -0.0614
vn 0.4424 -0.5252 0.7269
vn -0.8622 -0.2512 0.4399
vn 0.0881 0.9610 -0.2621
vn 0.1211 0.9043 -0.4094
vn -0.8639 -0.2903 0.4116
vn 0.9889 -0.1284 0.0750
vn 0.8202 0.5364 -0.1988
vn 0.5909 0.7297 -0.3442
vn 0.9962 -0.0784 0.0377
vn 0.9992 -0.0017 -0.0397
vn 0.3628 -0.7838 0.5040
vn 0.8576 -0.4878 0.1630
vn 0.9749 -0.2046 0.0882
vn 0.7852 -0.5247 0.3287
vn 0.5725 0.7345 -0.3642
vn 0.6721 -0.7184 0.1796
vn 0.9927 -0.1059 0.0580
vn 0.8671 0.4074 0.2865
vn -0.0325 0.8983 -0.4381
vn -0.2463 0.8998 -0.3602
vn 0.2624 0.9186 -0.2955
vn 0.2595 0.8252 -0.5017
vn 0.1660 -0.9637 0.2092
vn 0.7493 -0.6478 0.1376
vn 0.6146 -0.7121 0.3393
vn 0.6899 0.7232 0.0327
vn 0.7248 0.6470 0.2368
vn 0.3409 0.6756 0.6537
vn -0.2734 0.7026 -0.6570
vn 0.1072 0.9724 0.2072
vn -0.0714 -0.1515 -0.9859
vn -0.2480 0.2410 -0.9383
vn -0.1554 0.4028 -0.9020
vn 0.1861 0.4388 -0.8791
vn 0.1625 0.4719 -0.8665
vn 0.0694 -0.3088 -0.9486
vn 0.3373 -0.1853 -0.9230
vn -0.2736 -0.4228 -0.8639
vn -0.3024 -0.4321 -0.8496
vn -0.6258 -0.2814 -0.7274
vn -0.5602 0.1331 -0.8176
vn 0.3207 0.7210 -0.6143
vn 0.0174 0.9735 -0.2282
vn 0.4867 0.6697 -0.5609
vn -0.7021 -0.5227 -0.4836
vn 0.5402 -0.4822 -0.6896
vn 0.1255 -0.6265 -0.7692
vn -0.5763 -0.5270 -0.6247
vn -0.8679 -0.3898 -0.3079
vn 0.9915 0.1011 0.0825
vn -0.9139 -0.2725 -0.3010
vn 0.6321 0.6163 0.4696
vn -0.8406 0.3644 0.4007
vn 0.2182 -0.6396 -0.7371
vn 0.1903 -0.7208 -0.6665
vn -0.0592 0.7643 0.6422
vn -0.7364 0.4327 0.5201
vn 0.3244 0.6064 0.7260
vn 0.3064 -0.7373 -0.6021
vn 0.0005 -0.6641 -0.7477
vn 0.9681 -0.1512 -0.1996
vn 0.5645 -0.6411 -0.5199
vn -0.4111 0.6599 0.6289
vn -0.6025 0.6363 0.4817
vn -0.9546 0.2289 0.1904
vn -0.9940 0.0931 0.0581
vn -0.8653 -0.3382 -0.3699
vn 0.8269 0.3864 -0.4086
vn -0.7580 -0.5022 -0.4163
vn -0.6932 -0.5540 -0.4610
vn -0.1214 0.7634 0.6344
vn 0.3637 0.6206 0.6947
vn 0.9663 0.1992 0.1628
vn 0.6672 -0.5786 -0.4691
vn 0.6870 -0.5298 -0.4974
vn 0.5518 -0.6486 -0.5242
vn 0.9902 0.0787 0.1154
vn -0.0577 -0.7777 -0.6260
vn 0.9895 -0.0889 -0.1139
vn -0.9958 0.0654 0.0635
vn -0.7081 -0.5646 -0.4242
vn -0.0499 0.8350 0.5480
vn 0.9964 0.0521 -0.0672
vn 0.2217 -0.7242 -0.6529
vn -0.6175 -0.5665 -0.5458
vn -0.9329 0.3333 0.1366
vn -0.0409 0.8151 0.5779
vn 0.2634 -0.7117 -0.6513
vn -0.6857 -0.5145 -0.5149
vn -0.7375 0.5959 0.3176
vn -0.6099 0.6507 0.4524
vn 0.1312 0.8003 0.5850
vn 0.7322 0.5619 0.3848
vn 0.8400 0.4583 0.2906
vn 0.1866 0.7154 -0.6733
vn 0.2947 -0.7934 -0.5326
vn 0.3348 -0.1026 -0.9367
vn 0.1358 0.9636 -0.2304
vn 0.0295 -0.2451 -0.9690
vn 0.2104 0.3097 -0.9273
vn 0.2014 0.8795 -0.4312
vn 0.2780 -0.5673 -0.7752
vn 0.8062 -0.3485 -0.4781
vn 0.5453 0.2594 -0.7971
vn 0.6848 0.2549 -0.6827
vn 0.1155 -0.9853 -0.1257
vn 0.5973 -0.5062 -0.6221
vn 0.6591 -0.5358 -0.5278
vn 0.5316 -0.7268 -0.4348
vn 0.5927 -0.1619 -0.7890
vn 0.7800 -0.0810 -0.6205
vn 0.5512 -0.1446 -0.8218
vn 0.5058 0.5491 -0.6653
vn 0.2436 -0.9048 -0.3493
vn 0.2441 -0.9054 -0.3474
vn 0.2435 -0.9047 -0.3496
vn 0.2442 -0.9055 -0.3471
vn 0.2100 0.9681 -0.1366
vn 0.9841 -0.0714 -0.1628
vn 0.8758 -0.0599 -0.4790
vn 0.9336 -0.3093 -0.1811
vn -0.8236 0.4116 -0.3902
vn 0.9227 0.3189 -0.2167
vn 0.8129 -0.5529 -0.1831
vn 0.6742 -0.7365 -0.0547
vn 0.8257 -0.5594 0.0736
vn 0.9413 0.1081 0.3197
vn 0.9846 0.0771 0.1568
vn 0.6412 0.7657 0.0509
vn 0.9977 -0.0381 0.0561
vn 0.8699 -0.1505 0.4697
vn 0.8690 0.4898 0.0700
vn 0.7170 0.6170 0.3244
vn 0.8336 0.4850 0.2644
vn 0.3906 -0.9183 0.0649
vn 0.1684 -0.9857 -0.0067
vn 0.4809 0.8699 0.1101
vn 0.0547 0.9913 0.1195
vn 0.7228 0.2743 0.6343
vn 0.6410 -0.5716 0.5123
vn 0.6928 0.1755 0.6995
vn 0.6199 0.1650 0.7672
vn 0.3428 -0.7765 0.5286
vn 0.7976 -0.1480 0.5847
vn 0.4946 -0.0894 0.8645
vn 0.5756 0.6621 0.4799
vn 0.4105 -0.8780 0.2461
vn 0.0531 -0.7969 0.6018
vn 0.2446 -0.1744 0.9538
vn 0.2231 0.6488 0.7275
vn 0.0909 -0.9333 0.3473
vn 0.4291 -0.3903 0.8146
vn 0.3180 -0.3233 0.8913
vn 0.2427 0.2530 0.9365
vn 0.1710 0.8872 0.4286
vn 0.1293 -0.6006 0.7890
vn 0.3758 -0.5862 0.7177
vn 0.2393 0.8396 0.4876
vn 0.1903 0.7122 0.6757
vn -0.0491 0.8955 0.4423
vn -0.1320 0.9477 0.2906
vn -0.0271 -0.5705 0.8208
vn -0.3913 -0.5629 0.7280
vn 0.0047 0.0880 0.9961
vn -0.1732 0.7929 0.5843
vn -0.2033 -0.7974 0.5682
vn -0.4201 -0.1056 0.9013
vn -0.2283 0.5477 0.8049
vn -0.0543 0.9913 0.1199
vn -0.2395 0.2666 0.9336
vn 0.0244 -0.9864 0.1625
vn -0.7578 -0.3973 0.5176
vn -0.6963 0.1704 0.6972
vn -0.7598 0.1707 0.6274
vn -0.5456 -0.7175 0.4330
vn -0.5941 -0.1150 0.7961
vn -0.8702 -0.1193 0.4780
vn -0.5644 0.6086 0.5577
vn -0.6314 0.5990 0.4926
vn -0.6453 0.7364 0.2032
vn -0.5918 -0.7259 0.3506
vn -0.4589 -0.8850 0.0787
vn -0.1678 0.9858 -0.0052
vn -0.9584 -0.2296 0.1698
vn -0.9295 0.2488 0.2723
vn -0.1353 -0.9885 0.0673
vn -0.3291 0.9441 -0.0192
vn -0.7331 -0.6181 -0.2839
vn -0.8640 -0.5035 -0.0037
vn -0.5828 0.8063 -0.1012
vn -0.7313 -0.6813 -0.0316
vn -0.9715 -0.1157 -0.2067
vn -0.9297 -0.1722 -0.3256
vn -0.4046 -0.8939 -0.1932
vn -0.4793 -0.8772 0.0294
vn -0.9542 0.2717 -0.1251
vn -0.8878 0.2812 -0.3644
vn -0.6238 0.6554 -0.4258
vn -0.5011 0.6292 -0.5941
vn -0.5734 0.3643 -0.7339
vn -0.6897 0.3174 -0.6508
vn -0.3650 0.8750 -0.3180
vn -0.4152 -0.5935 -0.6895
vn -0.5010 -0.1627 -0.8500
vn -0.2435 0.7987 -0.5503
vn -0.1503 0.7145 -0.6833
vn -0.0426 -0.7761 -0.6292
vn -0.3654 -0.1626 -0.9165
vn -0.1082 -0.8932 -0.4364
vn -0.0204 0.9690 -0.2461
vn -0.2432 0.4551 -0.8566
vn -0.2311 -0.5608 -0.7951
vn -0.2344 0.1608 -0.9588
vn -0.0760 -0.8186 -0.5694
vn -0.1697 -0.7839 -0.5972
vn -0.3435 -0.1638 -0.9248
vn -0.2460 0.5989 -0.7621
vn -0.0217 -0.9492 -0.3138
vn -0.1059 -0.9568 -0.2706
vn -0.4869 -0.3473 -0.8014
vn -0.2371 0.2688 -0.9336
vn -0.3881 -0.5671 -0.7265
vn -0.7238 -0.2765 -0.6322
vn -0.7171 0.4049 -0.5672
vn -0.2413 0.9468 -0.2131
vn -0.2223 0.9237 -0.3119
vn -0.5238 -0.6303 -0.5729
vn -0.7016 -0.5143 -0.4932
vn -0.7392 0.1352 -0.6598
vn -0.8086 0.1204 -0.5758
vn -0.6233 0.0770 -0.7782
vn -0.4604 0.7376 -0.4939
vn -0.3033 0.8213 -0.4832
vn -0.4592 -0.7837 -0.4182
vn -0.3406 -0.8302 -0.4412
vn -0.5202 0.4925 -0.6977
vn -0.2048 -0.9398 -0.2736
vn -0.9218 -0.1127 -0.3709
vn -0.7379 0.5890 -0.3294
vn -0.2884 -0.9575 -0.0044
vn -0.0976 0.9927 -0.0714
vn -0.2285 -0.6989 0.6778
vn -0.1444 -0.9892 0.0244
vn -0.4587 0.8814 -0.1129
vn -0.7428 -0.6305 -0.2250
vn -0.7933 -0.5919 -0.1424
vn -0.8372 -0.5333 -0.1208
vn -0.9747 0.1326 -0.1801
vn -0.9166 0.2099 0.3404
vn -0.6830 -0.6525 0.3282
vn -0.6498 -0.7494 0.1276
vn -0.9399 -0.0668 0.3350
vn -0.9819 -0.1421 0.1253
vn -0.7538 0.6420 0.1398
vn -0.7639 0.5808 0.2813
vn -0.9190 -0.3882 0.0682
vn -0.8437 0.4060 0.3513
vn -0.9513 0.2783 0.1323
vn -0.4604 0.8784 0.1286
vn -0.5613 -0.3786 0.7359
vn -0.7745 -0.2965 0.5588
vn -0.6302 0.2471 0.7361
vn -0.0524 -0.9921 0.1137
vn -0.7834 0.1124 0.6113
vn -0.4591 -0.6769 0.5753
vn -0.5193 -0.7212 0.4585
vn -0.6061 -0.1199 0.7863
vn -0.5646 0.6584 0.4978
vn -0.5471 0.5856 0.5981
vn -0.0344 -0.6738 0.7381
vn -0.3995 0.2758 0.8743
vn -0.2268 -0.1035 0.9684
vn -0.3329 -0.0311 0.9425
vn -0.2374 0.6354 0.7348
vn -0.0822 0.9842 0.1567
vn 0.6214 0.2910 0.7274
vn -0.7723 0.6346 -0.0281
vn 0.0112 0.8649 0.5019
vn -0.2065 0.6937 0.6901
vn 0.0889 0.0922 0.9918
vn 0.3351 -0.6670 0.6654
vn 0.1292 -0.7439 0.6557
vn 0.5039 -0.1354 0.8531
vn 0.2334 -0.2534 0.9388
vn 0.0589 -0.4100 0.9102
vn 0.4331 0.2433 0.8679
vn 0.2916 -0.9453 0.1459
vn 0.6426 -0.1753 0.7458
vn 0.1287 -0.9896 0.0644
vn 0.1954 0.9553 0.2220
vn 0.6659 -0.5769 0.4730
vn 0.3769 0.7544 0.5374
vn 0.3891 -0.8224 0.4152
vn 0.4277 -0.7206 0.5457
vn 0.9588 -0.2761 0.0670
vn 0.8529 -0.0662 0.5179
vn 0.5978 0.6015 0.5300
vn 0.7046 -0.6869 0.1782
vn 0.7211 0.6346 0.2781
vn 0.7889 0.5915 0.1664
vn 0.9126 -0.3025 0.2750
vn 0.8978 0.4290 0.0996
vn 0.9731 0.1324 0.1884
vn 0.9930 0.0958 0.0696
vn 0.1696 -0.9814 -0.0897
vn 0.7023 -0.6322 -0.3273
vn 0.8327 -0.5474 -0.0837
vn 0.9801 0.1595 -0.1180
vn 0.6946 0.7158 -0.0715
vn 0.6952 0.6805 -0.2314
vn 0.5138 0.8031 -0.3018
vn 0.6115 -0.7843 -0.1042
vn 0.7547 0.5889 -0.2891
vn 0.8499 -0.4120 -0.3285
vn 0.5852 0.3997 -0.7055
vn 0.8107 0.2512 -0.5289
vn 0.1689 0.9524 -0.2538
vn 0.6070 -0.6689 -0.4291
vn 0.5993 0.1585 -0.7847
vn 0.4254 0.6728 -0.6053
vn 0.2661 -0.7841 -0.5607
vn 0.6489 -0.1258 -0.7504
vn 0.0223 0.7946 -0.6067
vn 0.2958 -0.0779 -0.9521
vn 0.1588 0.4696 -0.8685
vn 0.0683 -0.9534 -0.2938
vn 0.1030 0.9844 -0.1425
vn -0.0020 -0.2406 -0.9706
vn 0.2033 0.2576 -0.9446
vn 0.1385 0.9098 -0.3912
vn 0.1096 -0.5046 -0.8564
vt 0.433547 0.385550
vt 0.464580 0.432453
vt 0.436486 0.397318
vt 0.040963 0.331156
vt 0.031539 0.371297
vt 0.017448 0.358300
vt 0.065203 0.300174
vt 0.063869 0.327429
vt 0.011744 0.347925
vt 0.004007 0.372932
vt 0.031358 0.313488
vt 0.030907 0.325355
vt 0.020155 0.330788
vt 0.144400 0.192826
vt 0.179289 0.129981
vt 0.184317 0.134313
vt 0.154576 0.196355
vt 0.192764 0.135539
vt 0.119333 0.228447
vt 0.124937 0.237594
vt 0.651121 0.373269
vt 0.646393 0.305436
vt 0.675138 0.281780
vt 0.696178 0.346118
vt 0.689759 0.374128
vt 0.687546 0.155359
vt 0.694137 0.167764
vt 0.686966 0.183128
vt 0.699045 0.225608
vt 0.371919 0.259791
vt 0.455648 0.404818
vt 0.373194 0.290120
vt 0.663543 0.240622
vt 0.655004 0.227662
vt 0.667760 0.206434
vt 0.644478 0.255064
vt 0.507821 0.491347
vt 0.517101 0.520767
vt 0.498187 0.495596
vt 0.530651 0.521001
vt 0.772530 0.455862
vt 0.763920 0.436847
vt 0.773265 0.407088
vt 0.763375 0.403793
vt 0.689711 0.253341
vt 0.706233 0.296146
vt 0.711657 0.279306
vt 0.716368 0.305811
vt 0.702434 0.383033
vt 0.693125 0.066125
vt 0.693196 0.027933
vt 0.696796 0.071558
vt 0.669732 0.068809
vt 0.663711 0.064881
vt 0.668149 0.026326
vt 0.662320 0.030333
vt 0.212235 0.095685
vt 0.248596 0.044615
vt 0.217673 0.098551
vt 0.228574 0.096932
vt 0.659774 0.070821
vt 0.661087 0.173764
vt 0.555141 0.521897
vt 0.550037 0.535760
vt 0.536935 0.516404
vt 0.582277 0.566047
vt 0.581754 0.580989
vt 0.570791 0.581117
vt 0.542358 0.537318
vt 0.321611 0.929049
vt 0.322332 0.937708
vt 0.320417 0.938392
vt 0.323862 0.929494
vt 0.324710 0.939016
vt 0.699394 0.167660
vt 0.706046 0.234263
vt 0.216657 0.115610
vt 0.226750 0.114905
vt 0.207214 0.140171
vt 0.227460 0.137020
vt 0.206897 0.162054
vt 0.473189 0.319091
vt 0.438465 0.286593
vt 0.443923 0.279288
vt 0.459188 0.323943
vt 0.481323 0.388988
vt 0.394618 0.250964
vt 0.730965 0.196971
vt 0.746664 0.177696
vt 0.751089 0.197540
vt 0.757397 0.177388
vt 0.762865 0.196203
vt 0.747647 0.222842
vt 0.755831 0.221687
vt 0.519137 0.490810
vt 0.768942 0.514599
vt 0.767040 0.469720
vt 0.561059 0.589856
vt 0.520878 0.538992
vt 0.532065 0.540412
vt 0.213886 0.078119
vt 0.254101 0.033277
vt 0.208567 0.091354
vt 0.255861 0.037271
vt 0.281063 0.065001
vt 0.268839 0.051936
vt 0.307086 0.033613
vt 0.238905 0.095803
vt 0.258139 0.048986
vt 0.289521 0.035764
vt 0.401292 0.237204
vt 0.407708 0.232973
vt 0.008246 0.814182
vt 0.009806 0.790901
vt 0.016965 0.810490
vt 0.002999 0.793054
vt 0.003579 0.778781
vt 0.552202 0.906187
vt 0.529939 0.903373
vt 0.552253 0.900161
vt 0.564953 0.906546
vt 0.565832 0.870778
vt 0.050736 0.802516
vt 0.055099 0.810398
vt 0.308997 0.020829
vt 0.315598 0.011191
vt 0.309383 0.024593
vt 0.314155 0.020848
vt 0.317496 0.010727
vt 0.303041 0.025581
vt 0.584631 0.921673
vt 0.578834 0.917561
vt 0.583691 0.911393
vt 0.669938 0.155581
vt 0.669035 0.180000
vt 0.246947 0.134012
vt 0.256767 0.139025
vt 0.238190 0.169232
vt 0.190178 0.106855
vt 0.493912 0.371644
vt 0.538685 0.444188
vt 0.521348 0.429420
vt 0.531846 0.409463
vt 0.564812 0.478162
vt 0.550151 0.485668
vt 0.503129 0.417211
vt 0.802757 0.542146
vt 0.816103 0.545160
vt 0.816142 0.551105
vt 0.812885 0.552889
vt 0.819875 0.557370
vt 0.283096 0.074095
vt 0.259475 0.096944
vt 0.593510 0.552581
vt 0.560615 0.510965
vt 0.562721 0.487421
vt 0.616176 0.609157
vt 0.612351 0.613329
vt 0.608831 0.604146
vt 0.594013 0.565158
vt 0.599067 0.593693
vt 0.131724 0.339038
vt 0.148936 0.304921
vt 0.169118 0.302252
vt 0.148412 0.330930
vt 0.132250 0.351267
vt 0.088285 0.386197
vt 0.092947 0.358136
vt 0.181102 0.271682
vt 0.207940 0.239309
vt 0.140665 0.230595
vt 0.062074 0.366928
vt 0.204530 0.203537
vt 0.216275 0.195037
vt 0.205048 0.234113
vt 0.239382 0.189237
vt 0.111060 0.370534
vt 0.094897 0.387965
vt 0.574195 0.596138
vt 0.567335 0.592079
vt 0.628739 0.608735
vt 0.631457 0.617757
vt 0.626594 0.609131
vt 0.617069 0.604525
vt 0.620828 0.597450
vt 0.721346 0.156983
vt 0.719692 0.130554
vt 0.724405 0.130380
vt 0.729646 0.176961
vt 0.593715 0.628101
vt 0.581429 0.614597
vt 0.579260 0.608686
vt 0.757498 0.555046
vt 0.764040 0.536278
vt 0.762655 0.543936
vt 0.571482 0.602717
vt 0.498806 0.885979
vt 0.504107 0.875396
vt 0.493349 0.902599
vt 0.498932 0.896863
vt 0.492862 0.907813
vt 0.268035 0.015472
vt 0.734825 0.536987
vt 0.734171 0.538257
vt 0.731187 0.528502
vt 0.502409 0.888333
vt 0.508979 0.871579
vt 0.520759 0.895208
vt 0.394690 0.204450
vt 0.404358 0.195234
vt 0.408268 0.207670
vt 0.411023 0.222890
vt 0.414059 0.236291
vt 0.330138 0.175445
vt 0.342907 0.154774
vt 0.328680 0.197377
vt 0.359879 0.146032
vt 0.347579 0.166957
vt 0.767265 0.080914
vt 0.776572 0.055303
vt 0.777377 0.077552
vt 0.665233 0.015876
vt 0.672266 0.009109
vt 0.670591 0.004783
vt 0.674872 0.000926
vt 0.682177 0.000885
vt 0.322213 0.237222
vt 0.331267 0.220073
vt 0.340595 0.250596
vt 0.759858 0.104805
vt 0.768652 0.114488
vt 0.012294 0.447970
vt 0.024978 0.467567
vt 0.012482 0.464425
vt 0.024184 0.484475
vt 0.008233 0.424352
vt 0.019998 0.438874
vt 0.021013 0.486335
vt 0.091020 0.411213
vt 0.077708 0.424303
vt 0.009173 0.391326
vt 0.023118 0.408809
vt 0.028144 0.433996
vt 0.000045 0.416919
vt 0.001952 0.433625
vt 0.000000 0.399781
vt 0.730375 0.138996
vt 0.731425 0.120728
vt 0.732604 0.103018
vt 0.734927 0.086073
vt 0.749137 0.103690
vt 0.689171 0.449877
vt 0.683181 0.464727
vt 0.665016 0.456973
vt 0.694003 0.442413
vt 0.685795 0.438643
vt 0.766070 0.051289
vt 0.759720 0.079845
vt 0.045363 0.438100
vt 0.752579 0.070705
vt 0.752015 0.086815
vt 0.356244 0.114117
vt 0.377771 0.095991
vt 0.357312 0.127602
vt 0.770137 0.025846
vt 0.778255 0.007451
vt 0.779158 0.032363
vt 0.410238 0.073086
vt 0.392177 0.102813
vt 0.736191 0.041476
vt 0.733279 0.024339
vt 0.742414 0.022858
vt 0.736168 0.063174
vt 0.754509 0.055750
vt 0.727974 0.056177
vt 0.727814 0.043065
vt 0.428095 0.135916
vt 0.417510 0.159393
vt 0.405037 0.169525
vt 0.425827 0.105538
vt 0.389717 0.160176
vt 0.440745 0.100092
vt 0.861539 0.242321
vt 0.867139 0.250636
vt 0.857864 0.255375
vt 0.862352 0.219512
vt 0.867760 0.241368
vt 0.857028 0.263616
vt 0.356436 0.193832
vt 0.087911 0.438485
vt 0.094130 0.466414
vt 0.519282 0.903782
vt 0.521278 0.902181
vt 0.526049 0.906281
vt 0.105710 0.471142
vt 0.116361 0.494674
vt 0.129019 0.530543
vt 0.114219 0.525103
vt 0.078176 0.470391
vt 0.040235 0.507739
vt 0.045522 0.492718
vt 0.059624 0.528119
vt 0.034028 0.487308
vt 0.081505 0.527723
vt 0.112005 0.568324
vt 0.704514 0.607953
vt 0.704429 0.604440
vt 0.706529 0.608608
vt 0.685559 0.002591
vt 0.686900 0.005502
vt 0.702661 0.597891
vt 0.703101 0.605134
vt 0.360044 0.166761
vt 0.341422 0.191838
vt 0.149590 0.565838
vt 0.090615 0.503209
vt 0.179123 0.587175
vt 0.149741 0.578133
vt 0.461119 0.064915
vt 0.402329 0.127345
vt 0.488618 0.040955
vt 0.454489 0.060522
vt 0.491797 0.044945
vt 0.471859 0.062692
vt 0.137322 0.526671
vt 0.147486 0.529478
vt 0.166567 0.562414
vt 0.188616 0.572082
vt 0.188716 0.578594
vt 0.160100 0.568009
vt 0.092134 0.565403
vt 0.115348 0.583366
vt 0.143560 0.595666
vt 0.851248 0.098790
vt 0.852665 0.127555
vt 0.845637 0.126357
vt 0.841527 0.096751
vt 0.836529 0.125363
vt 0.850673 0.042344
vt 0.850905 0.073581
vt 0.842045 0.071601
vt 0.821070 0.095157
vt 0.406074 0.064360
vt 0.430261 0.050226
vt 0.457253 0.037346
vt 0.433746 0.063803
vt 0.376467 0.090139
vt 0.809200 0.123893
vt 0.802889 0.155860
vt 0.801740 0.124140
vt 0.707314 0.473043
vt 0.700397 0.457782
vt 0.708578 0.446904
vt 0.702333 0.442157
vt 0.708413 0.433187
vt 0.694246 0.463878
vt 0.664537 0.442545
vt 0.657951 0.437727
vt 0.650739 0.437432
vt 0.645368 0.442342
vt 0.640376 0.434550
vt 0.690326 0.389067
vt 0.695042 0.404081
vt 0.684268 0.402148
vt 0.661051 0.389656
vt 0.703529 0.403963
vt 0.697871 0.435424
vt 0.307623 0.797344
vt 0.308081 0.833140
vt 0.304850 0.803337
vt 0.638090 0.445729
vt 0.655706 0.450144
vt 0.647795 0.457749
vt 0.640703 0.473103
vt 0.639100 0.461843
vt 0.422782 0.163820
vt 0.422239 0.177048
vt 0.413303 0.184800
vt 0.679249 0.627671
vt 0.675994 0.621571
vt 0.680691 0.620335
vt 0.653985 0.404063
vt 0.643953 0.394774
vt 0.637148 0.383601
vt 0.593844 0.918131
vt 0.593835 0.927589
vt 0.588408 0.913174
vt 0.632146 0.927184
vt 0.624831 0.922821
vt 0.625834 0.914751
vt 0.632075 0.885664
vt 0.630925 0.922253
vt 0.629716 0.890520
vt 0.643703 0.406842
vt 0.655418 0.414261
vt 0.647237 0.420598
vt 0.459726 0.101028
vt 0.454650 0.112314
vt 0.446811 0.119589
vt 0.001178 0.778365
vt 0.002645 0.757896
vt 0.631038 0.879260
vt 0.627256 0.874730
vt 0.634397 0.868727
vt 0.604642 0.020021
vt 0.615121 0.012195
vt 0.623516 0.018636
vt 0.598491 0.009079
vt 0.598838 0.013753
vt 0.001978 0.816455
vt 0.007736 0.822987
vt 0.018059 0.818385
vt 0.670774 0.627977
vt 0.673479 0.620734
vt 0.675994 0.627977
vt 0.864793 0.195326
vt 0.861044 0.200908
vt 0.856214 0.197089
vt 0.548928 0.023085
vt 0.519647 0.032584
vt 0.517953 0.029771
vt 0.588639 0.882174
vt 0.582252 0.883046
vt 0.590003 0.873617
vt 0.546243 0.049568
vt 0.595535 0.039508
vt 0.533320 0.054231
vt 0.500910 0.058514
vt 0.508383 0.062502
vt 0.846280 0.866101
vt 0.848283 0.895617
vt 0.841004 0.901017
vt 0.545971 0.039921
vt 0.528545 0.040363
vt 0.830439 0.521876
vt 0.844869 0.529885
vt 0.828804 0.528093
vt 0.115245 0.471048
vt 0.115320 0.478010
vt 0.110295 0.467438
vt 0.581964 0.875953
vt 0.834624 0.513243
vt 0.845217 0.522612
vt 0.856760 0.528432
vt 0.517929 0.020636
vt 0.548121 0.016744
vt 0.576861 0.016943
vt 0.575394 0.010883
vt 0.051892 0.817855
vt 0.060207 0.815917
vt 0.064257 0.809806
vt 0.066347 0.816455
vt 0.060497 0.822988
vt 0.885109 0.525197
vt 0.887691 0.513006
vt 0.888498 0.525672
vt 0.798308 0.288712
vt 0.795373 0.294646
vt 0.788590 0.279722
vt 0.880246 0.522974
vt 0.615529 0.005362
vt 0.625003 0.001204
vt 0.795428 0.258969
vt 0.486803 0.030185
vt 0.395977 0.112429
vt 0.142136 0.518089
vt 0.134641 0.512052
vt 0.176074 0.555612
vt 0.196051 0.567972
vt 0.302145 0.619114
vt 0.315493 0.615431
vt 0.312085 0.621507
vt 0.880313 0.543789
vt 0.873326 0.550821
vt 0.870068 0.539835
vt 0.296258 0.608964
vt 0.309133 0.612778
vt 0.290949 0.612697
vt 0.854598 0.223880
vt 0.855118 0.248532
vt 0.845060 0.239888
vt 0.173710 0.609447
vt 0.206234 0.613764
vt 0.207068 0.621750
vt 0.175981 0.593006
vt 0.206014 0.603359
vt 0.853406 0.263752
vt 0.847622 0.279992
vt 0.838143 0.266491
vt 0.232891 0.590575
vt 0.251594 0.602347
vt 0.215994 0.590202
vt 0.275055 0.602119
vt 0.142641 0.902106
vt 0.136827 0.895640
vt 0.135251 0.848109
vt 0.341340 0.219968
vt 0.354760 0.247483
vt 0.749414 0.558721
vt 0.741250 0.524529
vt 0.754594 0.525364
vt 0.144035 0.823520
vt 0.136570 0.818167
vt 0.234447 0.581598
vt 0.065714 0.758337
vt 0.064921 0.731818
vt 0.066206 0.731014
vt 0.283337 0.591239
vt 0.272899 0.590817
vt 0.293894 0.596954
vt 0.833550 0.228524
vt 0.828878 0.259661
vt 0.843725 0.158675
vt 0.846239 0.193400
vt 0.835339 0.193880
vt 0.828005 0.282433
vt 0.706533 0.553485
vt 0.704777 0.567367
vt 0.703654 0.562796
vt 0.705821 0.543188
vt 0.708951 0.545957
vt 0.943124 0.928435
vt 0.953718 0.945546
vt 0.947399 0.939187
vt 0.937595 0.910327
vt 0.937426 0.916266
vt 0.952610 0.947510
vt 0.925716 0.233763
vt 0.930651 0.248091
vt 0.921735 0.229203
vt 0.923495 0.223023
vt 0.934185 0.248641
vt 0.938240 0.257206
vt 0.946269 0.928050
vt 0.925241 0.246430
vt 0.920022 0.244889
vt 0.916060 0.231813
vt 0.925476 0.256295
vt 0.917388 0.216815
vt 0.935394 0.258687
vt 0.460056 0.957693
vt 0.461669 0.967714
vt 0.457236 0.966618
vt 0.462151 0.975040
vt 0.459170 0.975589
vt 0.919672 0.251754
vt 0.915223 0.238984
vt 0.935727 0.267210
vt 0.934916 0.271460
vt 0.931863 0.267590
vt 0.931488 0.260437
vt 0.711653 0.482969
vt 0.714810 0.482693
vt 0.713699 0.508783
vt 0.449996 0.895386
vt 0.449207 0.882937
vt 0.453443 0.894978
vt 0.455161 0.905692
vt 0.451685 0.910438
vt 0.925844 0.264257
vt 0.930484 0.270347
vt 0.930341 0.173917
vt 0.935009 0.163081
vt 0.939292 0.159146
vt 0.453045 0.881882
vt 0.457647 0.894138
vt 0.459017 0.909505
vt 0.450026 0.871204
vt 0.461930 0.882601
vt 0.461478 0.894894
vt 0.461541 0.909763
vt 0.799112 0.935847
vt 0.802277 0.931650
vt 0.803178 0.939247
vt 0.955627 0.944214
vt 0.457919 0.880076
vt 0.460733 0.873631
vt 0.941523 0.855147
vt 0.942747 0.861354
vt 0.935358 0.869652
vt 0.805332 0.929437
vt 0.808951 0.931581
vt 0.806791 0.937695
vt 0.809962 0.939276
vt 0.929791 0.169807
vt 0.920125 0.194291
vt 0.923422 0.182925
vt 0.933654 0.162917
vt 0.948246 0.860095
vt 0.941344 0.881245
vt 0.936717 0.884725
vt 0.950024 0.841227
vt 0.949201 0.847623
vt 0.926597 0.196519
vt 0.938104 0.164497
vt 0.939582 0.164564
vt 0.944076 0.874713
vt 0.953131 0.849465
vt 0.713025 0.477397
vt 0.937689 0.158238
vt 0.955421 0.951107
vt 0.957521 0.950928
vt 0.959536 0.950842
vt 0.957293 0.944630
vt 0.716011 0.477815
vt 0.717081 0.483745
vt 0.952713 0.860225
vt 0.945861 0.875254
vt 0.716135 0.546609
vt 0.714987 0.553906
vt 0.713558 0.546171
vt 0.956376 0.851554
vt 0.710741 0.553374
vt 0.714720 0.575698
vt 0.714304 0.567113
vt 0.716834 0.568047
vt 0.924144 0.194051
vt 0.710510 0.575010
vt 0.710090 0.566534
vt 0.716309 0.511638
vt 0.946514 0.918144
vt 0.941947 0.893327
vt 0.943128 0.906662
vt 0.940161 0.901062
vt 0.710524 0.538965
vt 0.711338 0.522300
vt 0.715577 0.522533
vt 0.922640 0.210812
vt 0.453187 0.928437
vt 0.456032 0.942581
vt 0.453760 0.942739
vt 0.459703 0.922954
vt 0.461640 0.929327
vt 0.460738 0.942372
vt 0.457673 0.932505
vt 0.706557 0.531028
vt 0.710182 0.531000
vt 0.707954 0.516656
vt 0.913653 0.223864
vt 0.916032 0.206260
vt 0.710059 0.509969
vt 0.455836 0.918128
vt 0.932466 0.884552
vt 0.715100 0.536037
vt 0.539362 0.947997
vt 0.542200 0.936398
vt 0.541787 0.950173
vt 0.184968 0.827891
vt 0.184345 0.815721
vt 0.184865 0.819276
vt 0.937545 0.793608
vt 0.943078 0.811727
vt 0.937408 0.799542
vt 0.184434 0.809816
vt 0.011670 0.902077
vt 0.007790 0.892362
vt 0.010855 0.895455
vt 0.536486 0.934594
vt 0.539034 0.929610
vt 0.903055 0.241939
vt 0.903922 0.268775
vt 0.901841 0.247748
vt 0.017676 0.917288
vt 0.012418 0.915739
vt 0.003224 0.885890
vt 0.020421 0.916718
vt 0.025199 0.926645
vt 0.946465 0.812916
vt 0.953645 0.828845
vt 0.007037 0.914303
vt 0.003063 0.901186
vt 0.010435 0.924968
vt 0.022389 0.928148
vt 0.488650 0.949864
vt 0.490299 0.960547
vt 0.485863 0.959394
vt 0.490641 0.971928
vt 0.487829 0.968952
vt 0.003810 0.915733
vt 0.018493 0.929900
vt 0.018821 0.937032
vt 0.909403 0.269175
vt 0.906289 0.269860
vt 0.905527 0.242621
vt 0.012784 0.933664
vt 0.019462 0.940854
vt 0.017308 0.843188
vt 0.021959 0.832254
vt 0.026217 0.828380
vt 0.482031 0.887231
vt 0.481910 0.875073
vt 0.486235 0.886408
vt 0.482905 0.897408
vt 0.487568 0.901012
vt 0.006884 0.925348
vt 0.490034 0.878395
vt 0.490078 0.887392
vt 0.490104 0.901497
vt 0.955549 0.827506
vt 0.941697 0.793937
vt 0.940349 0.493898
vt 0.936936 0.504516
vt 0.936294 0.493353
vt 0.941426 0.738328
vt 0.942611 0.744562
vt 0.935288 0.752871
vt 0.937311 0.511450
vt 0.934274 0.510778
vt 0.934009 0.502195
vt 0.935954 0.517099
vt 0.016731 0.839049
vt 0.007101 0.863582
vt 0.010378 0.852189
vt 0.020578 0.832143
vt 0.948111 0.743279
vt 0.939998 0.762504
vt 0.936639 0.767973
vt 0.949973 0.724324
vt 0.949078 0.730773
vt 0.955450 0.721069
vt 0.953645 0.724479
vt 0.013558 0.865820
vt 0.025049 0.833753
vt 0.026511 0.833812
vt 0.944015 0.757903
vt 0.942430 0.766005
vt 0.953004 0.732605
vt 0.908812 0.274677
vt 0.024672 0.827266
vt 0.957475 0.834209
vt 0.959416 0.834057
vt 0.957235 0.827905
vt 0.905774 0.274773
vt 0.952635 0.743363
vt 0.946085 0.758532
vt 0.899695 0.205295
vt 0.899715 0.199922
vt 0.902993 0.205641
vt 0.956299 0.734661
vt 0.957334 0.724474
vt 0.957999 0.735761
vt 0.954388 0.744479
vt 0.011130 0.863360
vt 0.535081 0.947755
vt 0.903884 0.200233
vt 0.908565 0.204913
vt 0.783673 0.945171
vt 0.787894 0.938749
vt 0.786123 0.945905
vt 0.945985 0.801687
vt 0.939651 0.775922
vt 0.942147 0.776596
vt 0.943099 0.789903
vt 0.009617 0.880141
vt 0.482190 0.924311
vt 0.484594 0.934171
vt 0.482332 0.934549
vt 0.488246 0.914253
vt 0.490195 0.920837
vt 0.489302 0.934007
vt 0.486217 0.923791
vt 0.909394 0.211532
vt 0.910050 0.219296
vt 0.906455 0.219912
vt 0.905401 0.212213
vt 0.909970 0.233914
vt 0.906093 0.228715
vt 0.001396 0.885163
vt 0.908495 0.241090
vt 0.484377 0.909406
vt 0.932441 0.767789
vt 0.901098 0.215286
vt 0.480827 0.910119
vt 0.964870 0.787473
vt 0.960684 0.804452
vt 0.962039 0.785791
vt 0.969545 0.815747
vt 0.965234 0.805013
vt 0.970477 0.804792
vt 0.114572 0.900840
vt 0.126436 0.921923
vt 0.119845 0.913967
vt 0.107904 0.878659
vt 0.107428 0.885992
vt 0.126329 0.924144
vt 0.202544 0.884792
vt 0.197777 0.872948
vt 0.201589 0.876746
vt 0.965218 0.825205
vt 0.963261 0.829992
vt 0.961762 0.826065
vt 0.964257 0.816051
vt 0.209842 0.903281
vt 0.205131 0.905122
vt 0.198538 0.891137
vt 0.192198 0.865083
vt 0.222550 0.923451
vt 0.222137 0.928231
vt 0.219672 0.924986
vt 0.213273 0.902619
vt 0.219165 0.914732
vt 0.118929 0.902242
vt 0.128518 0.921616
vt 0.196823 0.899698
vt 0.191988 0.883735
vt 0.201029 0.912722
vt 0.217928 0.930525
vt 0.216084 0.926963
vt 0.215648 0.916531
vt 0.992882 0.806545
vt 0.994782 0.817947
vt 0.990713 0.816700
vt 0.995422 0.826230
vt 0.991777 0.826932
vt 0.193821 0.901076
vt 0.211364 0.927442
vt 0.210860 0.918675
vt 0.971858 0.703074
vt 0.974732 0.702787
vt 0.973334 0.726354
vt 0.971176 0.738089
vt 0.969295 0.726692
vt 0.204224 0.923242
vt 0.209722 0.930839
vt 0.213824 0.932998
vt 0.200177 0.834659
vt 0.205688 0.817882
vt 0.213504 0.807765
vt 0.215232 0.799711
vt 0.220486 0.794899
vt 0.988116 0.717717
vt 0.990158 0.730759
vt 0.984932 0.730812
vt 0.985836 0.744845
vt 0.991559 0.749376
vt 0.979704 0.700324
vt 0.983262 0.712436
vt 0.978488 0.711531
vt 0.363556 0.932201
vt 0.362097 0.935171
vt 0.360364 0.930523
vt 0.966617 0.744250
vt 0.967122 0.726511
vt 0.994981 0.715089
vt 0.994503 0.730958
vt 0.990767 0.710068
vt 0.994638 0.749471
vt 0.984010 0.692479
vt 0.988510 0.699125
vt 0.983356 0.700414
vt 0.130055 0.920108
vt 0.116134 0.886883
vt 0.993472 0.699815
vt 0.112632 0.811206
vt 0.111774 0.823242
vt 0.105099 0.828931
vt 0.352233 0.930038
vt 0.348340 0.930245
vt 0.350687 0.923201
vt 0.114560 0.802656
vt 0.122933 0.794212
vt 0.350436 0.935316
vt 0.208680 0.807984
vt 0.201041 0.823989
vt 0.213590 0.799523
vt 0.117585 0.812473
vt 0.120902 0.817255
vt 0.110904 0.840704
vt 0.106801 0.847355
vt 0.122032 0.802017
vt 0.128145 0.790727
vt 0.127508 0.794410
vt 0.203551 0.839963
vt 0.219014 0.801431
vt 0.221158 0.800941
vt 0.115763 0.835137
vt 0.113565 0.844971
vt 0.132450 0.793189
vt 0.131131 0.796527
vt 0.126843 0.804275
vt 0.972540 0.696444
vt 0.970094 0.703136
vt 0.218540 0.793801
vt 0.129765 0.928550
vt 0.132356 0.928328
vt 0.134800 0.928233
vt 0.132073 0.920626
vt 0.976196 0.696926
vt 0.977520 0.703831
vt 0.126310 0.817442
vt 0.117845 0.835939
vt 0.976059 0.778296
vt 0.975214 0.787751
vt 0.971784 0.777945
vt 0.134190 0.798635
vt 0.130770 0.806852
vt 0.972253 0.829838
vt 0.973223 0.825495
vt 0.976436 0.826597
vt 0.970193 0.787379
vt 0.964928 0.777870
vt 0.968532 0.826924
vt 0.976215 0.728999
vt 0.118817 0.888236
vt 0.110358 0.853312
vt 0.113207 0.863660
vt 0.114641 0.874197
vt 0.111028 0.867337
vt 0.200065 0.858064
vt 0.204682 0.842980
vt 0.985013 0.777325
vt 0.987959 0.788968
vt 0.985169 0.788969
vt 0.992430 0.765683
vt 0.994802 0.773125
vt 0.993715 0.788657
vt 0.989963 0.777154
vt 0.964680 0.769047
vt 0.964753 0.759215
vt 0.969179 0.759419
vt 0.969600 0.769149
vt 0.970582 0.749020
vt 0.189452 0.869057
vt 0.987692 0.759934
vt 0.102391 0.847139
vt 0.975072 0.769392
vt 0.113117 0.853937
vt 0.103700 0.870528
vt 0.100377 0.847167
vt 0.982902 0.755363
vt 0.983820 0.766089
vt 0.959118 0.059780
vt 0.960742 0.064616
vt 0.956852 0.067487
vt 0.958732 0.028697
vt 0.959423 0.042055
vt 0.953888 0.042541
vt 0.932391 0.420468
vt 0.943294 0.442008
vt 0.937139 0.433806
vt 0.926445 0.398076
vt 0.925977 0.405330
vt 0.943135 0.444217
vt 0.933779 0.109337
vt 0.922540 0.085617
vt 0.926709 0.089828
vt 0.933125 0.114804
vt 0.922800 0.103060
vt 0.944121 0.144416
vt 0.941777 0.140949
vt 0.944361 0.137280
vt 0.936520 0.422066
vt 0.945367 0.441779
vt 0.917815 0.099217
vt 0.916742 0.075842
vt 0.935259 0.133580
vt 0.939682 0.130958
vt 0.939543 0.148769
vt 0.938440 0.144027
vt 0.977737 0.123934
vt 0.979727 0.136345
vt 0.975589 0.134876
vt 0.980330 0.145434
vt 0.976683 0.146102
vt 0.931306 0.136661
vt 0.935317 0.146836
vt 0.951643 0.144923
vt 0.948768 0.145260
vt 0.950185 0.120211
vt 0.950005 0.107704
vt 0.954535 0.111585
vt 0.965135 0.040204
vt 0.970379 0.047202
vt 0.966429 0.055725
vt 0.968899 0.033045
vt 0.965011 0.021393
vt 0.931321 0.145991
vt 0.925080 0.130107
vt 0.924701 0.119256
vt 0.925408 0.048040
vt 0.928433 0.028196
vt 0.935861 0.017795
vt 0.937253 0.009660
vt 0.942304 0.004650
vt 0.976472 0.039378
vt 0.973744 0.012379
vt 0.965764 0.006672
vt 0.968412 0.000793
vt 0.969775 0.003198
vt 0.979543 0.051200
vt 0.975703 0.055577
vt 0.979497 0.065160
vt 0.968059 0.012258
vt 0.946965 0.440323
vt 0.934339 0.406595
vt 0.978632 0.020416
vt 0.980788 0.040339
vt 0.109551 0.941490
vt 0.110233 0.946364
vt 0.105964 0.944305
vt 0.926297 0.348495
vt 0.932710 0.339277
vt 0.926465 0.366894
vt 0.921335 0.366407
vt 0.977635 0.006201
vt 0.981348 0.021867
vt 0.931183 0.018125
vt 0.920502 0.048516
vt 0.924004 0.034462
vt 0.935584 0.009519
vt 0.937314 0.340520
vt 0.930804 0.360557
vt 0.934047 0.322728
vt 0.941000 0.307057
vt 0.937969 0.325387
vt 0.944896 0.302504
vt 0.944180 0.309319
vt 0.930119 0.043744
vt 0.941103 0.011251
vt 0.942910 0.011264
vt 0.936215 0.356272
vt 0.933630 0.364635
vt 0.942402 0.328367
vt 0.949060 0.305076
vt 0.947889 0.312241
vt 0.950963 0.151753
vt 0.953516 0.144864
vt 0.940299 0.003610
vt 0.946414 0.448740
vt 0.948985 0.448616
vt 0.951457 0.448598
vt 0.948987 0.440903
vt 0.947308 0.151243
vt 0.945989 0.143930
vt 0.947437 0.066770
vt 0.949507 0.059175
vt 0.951702 0.067397
vt 0.949042 0.324176
vt 0.951600 0.310493
vt 0.944042 0.338044
vt 0.947594 0.012370
vt 0.948330 0.027787
vt 0.945253 0.027265
vt 0.954140 0.059637
vt 0.949442 0.015803
vt 0.953330 0.028394
vt 0.946884 0.109512
vt 0.937003 0.408030
vt 0.929875 0.372800
vt 0.932366 0.383240
vt 0.933380 0.393836
vt 0.929999 0.386857
vt 0.952945 0.096429
vt 0.947759 0.096114
vt 0.924342 0.068608
vt 0.926963 0.057921
vt 0.925121 0.078466
vt 0.969846 0.093294
vt 0.972792 0.105299
vt 0.970013 0.105536
vt 0.976883 0.075652
vt 0.979638 0.089028
vt 0.978550 0.105047
vt 0.974785 0.092886
vt 0.958835 0.075864
vt 0.958779 0.085661
vt 0.954342 0.085752
vt 0.953906 0.076025
vt 0.957261 0.096471
vt 0.956931 0.110388
vt 0.914153 0.079983
vt 0.972522 0.075258
vt 0.948440 0.075588
vt 0.932659 0.373505
vt 0.967750 0.070912
vt 0.968657 0.081764
vt 0.970692 0.060196
vt 0.964778 0.931131
vt 0.962509 0.949824
vt 0.961993 0.930597
vt 0.732451 0.912520
vt 0.744313 0.933620
vt 0.737708 0.925657
vt 0.725796 0.890333
vt 0.725296 0.897666
vt 0.744026 0.935975
vt 0.283421 0.885804
vt 0.289411 0.903262
vt 0.278520 0.880236
vt 0.281200 0.876460
vt 0.965137 0.969997
vt 0.963169 0.974658
vt 0.961683 0.970699
vt 0.286164 0.907485
vt 0.280419 0.896923
vt 0.302186 0.923122
vt 0.301779 0.927903
vt 0.299290 0.924652
vt 0.293788 0.903944
vt 0.298780 0.914404
vt 0.736829 0.913928
vt 0.746405 0.933316
vt 0.276411 0.899397
vt 0.271583 0.883452
vt 0.271796 0.864812
vt 0.297561 0.930197
vt 0.295696 0.926630
vt 0.295243 0.916198
vt 0.992977 0.952119
vt 0.994837 0.962956
vt 0.990775 0.961809
vt 0.995356 0.970079
vt 0.991801 0.971484
vt 0.280628 0.912413
vt 0.273427 0.900786
vt 0.290982 0.927118
vt 0.290450 0.918346
vt 0.972126 0.848650
vt 0.975000 0.848397
vt 0.973563 0.871053
vt 0.973732 0.882423
vt 0.969210 0.878781
vt 0.980070 0.869317
vt 0.983548 0.856857
vt 0.985769 0.864619
vt 0.283851 0.922934
vt 0.289367 0.930527
vt 0.293472 0.932680
vt 0.281498 0.837301
vt 0.285300 0.817624
vt 0.293116 0.807502
vt 0.294858 0.799456
vt 0.300120 0.794643
vt 0.990428 0.870102
vt 0.985187 0.877804
vt 0.991030 0.856604
vt 0.986076 0.891909
vt 0.990378 0.882091
vt 0.991792 0.896411
vt 0.979956 0.846299
vt 0.978741 0.857872
vt 0.753624 0.933547
vt 0.754864 0.930689
vt 0.756892 0.935167
vt 0.994753 0.877832
vt 0.995236 0.861615
vt 0.994865 0.896386
vt 0.984262 0.838215
vt 0.988903 0.844938
vt 0.983916 0.846869
vt 0.747940 0.931813
vt 0.734029 0.898570
vt 0.993863 0.845856
vt 0.730563 0.822914
vt 0.729720 0.834939
vt 0.723015 0.840617
vt 0.765029 0.935202
vt 0.768634 0.934784
vt 0.766335 0.939873
vt 0.732463 0.814379
vt 0.740794 0.805928
vt 0.766479 0.929909
vt 0.288310 0.807735
vt 0.276598 0.837620
vt 0.280661 0.823737
vt 0.293226 0.799275
vt 0.735541 0.824186
vt 0.738848 0.828975
vt 0.728820 0.852397
vt 0.724716 0.859036
vt 0.739973 0.813748
vt 0.746028 0.802490
vt 0.745424 0.806163
vt 0.286495 0.833212
vt 0.298636 0.801169
vt 0.300791 0.800680
vt 0.733666 0.846847
vt 0.731448 0.856675
vt 0.750334 0.804960
vt 0.749043 0.808288
vt 0.744783 0.816017
vt 0.972823 0.842174
vt 0.970365 0.848621
vt 0.298280 0.793326
vt 0.747616 0.940257
vt 0.750221 0.940038
vt 0.752651 0.939952
vt 0.749946 0.932337
vt 0.976478 0.842648
vt 0.977790 0.849303
vt 0.744220 0.829182
vt 0.738058 0.842732
vt 0.976171 0.921841
vt 0.975123 0.931612
vt 0.971892 0.921613
vt 0.752077 0.810407
vt 0.748680 0.818607
vt 0.972159 0.974605
vt 0.973141 0.970287
vt 0.976357 0.971231
vt 0.974606 0.961074
vt 0.974161 0.949731
vt 0.977780 0.950742
vt 0.969919 0.931221
vt 0.965040 0.921429
vt 0.968444 0.971760
vt 0.969496 0.960471
vt 0.969000 0.949182
vt 0.976867 0.880477
vt 0.736694 0.899932
vt 0.728255 0.865003
vt 0.731082 0.875356
vt 0.732518 0.885891
vt 0.728925 0.879022
vt 0.970768 0.892987
vt 0.975966 0.892999
vt 0.279674 0.857790
vt 0.282722 0.847232
vt 0.276096 0.865774
vt 0.280090 0.867654
vt 0.985186 0.923813
vt 0.988106 0.935187
vt 0.985310 0.935073
vt 0.992633 0.912510
vt 0.994983 0.919697
vt 0.993780 0.934876
vt 0.990141 0.923764
vt 0.964820 0.912569
vt 0.964921 0.902806
vt 0.969341 0.903160
vt 0.969735 0.912808
vt 0.966465 0.892592
vt 0.966685 0.881797
vt 0.269062 0.868791
vt 0.987907 0.906882
vt 0.720289 0.858814
vt 0.975211 0.912971
vt 0.730990 0.865638
vt 0.721488 0.882218
vt 0.718254 0.858842
vt 0.983120 0.902237
vt 0.984017 0.912811
vt 0.265408 0.614014
vt 0.286832 0.621771
vt 0.263509 0.619038
vt 0.702147 0.430988
vt 0.398654 0.909483
vt 0.395492 0.887731
vt 0.399730 0.883282
vt 0.887755 0.543309
vt 0.888678 0.553994
vt 0.883398 0.553797
vt 0.839892 0.288004
vt 0.836378 0.297396
vt 0.828782 0.294922
vt 0.129563 0.556796
vt 0.083904 0.518008
vt 0.048358 0.463704
vt 0.050161 0.482072
vt 0.343640 0.957003
vt 0.343753 0.931738
vt 0.346366 0.928321
vt 0.513604 0.868753
vt 0.515241 0.872151
vt 0.034733 0.459968
vt 0.850399 0.482305
vt 0.842222 0.474705
vt 0.853311 0.469014
vt 0.846493 0.504516
vt 0.841918 0.485357
vt 0.855659 0.460955
vt 0.044555 0.378078
vt 0.689935 0.414157
vt 0.684912 0.429615
vt 0.665061 0.422079
vt 0.227096 0.148969
vt 0.236647 0.140511
vt 0.173284 0.243633
vt 0.541050 0.494122
vt 0.918640 0.507187
vt 0.913357 0.507931
vt 0.918225 0.503241
vt 0.950895 0.692107
vt 0.948207 0.688032
vt 0.949085 0.683969
vt 0.245699 0.108565
vt 0.270337 0.063124
vt 0.632058 0.020623
vt 0.623107 0.028710
vt 0.864566 0.526911
vt 0.870166 0.525254
vt 0.860312 0.539995
vt 0.860566 0.520080
vt 0.610178 0.023336
vt 0.605041 0.035437
vt 0.753463 0.395722
vt 0.736261 0.403692
vt 0.737263 0.353228
vt 0.753792 0.337743
vt 0.736460 0.330985
vt 0.877330 0.245589
vt 0.873263 0.221232
vt 0.621067 0.916303
vt 0.280623 0.031150
vt 0.295240 0.026072
vt 0.003418 0.731509
vt 0.008306 0.765907
vt 0.761604 0.220645
vt 0.762141 0.284500
vt 0.327153 0.921616
vt 0.327103 0.926844
vt 0.323292 0.925164
vt 0.297729 0.017309
vt 0.301462 0.015928
vt 0.948875 0.711912
vt 0.946334 0.718611
vt 0.946384 0.711092
vt 0.917984 0.520028
vt 0.914434 0.521586
vt 0.911889 0.515248
vt 0.761795 0.471324
vt 0.753725 0.448484
vt 0.736592 0.437225
vt 0.753915 0.422037
vt 0.464657 0.912249
vt 0.466761 0.895899
vt 0.466925 0.906078
vt 0.305910 0.890325
vt 0.307229 0.885007
vt 0.309479 0.892954
vt 0.305244 0.871755
vt 0.310816 0.872294
vt 0.307403 0.863567
vt 0.311329 0.854924
vt 0.311462 0.863904
vt 0.308239 0.854684
vt 0.822188 0.826514
vt 0.829329 0.813480
vt 0.823079 0.828706
vt 0.470637 0.891344
vt 0.472077 0.905803
vt 0.471262 0.910940
vt 0.797699 0.837130
vt 0.799749 0.826673
vt 0.801849 0.829999
vt 0.793236 0.846523
vt 0.304345 0.862585
vt 0.305651 0.853817
vt 0.790624 0.845386
vt 0.791918 0.831730
vt 0.804189 0.815914
vt 0.810004 0.809237
vt 0.807061 0.817613
vt 0.807836 0.807638
vt 0.833897 0.806313
vt 0.830826 0.816146
vt 0.791475 0.823752
vt 0.797585 0.819153
vt 0.803255 0.809401
vt 0.467092 0.870344
vt 0.467858 0.881467
vt 0.466135 0.881622
vt 0.781976 0.851936
vt 0.783963 0.835882
vt 0.784089 0.851705
vt 0.797252 0.811706
vt 0.802621 0.804789
vt 0.805723 0.805174
vt 0.315210 0.956527
vt 0.312215 0.955310
vt 0.313301 0.935645
vt 0.313811 0.921687
vt 0.309591 0.920341
vt 0.468036 0.942944
vt 0.467303 0.953759
vt 0.464746 0.937736
vt 0.794766 0.810720
vt 0.799390 0.805194
vt 0.788329 0.822685
vt 0.471570 0.954226
vt 0.472192 0.967025
vt 0.467263 0.967186
vt 0.702335 0.938970
vt 0.703628 0.930090
vt 0.705939 0.937474
vt 0.700830 0.931295
vt 0.465452 0.974878
vt 0.464229 0.966339
vt 0.469226 0.975516
vt 0.309980 0.935523
vt 0.475339 0.953131
vt 0.476650 0.965488
vt 0.472606 0.942516
vt 0.698260 0.937626
vt 0.697729 0.931600
vt 0.473300 0.978007
vt 0.820715 0.846384
vt 0.811857 0.873494
vt 0.814266 0.887378
vt 0.812329 0.887476
vt 0.694571 0.936838
vt 0.694879 0.930972
vt 0.476983 0.976918
vt 0.819750 0.891880
vt 0.819399 0.899324
vt 0.825472 0.911330
vt 0.828091 0.918017
vt 0.823452 0.912422
vt 0.830739 0.918423
vt 0.816858 0.900269
vt 0.790816 0.882689
vt 0.795425 0.897718
vt 0.788228 0.882869
vt 0.820166 0.875784
vt 0.827197 0.896803
vt 0.815085 0.869895
vt 0.826150 0.903787
vt 0.831347 0.913994
vt 0.799453 0.891819
vt 0.806650 0.911964
vt 0.792892 0.877068
vt 0.794921 0.876804
vt 0.822973 0.882337
vt 0.832430 0.907400
vt 0.836065 0.915660
vt 0.833925 0.918145
vt 0.468548 0.869919
vt 0.469938 0.876888
vt 0.317077 0.892301
vt 0.316078 0.884823
vt 0.317766 0.886044
vt 0.824576 0.881725
vt 0.833162 0.899876
vt 0.837274 0.910442
vt 0.308804 0.849918
vt 0.306642 0.848292
vt 0.304680 0.851363
vt 0.808195 0.803828
vt 0.805791 0.802238
vt 0.701774 0.925713
vt 0.705632 0.928225
vt 0.697389 0.926996
vt 0.694517 0.925454
vt 0.692755 0.929622
vt 0.834204 0.920731
vt 0.836825 0.919444
vt 0.838394 0.918505
vt 0.838469 0.915272
vt 0.312580 0.849969
vt 0.315109 0.852817
vt 0.314093 0.892778
vt 0.311495 0.885744
vt 0.803096 0.907257
vt 0.315040 0.858401
vt 0.315537 0.869123
vt 0.317001 0.953781
vt 0.317302 0.926670
vt 0.834403 0.811397
vt 0.825520 0.838287
vt 0.822030 0.850218
vt 0.820812 0.863732
vt 0.818617 0.864221
vt 0.316261 0.916395
vt 0.311854 0.907905
vt 0.316048 0.902871
vt 0.789719 0.859081
vt 0.792223 0.859498
vt 0.784696 0.868518
vt 0.307585 0.903051
vt 0.311476 0.899947
vt 0.468727 0.921160
vt 0.470061 0.934430
vt 0.472953 0.928092
vt 0.475062 0.941954
vt 0.577867 0.941996
vt 0.576629 0.947130
vt 0.573696 0.941358
vt 0.837388 0.947422
vt 0.835643 0.935111
vt 0.841207 0.933981
vt 0.901980 0.296135
vt 0.905576 0.288051
vt 0.906058 0.296376
vt 0.902472 0.287887
vt 0.837472 0.929370
vt 0.841670 0.928901
vt 0.040889 0.848610
vt 0.035305 0.867907
vt 0.033219 0.867148
vt 0.768988 0.837067
vt 0.771084 0.826605
vt 0.773173 0.829955
vt 0.763152 0.844924
vt 0.899035 0.295130
vt 0.899826 0.286912
vt 0.835068 0.930152
vt 0.054273 0.833862
vt 0.046351 0.854062
vt 0.040244 0.865712
vt 0.758404 0.853484
vt 0.763226 0.831620
vt 0.775578 0.815871
vt 0.781434 0.809244
vt 0.778607 0.817683
vt 0.779271 0.807627
vt 0.052331 0.828569
vt 0.048773 0.838525
vt 0.047630 0.836958
vt 0.762824 0.823643
vt 0.768956 0.819071
vt 0.774678 0.809357
vt 0.895844 0.200494
vt 0.895677 0.212566
vt 0.893947 0.212568
vt 0.768664 0.811633
vt 0.774071 0.804754
vt 0.777171 0.805153
vt 0.572042 0.905107
vt 0.570894 0.876809
vt 0.575857 0.901077
vt 0.573860 0.878315
vt 0.766634 0.810843
vt 0.770840 0.805148
vt 0.759689 0.822574
vt 0.892398 0.275038
vt 0.889110 0.284984
vt 0.887507 0.271991
vt 0.893324 0.285795
vt 0.892943 0.297340
vt 0.887881 0.294294
vt 0.851385 0.545104
vt 0.848636 0.554322
vt 0.847514 0.545870
vt 0.851584 0.553721
vt 0.850301 0.534281
vt 0.847138 0.534883
vt 0.897182 0.284797
vt 0.897429 0.296050
vt 0.895822 0.269812
vt 0.855476 0.545344
vt 0.854696 0.553885
vt 0.854461 0.534312
vt 0.029900 0.895911
vt 0.032322 0.909787
vt 0.030242 0.909951
vt 0.858996 0.546515
vt 0.857417 0.554767
vt 0.897608 0.223042
vt 0.894227 0.235022
vt 0.896356 0.245662
vt 0.037797 0.914269
vt 0.037465 0.921720
vt 0.043567 0.933726
vt 0.046223 0.940430
vt 0.041567 0.934835
vt 0.048960 0.941070
vt 0.034945 0.922683
vt 0.774970 0.913069
vt 0.765710 0.897839
vt 0.766305 0.894650
vt 0.889190 0.237674
vt 0.890888 0.221579
vt 0.891255 0.233142
vt 0.045252 0.919183
vt 0.044213 0.926166
vt 0.049443 0.936379
vt 0.767580 0.883971
vt 0.777574 0.911955
vt 0.763991 0.877344
vt 0.041028 0.904737
vt 0.035830 0.899233
vt 0.050508 0.929778
vt 0.054179 0.938050
vt 0.052045 0.940540
vt 0.897595 0.199914
vt 0.898151 0.207718
vt 0.039247 0.896750
vt 0.042644 0.904134
vt 0.051244 0.922264
vt 0.055444 0.932817
vt 0.902820 0.283104
vt 0.900291 0.281224
vt 0.898728 0.284323
vt 0.779654 0.803831
vt 0.777259 0.802233
vt 0.849753 0.559005
vt 0.846372 0.555557
vt 0.854283 0.558552
vt 0.856616 0.560198
vt 0.859295 0.555989
vt 0.052351 0.943144
vt 0.054969 0.941851
vt 0.909115 0.280990
vt 0.910993 0.283176
vt 0.909240 0.285602
vt 0.906597 0.283002
vt 0.568441 0.941897
vt 0.572400 0.946756
vt 0.568269 0.947344
vt 0.841641 0.947224
vt 0.846238 0.947791
vt 0.774042 0.907226
vt 0.909408 0.290997
vt 0.845983 0.932027
vt 0.569035 0.879676
vt 0.568927 0.905713
vt 0.571622 0.934744
vt 0.761896 0.859131
vt 0.763799 0.864325
vt 0.765066 0.873091
vt 0.764383 0.848962
vt 0.755337 0.850889
vt 0.756184 0.870052
vt 0.753317 0.850666
vt 0.896733 0.257742
vt 0.892561 0.253574
vt 0.576155 0.931748
vt 0.570761 0.918293
vt 0.575870 0.918368
vt 0.890341 0.266714
vt 0.029801 0.881848
vt 0.571560 0.926949
vt 0.567960 0.924417
vt 0.028399 0.890636
vt 0.889450 0.257655
vt 0.888450 0.250966
vt 0.977597 0.326860
vt 0.981410 0.315406
vt 0.979749 0.340127
vt 0.975205 0.351292
vt 0.967204 0.214599
vt 0.968668 0.204853
vt 0.972301 0.214666
vt 0.965244 0.187209
vt 0.972254 0.187676
vt 0.968032 0.176441
vt 0.972796 0.165406
vt 0.972996 0.176748
vt 0.969017 0.165188
vt 0.163127 0.817727
vt 0.174477 0.799112
vt 0.163771 0.821692
vt 0.985988 0.326043
vt 0.985932 0.344209
vt 0.983677 0.338510
vt 0.679058 0.526598
vt 0.683649 0.521094
vt 0.680895 0.530353
vt 0.689616 0.503125
vt 0.692183 0.507181
vt 0.964299 0.175503
vt 0.965857 0.164362
vt 0.179987 0.800600
vt 0.170229 0.825306
vt 0.166342 0.834358
vt 0.979892 0.265550
vt 0.976864 0.254347
vt 0.980443 0.254379
vt 0.674842 0.529392
vt 0.680035 0.509316
vt 0.695048 0.489958
vt 0.702158 0.481768
vt 0.698480 0.491981
vt 0.699507 0.479818
vt 0.679491 0.499550
vt 0.686969 0.493926
vt 0.693904 0.481985
vt 0.983205 0.302942
vt 0.983513 0.315602
vt 0.686559 0.484804
vt 0.692692 0.475268
vt 0.696921 0.476803
vt 0.977816 0.290056
vt 0.975224 0.287605
vt 0.975483 0.265831
vt 0.972443 0.257205
vt 0.974733 0.382981
vt 0.970552 0.401106
vt 0.972060 0.382649
vt 0.683514 0.483587
vt 0.690950 0.474769
vt 0.676235 0.498502
vt 0.693711 0.601705
vt 0.695765 0.610603
vt 0.691790 0.604898
vt 0.978955 0.388009
vt 0.974756 0.401354
vt 0.979903 0.402395
vt 0.978231 0.414953
vt 0.980088 0.422633
vt 0.973153 0.418580
vt 0.816497 0.921101
vt 0.814307 0.929022
vt 0.812808 0.922408
vt 0.817854 0.927778
vt 0.969999 0.432316
vt 0.969148 0.417269
vt 0.974219 0.433323
vt 0.974026 0.288944
vt 0.970457 0.257104
vt 0.984607 0.401707
vt 0.985142 0.417579
vt 0.983926 0.384124
vt 0.979239 0.433523
vt 0.974572 0.440187
vt 0.978782 0.440363
vt 0.173252 0.806323
vt 0.160882 0.843322
vt 0.150043 0.876493
vt 0.153003 0.893484
vt 0.150618 0.893598
vt 0.983838 0.432807
vt 0.982624 0.439731
vt 0.159728 0.898998
vt 0.159292 0.908102
vt 0.166715 0.922784
vt 0.168749 0.931104
vt 0.163966 0.924210
vt 0.173255 0.931747
vt 0.156389 0.909159
vt 0.682579 0.588975
vt 0.685030 0.589921
vt 0.158802 0.881525
vt 0.168840 0.905019
vt 0.154001 0.872093
vt 0.167563 0.913565
vt 0.173907 0.926043
vt 0.686292 0.573649
vt 0.698058 0.607461
vt 0.681225 0.564774
vt 0.163648 0.887309
vt 0.175238 0.917978
vt 0.179665 0.928072
vt 0.177044 0.931111
vt 0.978731 0.214278
vt 0.978804 0.204736
vt 0.980993 0.204460
vt 0.171724 0.898040
vt 0.176007 0.908830
vt 0.181142 0.921686
vt 0.971992 0.159701
vt 0.967847 0.158846
vt 0.964672 0.161587
vt 0.699059 0.474364
vt 0.814114 0.936697
vt 0.811710 0.934500
vt 0.812193 0.932335
vt 0.816951 0.933667
vt 0.822456 0.933770
vt 0.821666 0.927796
vt 0.825508 0.929582
vt 0.827310 0.931063
vt 0.825285 0.937630
vt 0.827814 0.934756
vt 0.179492 0.933049
vt 0.182484 0.931535
vt 0.182592 0.927589
vt 0.977424 0.163022
vt 0.973798 0.205121
vt 0.677056 0.565863
vt 0.977355 0.169884
vt 0.978019 0.183677
vt 0.980009 0.286907
vt 0.177623 0.800510
vt 0.162481 0.848007
vt 0.161043 0.858700
vt 0.158315 0.865146
vt 0.161302 0.877562
vt 0.979101 0.243368
vt 0.973689 0.233041
vt 0.979023 0.232861
vt 0.974677 0.243450
vt 0.973208 0.223349
vt 0.677342 0.542769
vt 0.680404 0.543271
vt 0.682521 0.559995
vt 0.670489 0.532912
vt 0.669992 0.548792
vt 0.668010 0.532635
vt 0.982738 0.361690
vt 0.980312 0.377759
vt 0.970482 0.243718
vt 0.968463 0.227354
vt 0.673517 0.564172
vt 0.978446 0.361606
vt 0.160950 0.868558
vt 0.151108 0.853760
vt 0.148192 0.870022
vt 0.973918 0.366582
vt 0.975657 0.554731
vt 0.979397 0.542694
vt 0.979961 0.560410
vt 0.974703 0.579929
vt 0.979258 0.572945
vt 0.964435 0.618242
vt 0.962349 0.622744
vt 0.961532 0.615174
vt 0.961358 0.662232
vt 0.956932 0.668662
vt 0.956347 0.653710
vt 0.930285 0.555776
vt 0.923798 0.580298
vt 0.920604 0.582068
vt 0.078093 0.852698
vt 0.088892 0.833643
vt 0.081778 0.853217
vt 0.965965 0.651439
vt 0.965004 0.663506
vt 0.961974 0.650203
vt 0.946307 0.537652
vt 0.936678 0.562868
vt 0.933133 0.572058
vt 0.950562 0.563116
vt 0.953582 0.570992
vt 0.950004 0.575024
vt 0.080158 0.835076
vt 0.088201 0.828000
vt 0.093047 0.816559
vt 0.096359 0.804748
vt 0.096783 0.818850
vt 0.940760 0.534705
vt 0.938963 0.543773
vt 0.937010 0.540585
vt 0.071961 0.848154
vt 0.072182 0.869331
vt 0.087104 0.817822
vt 0.092571 0.802148
vt 0.981799 0.528852
vt 0.981514 0.542693
vt 0.071118 0.840321
vt 0.076206 0.831557
vt 0.082905 0.814997
vt 0.088970 0.799684
vt 0.952508 0.536904
vt 0.955108 0.540094
vt 0.957576 0.570518
vt 0.973645 0.638218
vt 0.968446 0.650520
vt 0.969527 0.630079
vt 0.970578 0.659615
vt 0.080470 0.813167
vt 0.086311 0.797940
vt 0.977103 0.618107
vt 0.976184 0.627439
vt 0.971331 0.617432
vt 0.977716 0.639968
vt 0.969303 0.670798
vt 0.956446 0.538295
vt 0.959993 0.572195
vt 0.982215 0.621941
vt 0.982194 0.638171
vt 0.983872 0.650446
vt 0.979825 0.658660
vt 0.928003 0.581216
vt 0.918780 0.627547
vt 0.923504 0.633360
vt 0.920823 0.636322
vt 0.929593 0.653779
vt 0.924159 0.644521
vt 0.981529 0.671469
vt 0.977459 0.672421
vt 0.983042 0.580992
vt 0.929295 0.640363
vt 0.092852 0.935165
vt 0.081293 0.914865
vt 0.082977 0.912312
vt 0.973440 0.572530
vt 0.922985 0.612843
vt 0.933826 0.639124
vt 0.085568 0.899681
vt 0.096080 0.933909
vt 0.080829 0.890617
vt 0.927395 0.619397
vt 0.940527 0.641823
vt 0.932666 0.623689
vt 0.938926 0.651340
vt 0.950456 0.623847
vt 0.951325 0.640650
vt 0.949378 0.636416
vt 0.958925 0.676369
vt 0.962256 0.671730
vt 0.962496 0.678030
vt 0.965042 0.673785
vt 0.094243 0.790952
vt 0.095816 0.795846
vt 0.091787 0.793349
vt 0.121817 0.940831
vt 0.119338 0.944601
vt 0.118021 0.941421
vt 0.122679 0.934576
vt 0.118390 0.934668
vt 0.119858 0.932676
vt 0.945034 0.678933
vt 0.942461 0.676485
vt 0.947243 0.673633
vt 0.954342 0.676813
vt 0.953213 0.669298
vt 0.956194 0.623008
vt 0.956598 0.639583
vt 0.951607 0.615613
vt 0.944436 0.652848
vt 0.951450 0.654708
vt 0.947821 0.664687
vt 0.091947 0.927991
vt 0.950267 0.539766
vt 0.943116 0.537801
vt 0.929793 0.585845
vt 0.928946 0.602937
vt 0.926267 0.603125
vt 0.929732 0.615426
vt 0.954944 0.596861
vt 0.957157 0.606511
vt 0.951337 0.603506
vt 0.954908 0.586149
vt 0.950984 0.586432
vt 0.956994 0.615000
vt 0.077759 0.868478
vt 0.081095 0.875125
vt 0.082302 0.885896
vt 0.971916 0.590564
vt 0.973638 0.596543
vt 0.069232 0.863471
vt 0.068977 0.853327
vt 0.978238 0.591535
vt 0.981154 0.607771
vt 0.960511 0.596794
vt 0.962327 0.606692
vt 0.071192 0.879792
vt 0.959569 0.586059
vt 0.974659 0.607679
vt 0.918509 0.617030
vt 0.917677 0.597581
vt 0.916350 0.608386
vt 0.983705 0.617490
vt 0.970715 0.607074
vt 0.991161 0.024688
vt 0.994898 0.013666
vt 0.995399 0.029527
vt 0.990114 0.047538
vt 0.994689 0.040905
vt 0.948792 0.216829
vt 0.949445 0.206571
vt 0.953885 0.216751
vt 0.946787 0.188967
vt 0.953799 0.188998
vt 0.949564 0.177528
vt 0.954318 0.166318
vt 0.954526 0.177775
vt 0.950540 0.166142
vt 0.239167 0.819032
vt 0.231829 0.843263
vt 0.228456 0.844879
vt 0.651599 0.515712
vt 0.654629 0.503142
vt 0.658567 0.503369
vt 0.645002 0.525575
vt 0.945836 0.176746
vt 0.947411 0.165548
vt 0.255264 0.801708
vt 0.245406 0.826375
vt 0.241484 0.835411
vt 0.961461 0.266720
vt 0.958432 0.259334
vt 0.962025 0.255996
vt 0.639283 0.536093
vt 0.645050 0.509338
vt 0.660056 0.489972
vt 0.667163 0.481768
vt 0.663489 0.491988
vt 0.664512 0.479823
vt 0.250667 0.798412
vt 0.248514 0.807408
vt 0.246675 0.804131
vt 0.644503 0.499571
vt 0.651979 0.493946
vt 0.658910 0.481998
vt 0.997160 0.001949
vt 0.997001 0.013854
vt 0.651566 0.484818
vt 0.658064 0.476208
vt 0.661925 0.476808
vt 0.959498 0.290196
vt 0.956901 0.287360
vt 0.954442 0.259856
vt 0.988173 0.079307
vt 0.983947 0.097599
vt 0.985495 0.079093
vt 0.648520 0.483595
vt 0.655526 0.474926
vt 0.641246 0.498518
vt 0.992389 0.084256
vt 0.988158 0.097694
vt 0.993303 0.098735
vt 0.991597 0.111503
vt 0.993427 0.119436
vt 0.986504 0.115283
vt 0.987516 0.130544
vt 0.983947 0.136928
vt 0.983292 0.129662
vt 0.987731 0.137781
vt 0.982495 0.114115
vt 0.955572 0.289232
vt 0.952037 0.258641
vt 0.998003 0.098190
vt 0.998490 0.114412
vt 0.996880 0.084336
vt 0.992536 0.130742
vt 0.992048 0.137951
vt 0.235995 0.844356
vt 0.225021 0.877482
vt 0.227918 0.894486
vt 0.225525 0.894588
vt 0.997219 0.130127
vt 0.995888 0.137417
vt 0.998443 0.048723
vt 0.234630 0.900029
vt 0.234153 0.909130
vt 0.241511 0.923837
vt 0.243492 0.932156
vt 0.238744 0.925247
vt 0.248003 0.932820
vt 0.231507 0.910047
vt 0.659924 0.608829
vt 0.647376 0.588996
vt 0.649210 0.586377
vt 0.988437 0.045372
vt 0.233765 0.882550
vt 0.243717 0.906085
vt 0.229588 0.879870
vt 0.242407 0.914626
vt 0.248692 0.927124
vt 0.651328 0.573653
vt 0.663105 0.607458
vt 0.646258 0.564784
vt 0.238583 0.888351
vt 0.250058 0.919067
vt 0.254432 0.929172
vt 0.251797 0.932200
vt 0.960318 0.216473
vt 0.960360 0.206428
vt 0.962574 0.206590
vt 0.962756 0.183650
vt 0.255933 0.922792
vt 0.250770 0.909968
vt 0.951226 0.160533
vt 0.783789 0.558019
vt 0.784289 0.561211
vt 0.783692 0.561985
vt 0.664945 0.475142
vt 0.871519 0.500984
vt 0.871176 0.496636
vt 0.873391 0.497110
vt 0.876782 0.499235
vt 0.878057 0.502750
vt 0.872705 0.506468
vt 0.878037 0.506563
vt 0.876174 0.510413
vt 0.870084 0.509801
vt 0.874603 0.512221
vt 0.870872 0.512742
vt 0.256156 0.933275
vt 0.257352 0.928697
vt 0.955845 0.160547
vt 0.958950 0.164065
vt 0.954745 0.207313
vt 0.658756 0.601707
vt 0.958882 0.170891
vt 0.959561 0.184964
vt 0.961743 0.287692
vt 0.252905 0.801610
vt 0.237567 0.849044
vt 0.236085 0.859730
vt 0.232092 0.866375
vt 0.960688 0.245254
vt 0.955276 0.235039
vt 0.960614 0.234963
vt 0.956260 0.245234
vt 0.956682 0.225380
vt 0.643589 0.542962
vt 0.645945 0.549285
vt 0.647552 0.560001
vt 0.645917 0.530364
vt 0.635512 0.532929
vt 0.635020 0.548805
vt 0.633033 0.532649
vt 0.993978 0.052269
vt 0.995985 0.063513
vt 0.998381 0.069556
vt 0.993759 0.074090
vt 0.950957 0.229079
vt 0.952069 0.245596
vt 0.639823 0.565889
vt 0.991578 0.063276
vt 0.223988 0.866191
vt 0.961082 0.225276
vt 0.998963 0.084302
vt 0.987378 0.063190
vt 0.816566 0.531852
vt 0.806843 0.529476
vt 0.819325 0.526850
vt 0.603304 0.893034
vt 0.601548 0.880752
vt 0.609283 0.879001
vt 0.814481 0.525668
vt 0.784671 0.545724
vt 0.795062 0.548900
vt 0.794258 0.552823
vt 0.785715 0.542371
vt 0.862599 0.548149
vt 0.864572 0.540754
vt 0.049511 0.633580
vt 0.047466 0.640255
vt 0.041090 0.630953
vt 0.303462 0.596594
vt 0.309878 0.602067
vt 0.060684 0.658894
vt 0.060564 0.666978
vt 0.056449 0.647176
vt 0.060599 0.766410
vt 0.048734 0.771228
vt 0.017209 0.718865
vt 0.051787 0.680011
vt 0.019208 0.676132
vt 0.048584 0.654375
vt 0.063997 0.793144
vt 0.547695 0.872978
vt 0.400983 0.952554
vt 0.395069 0.934290
vt 0.401637 0.929230
vt 0.834679 0.503472
vt 0.866564 0.212954
vt 0.654103 0.428279
vt 0.664388 0.404596
vt 0.664069 0.431458
vt 0.654985 0.463505
vt 0.654073 0.442506
vt 0.659119 0.469443
vt 0.501456 0.052145
vt 0.478922 0.068109
vt 0.449328 0.103888
vt 0.843951 0.513615
vt 0.851316 0.517080
vt 0.851005 0.506716
vt 0.812392 0.227998
vt 0.806906 0.257023
vt 0.802217 0.225065
vt 0.811722 0.192353
vt 0.800444 0.190482
vt 0.818729 0.012653
vt 0.814656 0.039611
vt 0.813718 0.013374
vt 0.862239 0.210160
vt 0.858371 0.216711
vt 0.793698 0.222380
vt 0.792008 0.188335
vt 0.784299 0.244967
vt 0.346460 0.962220
vt 0.441317 0.139639
vt 0.429682 0.150845
vt 0.428095 0.159175
vt 0.836689 0.468686
vt 0.828440 0.480060
vt 0.827839 0.468835
vt 0.704591 0.593308
vt 0.706691 0.593607
vt 0.704215 0.597634
vt 0.615732 0.872963
vt 0.616116 0.878783
vt 0.620271 0.876318
vt 0.264365 0.036859
vt 0.264678 0.032423
vt 0.268449 0.033094
vt 0.610428 0.895380
vt 0.798087 0.529686
vt 0.787286 0.532860
vt 0.800117 0.526006
vt 0.752766 0.472211
vt 0.818445 0.070078
vt 0.819247 0.124194
vt 0.814103 0.156769
vt 0.811104 0.095284
vt 0.808910 0.071338
vt 0.823503 0.039498
vt 0.395068 0.915987
vt 0.399945 0.919240
vt 0.402322 0.911018
vt 0.401992 0.885193
vt 0.404640 0.916172
vt 0.742552 0.556020
vt 0.685715 0.025845
vt 0.685996 0.009269
vt 0.691572 0.016083
vt 0.738424 0.471204
vt 0.730788 0.470023
vt 0.687379 0.067487
vt 0.726970 0.434906
vt 0.726539 0.352796
vt 0.726589 0.404084
vt 0.362566 0.311288
vt 0.439633 0.408388
vt 0.409054 0.376374
vt 0.724376 0.222111
vt 0.733715 0.282590
vt 0.725021 0.284072
vt 0.600690 0.558070
vt 0.614792 0.593975
vt 0.349899 0.313382
vt 0.341309 0.295291
vt 0.767629 0.219007
vt 0.330310 0.270798
vt 0.354712 0.283498
vt 0.701094 0.420643
vt 0.711205 0.402811
vt 0.711795 0.383601
vt 0.295587 0.776470
vt 0.303920 0.758226
vt 0.302373 0.770177
vt 0.662528 0.902916
vt 0.660470 0.898026
vt 0.663486 0.900374
vt 0.636560 0.954458
vt 0.638261 0.943115
vt 0.640445 0.958222
vt 0.856768 0.311706
vt 0.860773 0.317804
vt 0.861281 0.323941
vt 0.660197 0.887660
vt 0.663412 0.888350
vt 0.640725 0.943056
vt 0.639998 0.916197
vt 0.641699 0.926700
vt 0.854119 0.328452
vt 0.858123 0.332563
vt 0.857940 0.337916
vt 0.848497 0.310903
vt 0.295808 0.787679
vt 0.296553 0.782292
vt 0.301121 0.779293
vt 0.394719 0.869458
vt 0.394726 0.877051
vt 0.392843 0.875589
vt 0.393089 0.882721
vt 0.394654 0.889779
vt 0.392798 0.895787
vt 0.940134 0.478482
vt 0.941724 0.485077
vt 0.938402 0.484871
vt 0.936862 0.478366
vt 0.290195 0.784525
vt 0.291103 0.788515
vt 0.862975 0.335834
vt 0.861265 0.351477
vt 0.855486 0.362706
vt 0.668264 0.877042
vt 0.667668 0.885901
vt 0.635853 0.967910
vt 0.637826 0.962109
vt 0.640580 0.970448
vt 0.286668 0.786602
vt 0.286991 0.782566
vt 0.300530 0.755566
vt 0.302694 0.749766
vt 0.287399 0.776475
vt 0.292331 0.775133
vt 0.284395 0.784964
vt 0.284078 0.781705
vt 0.299705 0.740448
vt 0.293849 0.722879
vt 0.301575 0.740541
vt 0.300640 0.749322
vt 0.664428 0.876573
vt 0.668571 0.868809
vt 0.855428 0.318766
vt 0.936885 0.460513
vt 0.940574 0.455126
vt 0.940943 0.460853
vt 0.857322 0.350532
vt 0.942252 0.490325
vt 0.938267 0.489824
vt 0.944429 0.455925
vt 0.944383 0.461240
vt 0.943339 0.478366
vt 0.635504 0.961382
vt 0.636351 0.942266
vt 0.637616 0.920120
vt 0.294619 0.765424
vt 0.298114 0.761838
vt 0.946348 0.461453
vt 0.446553 0.926560
vt 0.444726 0.927576
vt 0.445070 0.924718
vt 0.307243 0.751426
vt 0.305767 0.767370
vt 0.671701 0.883943
vt 0.672928 0.875816
vt 0.934729 0.688585
vt 0.938371 0.685443
vt 0.938613 0.692897
vt 0.939685 0.704787
vt 0.934558 0.698315
vt 0.295593 0.722777
vt 0.270531 0.664305
vt 0.293796 0.709928
vt 0.273301 0.667499
vt 0.060955 0.860430
vt 0.058929 0.851264
vt 0.061676 0.843587
vt 0.060701 0.887493
vt 0.058738 0.867684
vt 0.850867 0.367800
vt 0.669477 0.900617
vt 0.667796 0.905566
vt 0.667301 0.899978
vt 0.936051 0.485322
vt 0.935170 0.480206
vt 0.665528 0.894321
vt 0.670827 0.892992
vt 0.641873 0.951249
vt 0.642391 0.965718
vt 0.273098 0.656889
vt 0.274439 0.658903
vt 0.826189 0.427937
vt 0.829706 0.414930
vt 0.394756 0.948568
vt 0.392120 0.946612
vt 0.638202 0.873340
vt 0.641579 0.873234
vt 0.850141 0.380516
vt 0.833033 0.418643
vt 0.829320 0.423975
vt 0.272737 0.674701
vt 0.825327 0.424770
vt 0.828231 0.431246
vt 0.832065 0.437479
vt 0.826712 0.432809
vt 0.824831 0.429232
vt 0.272978 0.662768
vt 0.273866 0.666596
vt 0.275056 0.659168
vt 0.262092 0.921500
vt 0.262498 0.925285
vt 0.259896 0.925652
vt 0.779676 0.921315
vt 0.779676 0.925186
vt 0.776100 0.925162
vt 0.393485 0.956003
vt 0.393378 0.960023
vt 0.389789 0.955950
vt 0.258420 0.921647
vt 0.390272 0.947043
vt 0.389249 0.946985
vt 0.777648 0.930741
vt 0.775682 0.931016
vt 0.268284 0.662063
vt 0.270014 0.658408
vt 0.268825 0.666580
vt 0.829816 0.428515
vt 0.831558 0.432475
vt 0.259286 0.967965
vt 0.259156 0.958017
vt 0.260568 0.957719
vt 0.861882 0.457777
vt 0.859706 0.457778
vt 0.855637 0.453877
vt 0.856594 0.453349
vt 0.847578 0.449038
vt 0.299900 0.638162
vt 0.780637 0.952945
vt 0.779808 0.966595
vt 0.779462 0.957625
vt 0.780677 0.932524
vt 0.778986 0.941917
vt 0.778462 0.965865
vt 0.777010 0.942090
vt 0.257922 0.925151
vt 0.283052 0.647127
vt 0.302002 0.633906
vt 0.296535 0.638345
vt 0.255100 0.776190
vt 0.263628 0.758344
vt 0.261987 0.770150
vt 0.325607 0.914229
vt 0.322298 0.916175
vt 0.322050 0.909751
vt 0.326430 0.904047
vt 0.324784 0.918183
vt 0.322400 0.897632
vt 0.979120 0.447421
vt 0.977618 0.457514
vt 0.975707 0.447203
vt 0.329827 0.903418
vt 0.327380 0.891441
vt 0.330580 0.891723
vt 0.975169 0.457714
vt 0.976303 0.482256
vt 0.974785 0.479372
vt 0.137141 0.648981
vt 0.141573 0.663934
vt 0.138293 0.658489
vt 0.142802 0.675863
vt 0.141391 0.671195
vt 0.255410 0.787808
vt 0.256073 0.782110
vt 0.260735 0.779387
vt 0.352692 0.879567
vt 0.353494 0.874200
vt 0.355067 0.874738
vt 0.689255 0.917494
vt 0.690884 0.923737
vt 0.688976 0.929361
vt 0.354091 0.892386
vt 0.352991 0.885415
vt 0.356239 0.885822
vt 0.357396 0.892928
vt 0.249698 0.784277
vt 0.250655 0.788485
vt 0.145771 0.669049
vt 0.145266 0.681151
vt 0.139500 0.692381
vt 0.323129 0.882064
vt 0.324990 0.875576
vt 0.324748 0.884944
vt 0.245463 0.785953
vt 0.246546 0.782439
vt 0.260409 0.755908
vt 0.262489 0.750047
vt 0.247631 0.776874
vt 0.251880 0.774933
vt 0.718075 0.509628
vt 0.718207 0.512601
vt 0.717590 0.513001
vt 0.259530 0.740872
vt 0.253537 0.723130
vt 0.261402 0.740800
vt 0.356544 0.880259
vt 0.358193 0.874884
vt 0.359400 0.880099
vt 0.320684 0.891677
vt 0.319247 0.904357
vt 0.141606 0.650447
vt 0.351867 0.910249
vt 0.350491 0.891919
vt 0.980075 0.441496
vt 0.977905 0.440831
vt 0.979580 0.458428
vt 0.978630 0.478617
vt 0.359548 0.910282
vt 0.360012 0.892544
vt 0.267163 0.751827
vt 0.265652 0.767696
vt 0.328426 0.879201
vt 0.131784 0.639744
vt 0.131127 0.631935
vt 0.135662 0.638627
vt 0.255443 0.722853
vt 0.230408 0.663601
vt 0.253688 0.709964
vt 0.233186 0.666872
vt 0.140534 0.641444
vt 0.145721 0.653184
vt 0.147769 0.663012
vt 0.134911 0.632756
vt 0.140515 0.680105
vt 0.332221 0.904474
vt 0.329364 0.914319
vt 0.328469 0.918268
vt 0.332188 0.914936
vt 0.359444 0.885710
vt 0.351306 0.884981
vt 0.129025 0.642602
vt 0.127406 0.644070
vt 0.143426 0.689703
vt 0.136166 0.706222
vt 0.233035 0.656234
vt 0.234348 0.658244
vt 0.110098 0.758088
vt 0.112382 0.747753
vt 0.690214 0.977197
vt 0.688185 0.976115
vt 0.978869 0.522003
vt 0.975537 0.522206
vt 0.114593 0.754395
vt 0.113232 0.754104
vt 0.232592 0.674187
vt 0.109137 0.755034
vt 0.112147 0.761386
vt 0.115626 0.767849
vt 0.110380 0.763124
vt 0.108629 0.759525
vt 0.232926 0.662166
vt 0.234053 0.666059
vt 0.235124 0.658627
vt 0.958909 0.481931
vt 0.959388 0.485834
vt 0.956900 0.486118
vt 0.858204 0.507560
vt 0.858176 0.503453
vt 0.861796 0.503511
vt 0.858236 0.511354
vt 0.861592 0.511320
vt 0.955166 0.482064
vt 0.686366 0.976363
vt 0.685991 0.984389
vt 0.685513 0.976199
vt 0.860258 0.498009
vt 0.862444 0.496729
vt 0.228537 0.661520
vt 0.230207 0.657881
vt 0.228740 0.666021
vt 0.113673 0.758799
vt 0.115049 0.762518
vt 0.958524 0.522638
vt 0.957658 0.516726
vt 0.959175 0.516353
vt 0.267646 0.630822
vt 0.257804 0.636938
vt 0.257852 0.636379
vt 0.860314 0.464224
vt 0.861344 0.470135
vt 0.859792 0.472951
vt 0.144252 0.787091
vt 0.143519 0.788006
vt 0.139599 0.783927
vt 0.957156 0.520617
vt 0.131378 0.779186
vt 0.260366 0.637645
vt 0.134108 0.782196
vt 0.857733 0.496495
vt 0.859424 0.487468
vt 0.861452 0.487420
vt 0.954735 0.485867
vt 0.247569 0.643492
vt 0.900150 0.013147
vt 0.889502 0.030145
vt 0.892599 0.018499
vt 0.680381 0.902916
vt 0.678323 0.898026
vt 0.681339 0.900374
vt 0.710570 0.892475
vt 0.712271 0.881132
vt 0.714455 0.896239
vt 0.903553 0.486514
vt 0.898761 0.481012
vt 0.897430 0.475000
vt 0.678050 0.887660
vt 0.681265 0.888350
vt 0.714736 0.881073
vt 0.714011 0.854214
vt 0.715711 0.864717
vt 0.903917 0.469564
vt 0.899396 0.466031
vt 0.898855 0.460702
vt 0.911856 0.486194
vt 0.901397 0.002006
vt 0.899954 0.007249
vt 0.895033 0.009625
vt 0.381467 0.869458
vt 0.381476 0.877051
vt 0.379592 0.875589
vt 0.379839 0.882721
vt 0.381405 0.889779
vt 0.379550 0.895787
vt 0.521166 0.933275
vt 0.522755 0.939869
vt 0.519433 0.939663
vt 0.517893 0.933158
vt 0.906549 0.005866
vt 0.906171 0.001793
vt 0.894147 0.463445
vt 0.893731 0.447714
vt 0.897941 0.435808
vt 0.686117 0.877042
vt 0.685521 0.885901
vt 0.709862 0.905927
vt 0.711835 0.900127
vt 0.714589 0.908466
vt 0.910318 0.004269
vt 0.909469 0.008228
vt 0.892515 0.033225
vt 0.889611 0.038692
vt 0.908268 0.014213
vt 0.903203 0.014899
vt 0.912392 0.006223
vt 0.912244 0.009463
vt 0.891128 0.046017
vt 0.891731 0.053734
vt 0.889481 0.047959
vt 0.891590 0.039401
vt 0.682281 0.876573
vt 0.686424 0.868809
vt 0.903927 0.479338
vt 0.517917 0.915305
vt 0.521605 0.909919
vt 0.521974 0.915646
vt 0.897765 0.448118
vt 0.523284 0.945118
vt 0.519298 0.944617
vt 0.525460 0.910718
vt 0.525414 0.916032
vt 0.524370 0.933159
vt 0.709513 0.899399
vt 0.710361 0.880283
vt 0.711628 0.858137
vt 0.899665 0.024226
vt 0.895731 0.027323
vt 0.527380 0.916245
vt 0.930962 0.703756
vt 0.929135 0.704773
vt 0.929478 0.701915
vt 0.885318 0.036452
vt 0.888868 0.020838
vt 0.689554 0.883943
vt 0.690781 0.875816
vt 0.893122 0.066378
vt 0.910978 0.130642
vt 0.893222 0.079352
vt 0.908006 0.124091
vt 0.181559 0.754126
vt 0.182844 0.748193
vt 0.184857 0.754930
vt 0.901831 0.430137
vt 0.687329 0.900617
vt 0.685649 0.905566
vt 0.685154 0.899978
vt 0.517082 0.940114
vt 0.516201 0.934999
vt 0.683381 0.894322
vt 0.688680 0.892992
vt 0.715883 0.889267
vt 0.716400 0.903736
vt 0.908367 0.132255
vt 0.381090 0.953993
vt 0.378881 0.946412
vt 0.713921 0.811522
vt 0.716360 0.811201
vt 0.894864 0.066506
vt 0.910051 0.116660
vt 0.900835 0.417440
vt 0.914399 0.371634
vt 0.915955 0.372039
vt 0.910438 0.123119
vt 0.918173 0.368784
vt 0.919505 0.370136
vt 0.919747 0.364905
vt 0.907826 0.129621
vt 0.907230 0.125023
vt 0.917594 0.358200
vt 0.918342 0.358111
vt 0.378878 0.956434
vt 0.711526 0.811334
vt 0.712503 0.806315
vt 0.371845 0.920153
vt 0.373338 0.925639
vt 0.371024 0.925694
vt 0.377773 0.961093
vt 0.376541 0.956073
vt 0.716161 0.806141
vt 0.915337 0.366149
vt 0.913736 0.360953
vt 0.914620 0.360716
vt 0.912904 0.131070
vt 0.911183 0.137214
vt 0.912299 0.125681
vt 0.716973 0.967907
vt 0.715973 0.953286
vt 0.716752 0.956420
vt 0.892450 0.188382
vt 0.893718 0.178600
vt 0.893895 0.180580
vt 0.712017 0.759568
vt 0.713025 0.761829
vt 0.713035 0.767581
vt 0.903658 0.323487
vt 0.898411 0.309045
vt 0.901937 0.315932
vt 0.374396 0.968156
vt 0.714522 0.916333
vt 0.373308 0.973782
vt 0.371065 0.961931
vt 0.369577 0.925635
vt 0.879764 0.314051
vt 0.869100 0.331026
vt 0.872205 0.319384
vt 0.648154 0.933549
vt 0.646429 0.929930
vt 0.649937 0.931465
vt 0.647284 0.883260
vt 0.647904 0.873581
vt 0.651378 0.886395
vt 0.655726 0.920012
vt 0.653837 0.912723
vt 0.655221 0.906829
vt 0.643417 0.919427
vt 0.646826 0.919908
vt 0.650170 0.875971
vt 0.900267 0.694350
vt 0.895733 0.690831
vt 0.895166 0.685480
vt 0.908145 0.711080
vt 0.881002 0.302870
vt 0.879567 0.308140
vt 0.874637 0.310495
vt 0.701714 0.909970
vt 0.701004 0.917628
vt 0.699271 0.915530
vt 0.367905 0.920571
vt 0.369263 0.926117
vt 0.367594 0.931383
vt 0.699141 0.897190
vt 0.700888 0.903992
vt 0.697573 0.903939
vt 0.695838 0.896892
vt 0.886164 0.306764
vt 0.886448 0.303259
vt 0.890560 0.688197
vt 0.890106 0.672427
vt 0.895184 0.657059
vt 0.648807 0.906621
vt 0.650344 0.916390
vt 0.647247 0.896792
vt 0.648986 0.889904
vt 0.652075 0.899431
vt 0.890959 0.306118
vt 0.889080 0.309119
vt 0.872014 0.334042
vt 0.869202 0.339567
vt 0.887870 0.315091
vt 0.882814 0.315799
vt 0.891844 0.310331
vt 0.870995 0.349200
vt 0.874659 0.367404
vt 0.869103 0.348868
vt 0.697630 0.909699
vt 0.696118 0.917451
vt 0.694893 0.909978
vt 0.644891 0.906647
vt 0.900233 0.704206
vt 0.894136 0.672825
vt 0.699529 0.879541
vt 0.702930 0.874020
vt 0.703023 0.879628
vt 0.702307 0.896708
vt 0.646581 0.890131
vt 0.135312 0.972393
vt 0.136110 0.958677
vt 0.137001 0.978345
vt 0.879259 0.325094
vt 0.875193 0.328106
vt 0.704918 0.879269
vt 0.702266 0.871260
vt 0.705457 0.873659
vt 0.864907 0.337315
vt 0.868587 0.321770
vt 0.422646 0.873859
vt 0.425045 0.878998
vt 0.421912 0.878506
vt 0.423134 0.885342
vt 0.428071 0.884993
vt 0.421722 0.903097
vt 0.426167 0.902227
vt 0.893784 0.699818
vt 0.180571 0.741581
vt 0.178651 0.734054
vt 0.181798 0.739126
vt 0.425842 0.874055
vt 0.426452 0.869477
vt 0.428040 0.873501
vt 0.872387 0.571739
vt 0.868828 0.566435
vt 0.873505 0.566646
vt 0.871106 0.564006
vt 0.898230 0.654774
vt 0.686585 0.626567
vt 0.686516 0.629700
vt 0.685554 0.626603
vt 0.695076 0.904077
vt 0.693590 0.897297
vt 0.653567 0.929801
vt 0.650350 0.925390
vt 0.140632 0.980519
vt 0.139501 0.976529
vt 0.140533 0.964614
vt 0.888770 0.679532
vt 0.872728 0.380303
vt 0.886555 0.425123
vt 0.878288 0.399572
vt 0.368100 0.981089
vt 0.366932 0.974164
vt 0.138630 0.954875
vt 0.137302 0.918596
vt 0.139339 0.918117
vt 0.895444 0.648581
vt 0.909006 0.601774
vt 0.911680 0.596063
vt 0.889780 0.417892
vt 0.872710 0.367290
vt 0.915575 0.591763
vt 0.890101 0.431807
vt 0.887249 0.432571
vt 0.873883 0.980469
vt 0.870636 0.979243
vt 0.873557 0.975362
vt 0.365142 0.982104
vt 0.364548 0.974483
vt 0.683917 0.911045
vt 0.682811 0.915417
vt 0.681141 0.910633
vt 0.680146 0.921865
vt 0.679655 0.915009
vt 0.875465 0.974933
vt 0.911198 0.590743
vt 0.912795 0.590239
vt 0.891956 0.426712
vt 0.892263 0.431992
vt 0.889715 0.424811
vt 0.910564 0.585004
vt 0.912142 0.583592
vt 0.889498 0.439564
vt 0.684813 0.982008
vt 0.684028 0.976135
vt 0.685092 0.963756
vt 0.685427 0.966284
vt 0.877956 0.472734
vt 0.871019 0.489614
vt 0.883771 0.450264
vt 0.872429 0.489128
vt 0.897553 0.539732
vt 0.871046 0.959323
vt 0.874162 0.923561
vt 0.683171 0.958021
vt 0.875433 0.930150
vt 0.875761 0.922615
vt 0.885167 0.455014
vt 0.878936 0.472485
vt 0.895216 0.534188
vt 0.906354 0.713712
vt 0.899979 0.711292
vt 0.861678 0.292753
vt 0.864241 0.291677
vt 0.863462 0.297228
vt 0.912070 0.707612
vt 0.914156 0.712622
vt 0.637549 0.627006
vt 0.636014 0.625220
vt 0.639710 0.621788
vt 0.439243 0.894059
vt 0.442181 0.881103
vt 0.441930 0.890558
vt 0.634801 0.621014
vt 0.632989 0.618838
vt 0.910053 0.488824
vt 0.688754 0.902093
vt 0.691316 0.901017
vt 0.690478 0.906721
vt 0.915128 0.482331
vt 0.917486 0.487961
vt 0.919439 0.488414
vt 0.658539 0.625140
vt 0.656570 0.623317
vt 0.659465 0.619236
vt 0.683148 0.907032
vt 0.925174 0.703582
vt 0.921357 0.691392
vt 0.924387 0.694914
vt 0.850638 0.308540
vt 0.670901 0.902093
vt 0.673463 0.901017
vt 0.672626 0.906720
vt 0.844733 0.314289
vt 0.844611 0.309579
vt 0.436949 0.914195
vt 0.435088 0.927051
vt 0.435057 0.917607
vt 0.440210 0.926922
vt 0.441408 0.924562
vt 0.443060 0.924930
vt 0.186772 0.744774
vt 0.174041 0.708740
vt 0.183609 0.731357
vt 0.939103 0.715576
vt 0.935897 0.710245
vt 0.936361 0.718497
vt 0.058830 0.837556
vt 0.062193 0.831331
vt 0.867296 0.570745
vt 0.872482 0.578639
vt 0.878392 0.576204
vt 0.881168 0.627211
vt 0.887250 0.606283
vt 0.884877 0.618126
vt 0.873765 0.642678
vt 0.884688 0.597189
vt 0.883196 0.602686
vt 0.880430 0.593863
vt 0.867441 0.576231
vt 0.864599 0.571822
vt 0.442017 0.904032
vt 0.443859 0.907036
vt 0.440685 0.905531
vt 0.383666 0.935243
vt 0.383799 0.952868
vt 0.381991 0.953361
vt 0.384253 0.960660
vt 0.382285 0.961296
vt 0.933230 0.709724
vt 0.931911 0.698007
vt 0.418730 0.907396
vt 0.418800 0.902236
vt 0.422071 0.909224
vt 0.425376 0.909555
vt 0.428583 0.878467
vt 0.429228 0.907012
vt 0.057538 0.844271
vt 0.880590 0.597192
vt 0.431566 0.902359
vt 0.431453 0.908758
vt 0.885223 0.585129
vt 0.881264 0.573462
vt 0.386803 0.947831
vt 0.853689 0.684518
vt 0.876141 0.629534
vt 0.942125 0.688247
vt 0.944547 0.686457
vt 0.944607 0.692330
vt 0.940961 0.684240
vt 0.943559 0.683969
vt 0.420053 0.884504
vt 0.942330 0.698011
vt 0.430567 0.885079
vt 0.063733 0.844118
vt 0.062806 0.858475
vt 0.062887 0.882686
vt 0.853335 0.689283
vt 0.851175 0.687815
vt 0.853156 0.693389
vt 0.173927 0.721834
vt 0.152516 0.673693
vt 0.175789 0.721406
vt 0.060278 0.929896
vt 0.058594 0.883801
vt 0.065349 0.929888
vt 0.064082 0.882936
vt 0.383172 0.882693
vt 0.381926 0.935375
vt 0.152489 0.666530
vt 0.178995 0.637567
vt 0.154797 0.657848
vt 0.158691 0.651116
vt 0.149223 0.665384
vt 0.151252 0.661157
vt 0.151330 0.657489
vt 0.148486 0.660928
vt 0.854806 0.684952
vt 0.773168 0.961866
vt 0.775107 0.967119
vt 0.772597 0.967673
vt 0.962871 0.479821
vt 0.960778 0.483255
vt 0.960501 0.479334
vt 0.385906 0.873442
vt 0.387123 0.869583
vt 0.387923 0.873853
vt 0.062031 0.933525
vt 0.062852 0.929152
vt 0.963893 0.483162
vt 0.963241 0.488174
vt 0.774413 0.971233
vt 0.770601 0.971364
vt 0.965405 0.479428
vt 0.383855 0.869614
vt 0.383142 0.873856
vt 0.064792 0.933845
vt 0.153538 0.661600
vt 0.965132 0.522124
vt 0.964335 0.519894
vt 0.965351 0.515558
vt 0.185965 0.633041
vt 0.180738 0.637168
vt 0.773312 0.931651
vt 0.773562 0.921191
vt 0.774412 0.932303
vt 0.178114 0.636853
vt 0.775180 0.957434
vt 0.773605 0.951866
vt 0.771081 0.950205
vt 0.769839 0.966444
vt 0.965547 0.483159
vt 0.865878 0.704659
vt 0.882860 0.717483
vt 0.863724 0.704514
vt 0.851549 0.694154
vt 0.343660 0.914251
vt 0.339865 0.917200
vt 0.340023 0.909953
vt 0.339980 0.900948
vt 0.344096 0.904331
vt 0.333492 0.904336
vt 0.334898 0.891677
vt 0.336277 0.904262
vt 0.972889 0.470787
vt 0.970342 0.478985
vt 0.970448 0.458185
vt 0.972409 0.449979
vt 0.970022 0.443632
vt 0.211611 0.775307
vt 0.222196 0.758820
vt 0.217748 0.771955
vt 0.217922 0.762275
vt 0.220601 0.755908
vt 0.222681 0.750047
vt 0.220355 0.743142
vt 0.218438 0.735504
vt 0.221629 0.740819
vt 0.371640 0.880313
vt 0.372055 0.874897
vt 0.373475 0.880099
vt 0.368341 0.880047
vt 0.370316 0.885822
vt 0.367083 0.885419
vt 0.367951 0.892511
vt 0.371938 0.892582
vt 0.365850 0.910420
vt 0.369514 0.910620
vt 0.091504 0.640142
vt 0.087977 0.634607
vt 0.092632 0.634886
vt 0.091382 0.631498
vt 0.224554 0.746926
vt 0.213880 0.709964
vt 0.220511 0.725375
vt 0.224300 0.734630
vt 0.341989 0.882000
vt 0.342748 0.891458
vt 0.338530 0.891414
vt 0.086458 0.638942
vt 0.091641 0.646958
vt 0.097522 0.644609
vt 0.093134 0.711518
vt 0.106594 0.674560
vt 0.103571 0.688318
vt 0.103925 0.665556
vt 0.102471 0.670994
vt 0.099731 0.662096
vt 0.086861 0.643736
vt 0.083447 0.638112
vt 0.083939 0.635788
vt 0.713420 0.930241
vt 0.712348 0.914526
vt 0.713953 0.913971
vt 0.368717 0.874620
vt 0.366566 0.879490
vt 0.344805 0.891729
vt 0.346540 0.904363
vt 0.362599 0.916712
vt 0.362486 0.909812
vt 0.365682 0.917067
vt 0.369109 0.917322
vt 0.373519 0.885710
vt 0.374085 0.892546
vt 0.373369 0.909899
vt 0.372146 0.917522
vt 0.968814 0.456608
vt 0.968227 0.447655
vt 0.365167 0.886688
vt 0.361197 0.906058
vt 0.207037 0.781998
vt 0.204149 0.781445
vt 0.207255 0.777271
vt 0.104534 0.653344
vt 0.100503 0.641601
vt 0.212339 0.780605
vt 0.208530 0.786261
vt 0.205388 0.785258
vt 0.711208 0.930403
vt 0.709334 0.918763
vt 0.213294 0.785975
vt 0.072874 0.754383
vt 0.095479 0.698202
vt 0.218446 0.778176
vt 0.224792 0.767516
vt 0.220944 0.779372
vt 0.498288 0.943705
vt 0.500219 0.946166
vt 0.498182 0.946408
vt 0.494075 0.943654
vt 0.495388 0.940585
vt 0.492229 0.939460
vt 0.495757 0.936291
vt 0.492640 0.936215
vt 0.494319 0.933406
vt 0.499161 0.933667
vt 0.496975 0.931518
vt 0.499619 0.931096
vt 0.503344 0.934458
vt 0.501407 0.931462
vt 0.503296 0.931599
vt 0.505383 0.933271
vt 0.505528 0.938138
vt 0.506317 0.934841
vt 0.507104 0.935928
vt 0.208088 0.789970
vt 0.211969 0.789663
vt 0.503295 0.942958
vt 0.506815 0.941920
vt 0.504803 0.944668
vt 0.503185 0.945432
vt 0.501993 0.946148
vt 0.336189 0.914192
vt 0.336602 0.918048
vt 0.973878 0.444008
vt 0.972142 0.440848
vt 0.072313 0.760393
vt 0.071359 0.753363
vt 0.213697 0.723128
vt 0.189527 0.666959
vt 0.215635 0.722853
vt 0.710719 0.978557
vt 0.708843 0.929955
vt 0.971852 0.521844
vt 0.713338 0.977942
vt 0.973777 0.479054
vt 0.974003 0.522358
vt 0.072613 0.746821
vt 0.093980 0.698101
vt 0.193744 0.666829
vt 0.191179 0.661867
vt 0.191520 0.667615
vt 0.830688 0.972237
vt 0.833045 0.968267
vt 0.832858 0.972005
vt 0.830258 0.964276
vt 0.830342 0.968460
vt 0.831376 0.958740
vt 0.833267 0.963194
vt 0.949825 0.482084
vt 0.949277 0.479194
vt 0.950250 0.479337
vt 0.828321 0.968124
vt 0.828611 0.971935
vt 0.973424 0.525704
vt 0.828138 0.963996
vt 0.829206 0.955641
vt 0.195140 0.658539
vt 0.193433 0.662217
vt 0.071269 0.763182
vt 0.068827 0.759493
vt 0.069094 0.755042
vt 0.952165 0.516926
vt 0.952444 0.526307
vt 0.951178 0.516362
vt 0.103690 0.786753
vt 0.103598 0.787967
vt 0.088805 0.777130
vt 0.217866 0.637077
vt 0.192820 0.657848
vt 0.191344 0.657143
vt 0.075580 0.762717
vt 0.200586 0.648946
vt 0.950282 0.490396
vt 0.948650 0.485849
vt 0.832632 0.947904
vt 0.950739 0.485677
vt 0.830768 0.930926
vt 0.953552 0.485881
vt 0.098076 0.784612
vt 0.077292 0.769359
vt 0.555872 0.913741
vt 0.559514 0.910599
vt 0.559756 0.918053
vt 0.559937 0.926690
vt 0.555702 0.923470
vt 0.712141 0.616530
vt 0.710502 0.606088
vt 0.713573 0.605879
vt 0.712374 0.656025
vt 0.710355 0.630249
vt 0.712629 0.628962
vt 0.716709 0.600786
vt 0.715287 0.595301
vt 0.913034 0.751179
vt 0.909384 0.759676
vt 0.908366 0.752719
vt 0.412231 0.874055
vt 0.412840 0.869477
vt 0.414429 0.873501
vt 0.410222 0.878925
vt 0.413534 0.878823
vt 0.408111 0.903097
vt 0.409523 0.885342
vt 0.412556 0.902227
vt 0.896789 0.905205
vt 0.901027 0.909984
vt 0.896364 0.910401
vt 0.899094 0.912697
vt 0.905004 0.762492
vt 0.912397 0.799987
vt 0.906196 0.776226
vt 0.557504 0.943653
vt 0.557040 0.935401
vt 0.561250 0.935271
vt 0.901968 0.905508
vt 0.895770 0.898380
vt 0.890240 0.901584
vt 0.885918 0.835090
vt 0.879700 0.873274
vt 0.879318 0.856573
vt 0.883694 0.884783
vt 0.881931 0.875985
vt 0.884753 0.881404
vt 0.901088 0.900091
vt 0.904496 0.904079
vt 0.926425 0.681229
vt 0.928267 0.684232
vt 0.925093 0.682728
vt 0.265703 0.802469
vt 0.265361 0.795121
vt 0.267355 0.794567
vt 0.554373 0.934880
vt 0.553054 0.923163
vt 0.405119 0.907396
vt 0.405189 0.902236
vt 0.408460 0.909224
vt 0.411765 0.909555
vt 0.415617 0.907012
vt 0.709211 0.612803
vt 0.888651 0.887212
vt 0.418176 0.906407
vt 0.417580 0.909555
vt 0.415823 0.910647
vt 0.417732 0.899468
vt 0.882275 0.893655
vt 0.887761 0.904687
vt 0.263450 0.808037
vt 0.262199 0.801647
vt 0.563474 0.923166
vt 0.900618 0.785670
vt 0.885325 0.848433
vt 0.563268 0.913403
vt 0.565690 0.911613
vt 0.565750 0.917486
vt 0.562105 0.909396
vt 0.564703 0.909125
vt 0.407795 0.878353
vt 0.406442 0.884504
vt 0.409035 0.873859
vt 0.414460 0.884993
vt 0.416216 0.881223
vt 0.715405 0.612650
vt 0.714479 0.627007
vt 0.714561 0.651218
vt 0.914400 0.787047
vt 0.928602 0.837660
vt 0.912496 0.787201
vt 0.711890 0.698268
vt 0.710268 0.652333
vt 0.262752 0.820441
vt 0.258493 0.872562
vt 0.261120 0.820474
vt 0.265607 0.820924
vt 0.260516 0.872627
vt 0.714728 0.697927
vt 0.715755 0.651468
vt 0.716981 0.698191
vt 0.263246 0.872859
vt 0.266646 0.820480
vt 0.929372 0.849242
vt 0.926017 0.844562
vt 0.928510 0.858399
vt 0.913113 0.900047
vt 0.926782 0.853901
vt 0.899828 0.785408
vt 0.899161 0.790922
vt 0.931310 0.851859
vt 0.143568 0.968710
vt 0.143810 0.972910
vt 0.142950 0.972737
vt 0.260119 0.882319
vt 0.259372 0.887075
vt 0.258126 0.881827
vt 0.713687 0.703023
vt 0.716452 0.703352
vt 0.714903 0.707321
vt 0.428204 0.941913
vt 0.428854 0.964116
vt 0.427434 0.964833
vt 0.430542 0.925288
vt 0.430467 0.911042
vt 0.431610 0.925500
vt 0.883161 0.725178
vt 0.886074 0.731760
vt 0.887029 0.734868
vt 0.885790 0.737617
vt 0.902441 0.786302
vt 0.898674 0.780011
vt 0.431810 0.949304
vt 0.430780 0.964114
vt 0.430045 0.916365
vt 0.142174 0.930493
vt 0.143179 0.923922
vt 0.141014 0.965726
vt 0.710679 0.749826
vt 0.716575 0.708077
vt 0.909066 0.907506
vt 0.903185 0.778507
vt 0.923358 0.457335
vt 0.927012 0.454401
vt 0.927231 0.461345
vt 0.927496 0.470314
vt 0.923245 0.467121
vt 0.984865 0.190606
vt 0.982539 0.182447
vt 0.984365 0.170522
vt 0.931705 0.483164
vt 0.929052 0.489918
vt 0.928994 0.480060
vt 0.852025 0.747767
vt 0.849522 0.762571
vt 0.849658 0.751107
vt 0.928369 0.499621
vt 0.926238 0.510791
vt 0.925132 0.505892
vt 0.925771 0.496798
vt 0.855989 0.754058
vt 0.853933 0.759764
vt 0.856546 0.749870
vt 0.855208 0.766609
vt 0.855777 0.774370
vt 0.853570 0.767944
vt 0.962284 0.434832
vt 0.961796 0.428964
vt 0.964327 0.434513
vt 0.958986 0.434835
vt 0.961202 0.440619
vt 0.958022 0.440527
vt 0.959306 0.447498
vt 0.964227 0.447181
vt 0.958108 0.465153
vt 0.962557 0.464102
vt 0.876003 0.185107
vt 0.880248 0.189865
vt 0.875566 0.190252
vt 0.878317 0.192525
vt 0.857957 0.800490
vt 0.850941 0.776305
vt 0.924328 0.489908
vt 0.924774 0.480111
vt 0.881222 0.185412
vt 0.875056 0.178268
vt 0.869480 0.181433
vt 0.862588 0.122010
vt 0.856933 0.152716
vt 0.857698 0.140692
vt 0.864973 0.115523
vt 0.863451 0.163502
vt 0.880419 0.179961
vt 0.884410 0.185418
vt 0.883005 0.188267
vt 0.958468 0.428931
vt 0.957272 0.434592
vt 0.922156 0.480037
vt 0.920660 0.467359
vt 0.955426 0.471869
vt 0.955112 0.464955
vt 0.958382 0.471845
vt 0.959858 0.421092
vt 0.960929 0.413326
vt 0.962031 0.422652
vt 0.959670 0.407429
vt 0.961802 0.471854
vt 0.964690 0.440430
vt 0.965612 0.469378
vt 0.923710 0.499370
vt 0.868123 0.166957
vt 0.861403 0.155782
vt 0.864710 0.160865
vt 0.968078 0.469491
vt 0.967480 0.472970
vt 0.964853 0.473047
vt 0.967604 0.462129
vt 0.861276 0.168777
vt 0.857381 0.164105
vt 0.867019 0.184454
vt 0.931046 0.467035
vt 0.860942 0.738044
vt 0.855978 0.737279
vt 0.857340 0.787209
vt 0.930789 0.457260
vt 0.933312 0.456365
vt 0.933359 0.461884
vt 0.684304 0.629673
vt 0.684175 0.627294
vt 0.685382 0.626971
vt 0.930201 0.931725
vt 0.927652 0.923159
vt 0.929072 0.916237
vt 0.956140 0.447340
vt 0.929654 0.453660
vt 0.966662 0.447787
vt 0.987527 0.157453
vt 0.986292 0.168988
vt 0.986391 0.157065
vt 0.880617 0.058435
vt 0.882598 0.067475
vt 0.880783 0.067251
vt 0.878729 0.071406
vt 0.957231 0.378929
vt 0.984443 0.230495
vt 0.930112 0.983129
vt 0.927660 0.939358
vt 0.987149 0.190674
vt 0.987098 0.230797
vt 0.930875 0.977037
vt 0.931109 0.931245
vt 0.881275 0.078008
vt 0.864963 0.128395
vt 0.872755 0.847741
vt 0.874476 0.846069
vt 0.872192 0.857476
vt 0.879216 0.063059
vt 0.874520 0.837830
vt 0.876158 0.849934
vt 0.954570 0.371177
vt 0.954738 0.366651
vt 0.956823 0.368150
vt 0.956562 0.360860
vt 0.904029 0.918743
vt 0.902445 0.923578
vt 0.901455 0.918416
vt 0.904074 0.915151
vt 0.902194 0.914887
vt 0.953651 0.360136
vt 0.952207 0.366483
vt 0.871790 0.850252
vt 0.870991 0.845672
vt 0.882340 0.058297
vt 0.884344 0.064558
vt 0.863774 0.010594
vt 0.875130 0.857264
vt 0.855060 0.908645
vt 0.902846 0.974629
vt 0.901761 0.968090
vt 0.899547 0.920204
vt 0.962621 0.325744
vt 0.903966 0.975481
vt 0.904040 0.923942
vt 0.965989 0.307165
vt 0.958218 0.338210
vt 0.954046 0.353819
vt 0.857658 0.900584
vt 0.870543 0.855858
vt 0.872697 0.036671
vt 0.862368 0.727158
vt 0.865310 0.727526
vt 0.865702 0.729587
vt 0.867364 0.731539
vt 0.870356 0.731187
vt 0.869337 0.736699
vt 0.873918 0.731463
vt 0.875305 0.727148
vt 0.444656 0.895542
vt 0.447332 0.894852
vt 0.447012 0.898020
vt 0.441351 0.899651
vt 0.443911 0.901881
vt 0.439569 0.903433
vt 0.436098 0.899383
vt 0.436366 0.902829
vt 0.433706 0.901008
vt 0.959969 0.475308
vt 0.436500 0.890948
vt 0.436734 0.881416
vt 0.442853 0.889000
vt 0.443755 0.889367
vt 0.446554 0.892303
vt 0.917993 0.727012
vt 0.920966 0.727430
vt 0.921515 0.728524
vt 0.911519 0.737105
vt 0.916506 0.737928
vt 0.922979 0.731454
vt 0.925832 0.731489
vt 0.924915 0.736665
vt 0.929543 0.731467
vt 0.930968 0.727200
vt 0.558601 0.906927
vt 0.556216 0.909600
vt 0.555589 0.906687
vt 0.553365 0.909466
vt 0.919694 0.685732
vt 0.918428 0.683259
vt 0.922028 0.682015
vt 0.924715 0.686179
vt 0.926854 0.689911
vt 0.930054 0.687085
vt 0.929988 0.690583
vt 0.926025 0.696560
vt 0.919251 0.694477
vt 0.919695 0.703958
vt 0.691711 0.910425
vt 0.691348 0.907040
vt 0.179043 0.781758
vt 0.176042 0.781774
vt 0.175340 0.780770
vt 0.183993 0.770836
vt 0.178939 0.770742
vt 0.173469 0.778083
vt 0.170640 0.778461
vt 0.179033 0.761030
vt 0.169164 0.775456
vt 0.936326 0.681681
vt 0.935072 0.684444
vt 0.932222 0.684310
vt 0.436286 0.907875
vt 0.434020 0.906062
vt 0.437619 0.904819
vt 0.440306 0.908982
vt 0.442445 0.912714
vt 0.445646 0.909889
vt 0.445580 0.913387
vt 0.440223 0.917401
vt 0.673660 0.910394
vt 0.673495 0.907040
vt 0.807873 0.587857
vt 0.804724 0.593257
vt 0.780621 0.612761
vt 0.833512 0.571789
vt 0.819540 0.582499
vt 0.311802 0.842389
vt 0.311087 0.835975
vt 0.314318 0.836101
vt 0.312235 0.825519
vt 0.311024 0.802936
vt 0.312223 0.768742
vt 0.315772 0.829584
vt 0.313921 0.802103
vt 0.317312 0.830215
vt 0.308475 0.840393
vt 0.308704 0.829583
vt 0.312733 0.764293
vt 0.685126 0.851413
vt 0.678443 0.845489
vt 0.686910 0.849599
vt 0.701180 0.860200
vt 0.838599 0.567081
vt 0.828385 0.571419
vt 0.818069 0.475550
vt 0.819204 0.449116
vt 0.819696 0.475539
vt 0.818335 0.512458
vt 0.820966 0.497506
vt 0.821699 0.512837
vt 0.819108 0.488699
vt 0.822181 0.492279
vt 0.844384 0.564581
vt 0.846281 0.566471
vt 0.843501 0.568271
vt 0.675132 0.848124
vt 0.651916 0.826905
vt 0.672953 0.844093
vt 0.640467 0.817479
vt 0.623368 0.799188
vt 0.840725 0.572803
vt 0.847076 0.569682
vt 0.820971 0.583802
vt 0.806031 0.594000
vt 0.790768 0.606400
vt 0.784973 0.611198
vt 0.761347 0.635432
vt 0.767842 0.625928
vt 0.820724 0.427011
vt 0.820702 0.450103
vt 0.818954 0.517182
vt 0.814716 0.512406
vt 0.816518 0.497110
vt 0.816836 0.520116
vt 0.815804 0.516946
vt 0.310986 0.766658
vt 0.311251 0.747178
vt 0.312521 0.746673
vt 0.841784 0.575224
vt 0.826107 0.582117
vt 0.812968 0.521092
vt 0.811872 0.518793
vt 0.382013 0.819719
vt 0.369018 0.806057
vt 0.403679 0.837636
vt 0.821298 0.475931
vt 0.943091 0.277593
vt 0.941967 0.264748
vt 0.943852 0.264194
vt 0.943237 0.297034
vt 0.942203 0.288568
vt 0.943723 0.288226
vt 0.690810 0.859184
vt 0.430091 0.860887
vt 0.410593 0.844908
vt 0.435846 0.860461
vt 0.421272 0.850101
vt 0.629973 0.804783
vt 0.646458 0.820547
vt 0.317437 0.840984
vt 0.821747 0.449348
vt 0.821699 0.420906
vt 0.333402 0.942182
vt 0.335899 0.942257
vt 0.334239 0.945300
vt 0.314306 0.845540
vt 0.816941 0.488563
vt 0.313794 0.789711
vt 0.588711 0.667311
vt 0.597603 0.656487
vt 0.598762 0.657420
vt 0.187758 0.810580
vt 0.186621 0.824213
vt 0.185849 0.810183
vt 0.987349 0.433659
vt 0.987872 0.423135
vt 0.988908 0.434102
vt 0.187826 0.882842
vt 0.187877 0.906673
vt 0.186755 0.905786
vt 0.589546 0.667917
vt 0.944053 0.277520
vt 0.146504 0.811643
vt 0.146788 0.825458
vt 0.145721 0.825820
vt 0.147730 0.800005
vt 0.148072 0.811380
vt 0.321637 0.678849
vt 0.327516 0.666802
vt 0.322968 0.679429
vt 0.320614 0.692832
vt 0.323914 0.679654
vt 0.147922 0.825267
vt 0.328896 0.667646
vt 0.337666 0.656799
vt 0.338449 0.657437
vt 0.719952 0.739097
vt 0.723346 0.752352
vt 0.721618 0.752937
vt 0.727848 0.764747
vt 0.737897 0.774766
vt 0.752410 0.783206
vt 0.736941 0.775702
vt 0.721131 0.739089
vt 0.468564 0.841183
vt 0.482584 0.850216
vt 0.467516 0.841977
vt 0.523411 0.861832
vt 0.553316 0.865658
vt 0.542579 0.864966
vt 0.502029 0.857051
vt 0.481994 0.850796
vt 0.582664 0.679175
vt 0.583960 0.679667
vt 0.580162 0.696588
vt 0.581544 0.692919
vt 0.612621 0.648271
vt 0.613229 0.649173
vt 0.941782 0.278127
vt 0.941834 0.248207
vt 0.943580 0.247630
vt 0.587621 0.666879
vt 0.611911 0.647614
vt 0.188142 0.789742
vt 0.188121 0.799294
vt 0.186799 0.789358
vt 0.188168 0.824681
vt 0.187318 0.841551
vt 0.186637 0.798844
vt 0.988281 0.409956
vt 0.988831 0.393585
vt 0.989290 0.410413
vt 0.822551 0.309420
vt 0.824268 0.301090
vt 0.824010 0.309915
vt 0.986883 0.409595
vt 0.987244 0.393061
vt 0.451889 0.776037
vt 0.449092 0.791140
vt 0.450441 0.775749
vt 0.455093 0.760578
vt 0.454015 0.760199
vt 0.320888 0.722558
vt 0.320428 0.707316
vt 0.322470 0.722438
vt 0.325113 0.737976
vt 0.326409 0.737718
vt 0.734414 0.671972
vt 0.725839 0.694180
vt 0.724243 0.693857
vt 0.581140 0.722579
vt 0.578768 0.707457
vt 0.720256 0.709339
vt 0.720531 0.717801
vt 0.718402 0.724726
vt 0.461639 0.745693
vt 0.456457 0.760786
vt 0.452930 0.776033
vt 0.450585 0.791191
vt 0.451439 0.805437
vt 0.449963 0.805731
vt 0.782941 0.348793
vt 0.783494 0.334604
vt 0.784861 0.334446
vt 0.731965 0.679334
vt 0.316543 0.654286
vt 0.316355 0.641849
vt 0.317935 0.641482
vt 0.316952 0.630864
vt 0.318175 0.630681
vt 0.315279 0.683382
vt 0.315697 0.668432
vt 0.317262 0.668104
vt 0.317998 0.654090
vt 0.579016 0.692726
vt 0.989859 0.505749
vt 0.992219 0.478602
vt 0.994540 0.479100
vt 0.987428 0.531359
vt 0.989330 0.484936
vt 0.985383 0.468152
vt 0.985713 0.463658
vt 0.988066 0.464152
vt 0.534884 0.659696
vt 0.549510 0.647483
vt 0.552152 0.649183
vt 0.442787 0.866171
vt 0.442528 0.868806
vt 0.437994 0.866756
vt 0.446794 0.865388
vt 0.445127 0.868856
vt 0.793468 0.486081
vt 0.797617 0.497584
vt 0.794868 0.498011
vt 0.800236 0.512919
vt 0.797134 0.513440
vt 0.789283 0.450148
vt 0.792213 0.469627
vt 0.792885 0.476211
vt 0.645712 0.619566
vt 0.645523 0.623020
vt 0.644928 0.619410
vt 0.642927 0.627216
vt 0.647690 0.624611
vt 0.703986 0.868150
vt 0.699880 0.866167
vt 0.705568 0.865487
vt 0.809861 0.516975
vt 0.806820 0.520470
vt 0.704139 0.859144
vt 0.337683 0.938810
vt 0.339597 0.941379
vt 0.483535 0.709068
vt 0.509339 0.680450
vt 0.519984 0.671741
vt 0.543919 0.649257
vt 0.989924 0.472734
vt 0.986729 0.482652
vt 0.987052 0.472764
vt 0.438501 0.857296
vt 0.442402 0.857371
vt 0.446848 0.859529
vt 0.445330 0.860724
vt 0.793234 0.519862
vt 0.795856 0.520143
vt 0.795797 0.522759
vt 0.788741 0.470276
vt 0.786716 0.451575
vt 0.790099 0.477111
vt 0.785418 0.428132
vt 0.787950 0.450965
vt 0.985209 0.476234
vt 0.794262 0.514237
vt 0.798391 0.519244
vt 0.786815 0.427654
vt 0.801145 0.518800
vt 0.797389 0.493355
vt 0.802869 0.511735
vt 0.803643 0.518912
vt 0.986316 0.540856
vt 0.986535 0.504264
vt 0.791597 0.497136
vt 0.791435 0.490004
vt 0.792872 0.498391
vt 0.572552 0.641022
vt 0.575713 0.637049
vt 0.576707 0.639950
vt 0.386454 0.821622
vt 0.425186 0.858707
vt 0.313772 0.730751
vt 0.313806 0.746608
vt 0.315477 0.698803
vt 0.316864 0.683163
vt 0.616931 0.793529
vt 0.607104 0.780875
vt 0.558482 0.637899
vt 0.499007 0.693220
vt 0.515491 0.677286
vt 0.787988 0.560669
vt 0.787868 0.558539
vt 0.788869 0.557201
vt 0.994214 0.464500
vt 0.996533 0.464289
vt 0.996846 0.467561
vt 0.994191 0.471137
vt 0.332846 0.926911
vt 0.335507 0.924762
vt 0.336392 0.929142
vt 0.559775 0.646449
vt 0.820523 0.347346
vt 0.821969 0.333462
vt 0.821995 0.347699
vt 0.314564 0.714772
vt 0.313889 0.699202
vt 0.312237 0.731143
vt 0.312795 0.715263
vt 0.453766 0.818769
vt 0.452244 0.819271
vt 0.988109 0.557859
vt 0.987899 0.577807
vt 0.986854 0.556588
vt 0.989027 0.593875
vt 0.989189 0.609585
vt 0.987856 0.593506
vt 0.590258 0.751488
vt 0.582774 0.722287
vt 0.586785 0.737548
vt 0.581164 0.707219
vt 0.600722 0.769835
vt 0.600012 0.766869
vt 0.609223 0.780371
vt 0.592427 0.752566
vt 0.994447 0.654453
vt 0.994314 0.666912
vt 0.992763 0.654239
vt 0.619090 0.793039
vt 0.783231 0.363917
vt 0.784651 0.348443
vt 0.346693 0.780699
vt 0.339967 0.766956
vt 0.348981 0.780488
vt 0.332232 0.752702
vt 0.336454 0.763651
vt 0.784347 0.428051
vt 0.783758 0.412252
vt 0.819447 0.394343
vt 0.819698 0.378279
vt 0.820931 0.394900
vt 0.819520 0.426446
vt 0.819709 0.410642
vt 0.989622 0.584967
vt 0.990860 0.609848
vt 0.990583 0.625270
vt 0.324276 0.738020
vt 0.986936 0.577415
vt 0.337543 0.767450
vt 0.330204 0.753124
vt 0.367080 0.805273
vt 0.357220 0.793464
vt 0.820546 0.332973
vt 0.821419 0.320262
vt 0.819324 0.362185
vt 0.820864 0.362768
vt 0.358782 0.793249
vt 0.992148 0.625468
vt 0.992330 0.640378
vt 0.821274 0.378764
vt 0.488870 0.705073
vt 0.482912 0.711537
vt 0.753554 0.643205
vt 0.739427 0.664961
vt 0.746228 0.650910
vt 0.737033 0.664382
vt 0.755969 0.638286
vt 0.748594 0.651479
vt 0.785418 0.411924
vt 0.783334 0.396039
vt 0.784962 0.395572
vt 0.783233 0.379801
vt 0.784796 0.379268
vt 0.784891 0.363351
vt 0.569555 0.632646
vt 0.567096 0.634885
vt 0.564833 0.633590
vt 0.337985 0.932513
vt 0.336384 0.933548
vt 0.334808 0.932103
vt 0.648702 0.627999
vt 0.568679 0.636708
vt 0.646736 0.619476
vt 0.646526 0.618865
vt 0.800430 0.522321
vt 0.809567 0.524938
vt 0.804429 0.523132
vt 0.814303 0.523201
vt 0.340434 0.932133
vt 0.632487 0.642418
vt 0.667875 0.634316
vt 0.653884 0.638123
vt 0.986789 0.372950
vt 0.987813 0.352635
vt 0.987659 0.373248
vt 0.797291 0.795045
vt 0.827513 0.799100
vt 0.841316 0.802125
vt 0.799789 0.796870
vt 0.148139 0.862625
vt 0.147188 0.883841
vt 0.146852 0.863012
vt 0.148066 0.890139
vt 0.146786 0.906157
vt 0.147844 0.842398
vt 0.371221 0.640749
vt 0.392741 0.636228
vt 0.371658 0.641818
vt 0.412211 0.633139
vt 0.426852 0.631178
vt 0.437208 0.631263
vt 0.988278 0.334122
vt 0.987724 0.312429
vt 0.988343 0.311071
vt 0.186428 0.861673
vt 0.185941 0.882363
vt 0.631739 0.641133
vt 0.653077 0.636258
vt 0.942539 0.228024
vt 0.944052 0.227511
vt 0.943417 0.202872
vt 0.772037 0.789436
vt 0.771362 0.790720
vt 0.145872 0.884033
vt 0.145694 0.901931
vt 0.146309 0.842779
vt 0.145539 0.863298
vt 0.398110 0.635794
vt 0.352725 0.648978
vt 0.372119 0.642616
vt 0.188171 0.862102
vt 0.526951 0.861098
vt 0.989041 0.373685
vt 0.989108 0.352908
vt 0.942108 0.203485
vt 0.185879 0.900365
vt 0.185716 0.841162
vt 0.483289 0.849303
vt 0.502745 0.855727
vt 0.568993 0.866651
vt 0.696718 0.630454
vt 0.697533 0.630950
vt 0.987045 0.334144
vt 0.578136 0.868365
vt 0.884886 0.926826
vt 0.880439 0.931739
vt 0.880174 0.926133
vt 0.414785 0.916657
vt 0.419972 0.915520
vt 0.420109 0.920959
vt 0.423651 0.916322
vt 0.423082 0.924068
vt 0.877403 0.926027
vt 0.416286 0.925331
vt 0.414387 0.922087
vt 0.422843 0.912464
vt 0.888251 0.927972
vt 0.886156 0.932012
vt 0.422124 0.929186
vt 0.417657 0.928820
vt 0.416592 0.911941
vt 0.838889 0.554441
vt 0.835037 0.556037
vt 0.838324 0.549795
vt 0.840782 0.554628
vt 0.841409 0.553805
vt 0.426483 0.924265
vt 0.424091 0.931543
vt 0.889642 0.931546
vt 0.885522 0.935575
vt 0.416261 0.931749
vt 0.421174 0.932822
vt 0.837820 0.542712
vt 0.842035 0.543401
vt 0.835387 0.547860
vt 0.832497 0.540816
vt 0.834817 0.537716
vt 0.838814 0.539191
vt 0.894759 0.929957
vt 0.892060 0.934139
vt 0.832866 0.533808
vt 0.839195 0.536112
vt 0.830916 0.553452
vt 0.828918 0.556780
vt 0.825678 0.553540
vt 0.906247 0.932782
vt 0.908081 0.928612
vt 0.911650 0.932713
vt 0.910024 0.935214
vt 0.830817 0.536176
vt 0.826307 0.536124
vt 0.827190 0.548056
vt 0.823765 0.546527
vt 0.823450 0.542517
vt 0.905505 0.927248
vt 0.908521 0.923164
vt 0.828251 0.541352
vt 0.822138 0.549764
vt 0.831478 0.547204
vt 0.896872 0.931701
vt 0.821369 0.539950
vt 0.823567 0.535107
vt 0.512676 0.913114
vt 0.509639 0.910032
vt 0.511841 0.909621
vt 0.820060 0.545492
vt 0.897477 0.927006
vt 0.905521 0.921955
vt 0.907819 0.918822
vt 0.912763 0.920479
vt 0.509877 0.917996
vt 0.508426 0.913586
vt 0.509167 0.929664
vt 0.509214 0.926024
vt 0.512232 0.928276
vt 0.912184 0.925163
vt 0.513848 0.924038
vt 0.512062 0.920513
vt 0.916953 0.924175
vt 0.505798 0.908930
vt 0.506786 0.920494
vt 0.503156 0.924001
vt 0.503115 0.917671
vt 0.914298 0.915753
vt 0.917453 0.919948
vt 0.502587 0.910871
vt 0.919409 0.916714
vt 0.921832 0.921597
vt 0.504144 0.927794
vt 0.498268 0.925520
vt 0.922054 0.926220
vt 0.497170 0.920187
vt 0.917909 0.928050
vt 0.913188 0.928924
vt 0.916823 0.914714
vt 0.499127 0.913704
vt 0.499239 0.908446
vt 0.495662 0.910382
vt 0.922924 0.916534
vt 0.923536 0.918940
vt 0.495186 0.915399
vt 0.908183 0.523485
vt 0.903982 0.523562
vt 0.909748 0.520969
vt 0.905388 0.517907
vt 0.493043 0.922004
vt 0.898537 0.921096
vt 0.895945 0.923288
vt 0.896796 0.918563
vt 0.925525 0.922741
vt 0.897140 0.523022
vt 0.900046 0.519448
vt 0.500476 0.929708
vt 0.495274 0.927802
vt 0.896898 0.525623
vt 0.891997 0.523320
vt 0.896245 0.916233
vt 0.894193 0.919142
vt 0.892517 0.915213
vt 0.899782 0.514407
vt 0.890283 0.518934
vt 0.893868 0.519144
vt 0.919967 0.931385
vt 0.902731 0.512041
vt 0.908290 0.512797
vt 0.910242 0.517003
vt 0.910656 0.511768
vt 0.890724 0.924279
vt 0.891373 0.920542
vt 0.904430 0.509390
vt 0.908426 0.506615
vt 0.902467 0.506702
vt 0.905382 0.504439
vt 0.895146 0.511589
vt 0.891258 0.509503
vt 0.896197 0.506836
vt 0.888976 0.917006
vt 0.886677 0.914474
vt 0.889926 0.914366
vt 0.882800 0.917026
vt 0.890503 0.514438
vt 0.889112 0.511140
vt 0.882665 0.922256
vt 0.878779 0.920653
vt 0.898978 0.503979
vt 0.879291 0.916983
vt 0.877608 0.919149
vt 0.406368 0.921203
vt 0.410007 0.922154
vt 0.406898 0.927178
vt 0.891977 0.505596
vt 0.886025 0.920564
vt 0.407041 0.931151
vt 0.410214 0.931521
vt 0.411792 0.928252
vt 0.407583 0.914256
vt 0.410324 0.914875
vt 0.921825 0.935101
vt 0.915508 0.934959
vt 0.410974 0.911652
vt 0.916559 0.930857
vt 0.919878 0.282566
vt 0.923297 0.284966
vt 0.917230 0.286485
vt 0.659066 0.918769
vt 0.662636 0.914264
vt 0.663390 0.921766
vt 0.666960 0.921783
vt 0.666479 0.916778
vt 0.915585 0.280994
vt 0.913829 0.286608
vt 0.661459 0.928208
vt 0.667446 0.927309
vt 0.669230 0.911631
vt 0.670642 0.914875
vt 0.544220 0.910131
vt 0.536883 0.909145
vt 0.541431 0.906891
vt 0.916370 0.276837
vt 0.913983 0.278796
vt 0.531170 0.910239
vt 0.533824 0.907348
vt 0.920637 0.277222
vt 0.925243 0.276381
vt 0.925239 0.280978
vt 0.659187 0.931531
vt 0.657936 0.927431
vt 0.660723 0.931385
vt 0.543001 0.913158
vt 0.539744 0.915832
vt 0.535082 0.913684
vt 0.531144 0.918961
vt 0.530422 0.923065
vt 0.529484 0.921030
vt 0.863243 0.932697
vt 0.866942 0.931702
vt 0.865465 0.934054
vt 0.534852 0.919032
vt 0.928845 0.277329
vt 0.869150 0.931243
vt 0.868290 0.934665
vt 0.550727 0.921403
vt 0.545706 0.920225
vt 0.549200 0.915557
vt 0.539437 0.921116
vt 0.932709 0.276565
vt 0.933823 0.279950
vt 0.533796 0.923494
vt 0.864088 0.928721
vt 0.868244 0.926536
vt 0.538432 0.927307
vt 0.932353 0.282368
vt 0.929476 0.282531
vt 0.930932 0.287697
vt 0.548990 0.926492
vt 0.544789 0.926569
vt 0.596662 0.919873
vt 0.600091 0.921028
vt 0.597374 0.924003
vt 0.935175 0.282577
vt 0.596621 0.916130
vt 0.599473 0.914300
vt 0.601954 0.925867
vt 0.602419 0.929009
vt 0.598969 0.927155
vt 0.605309 0.927614
vt 0.541569 0.924784
vt 0.861293 0.926297
vt 0.865276 0.923264
vt 0.604699 0.919720
vt 0.860972 0.921874
vt 0.866418 0.918596
vt 0.862468 0.917155
vt 0.866710 0.916346
vt 0.607637 0.909867
vt 0.600810 0.909939
vt 0.603450 0.907932
vt 0.858108 0.927476
vt 0.860326 0.932459
vt 0.608131 0.929818
vt 0.604894 0.930191
vt 0.607562 0.923153
vt 0.610140 0.926402
vt 0.613995 0.929185
vt 0.852085 0.919906
vt 0.853943 0.916358
vt 0.858116 0.918105
vt 0.612117 0.911642
vt 0.610725 0.917108
vt 0.615773 0.914190
vt 0.613492 0.920251
vt 0.614653 0.923412
vt 0.856736 0.922669
vt 0.860169 0.914792
vt 0.604429 0.914833
vt 0.854402 0.927401
vt 0.850100 0.918685
vt 0.864576 0.266387
vt 0.861631 0.268863
vt 0.862360 0.265199
vt 0.857948 0.273213
vt 0.861160 0.275272
vt 0.857462 0.279706
vt 0.615974 0.926662
vt 0.617924 0.922364
vt 0.930624 0.295193
vt 0.933194 0.291443
vt 0.932850 0.294423
vt 0.928239 0.294514
vt 0.851558 0.929529
vt 0.851668 0.924488
vt 0.865415 0.273425
vt 0.861045 0.281265
vt 0.859288 0.285114
vt 0.856062 0.931166
vt 0.868772 0.267110
vt 0.865254 0.279581
vt 0.928999 0.290647
vt 0.867838 0.264504
vt 0.925717 0.291541
vt 0.877078 0.270668
vt 0.871648 0.270033
vt 0.873389 0.266663
vt 0.872899 0.276958
vt 0.870071 0.282193
vt 0.869032 0.274923
vt 0.850147 0.931867
vt 0.849259 0.929061
vt 0.872228 0.285481
vt 0.865155 0.284627
vt 0.856801 0.933923
vt 0.851890 0.934121
vt 0.876700 0.274461
vt 0.919086 0.295624
vt 0.917316 0.292062
vt 0.922479 0.295101
vt 0.667743 0.932059
vt 0.673697 0.930859
vt 0.670886 0.933502
vt 0.854840 0.935735
vt 0.675263 0.922020
vt 0.678480 0.924194
vt 0.677154 0.928234
vt 0.876710 0.280084
vt 0.876958 0.284135
vt 0.671961 0.927335
vt 0.922021 0.290671
vt 0.678955 0.919944
vt 0.670882 0.920704
vt 0.676006 0.917359
vt 0.914218 0.290073
vt 0.926670 0.286646
vt 0.675279 0.913667
vt 0.763601 0.338478
vt 0.774437 0.339106
vt 0.763156 0.309059
vt 0.773953 0.309537
vt 0.781831 0.309592
vt 0.782264 0.339495
vt 0.050091 0.291309
vt 0.054782 0.294385
vt 0.726344 0.330661
vt 0.719495 0.339446
vt 0.718775 0.299442
vt 0.725715 0.307489
vt 0.719559 0.393517
vt 0.101839 0.239608
vt 0.687580 0.214375
vt 0.634320 0.359293
vt 0.633482 0.326175
vt 0.656017 0.167305
vt 0.777845 0.419336
vt 0.778143 0.440909
vt 0.717975 0.337270
vt 0.757557 0.158509
vt 0.746846 0.158435
vt 0.491621 0.346504
vt 0.505669 0.370077
vt 0.758081 0.140184
vt 0.747393 0.139710
vt 0.529436 0.487771
vt 0.288156 0.072420
vt 0.307737 0.038912
vt 0.295737 0.062590
vt 0.260815 0.032934
vt 0.431144 0.261145
vt 0.003943 0.809888
vt 0.018411 0.770867
vt 0.549159 0.930710
vt 0.549285 0.953441
vt 0.542888 0.948895
vt 0.531427 0.873118
vt 0.660484 0.028900
vt 0.314233 0.010081
vt 0.824906 0.503883
vt 0.581935 0.893004
vt 0.650409 0.172716
vt 0.651908 0.146320
vt 0.171392 0.133794
vt 0.566203 0.468937
vt 0.656643 0.073736
vt 0.604299 0.558002
vt 0.608195 0.612517
vt 0.598026 0.600852
vt 0.326854 0.945903
vt 0.321508 0.943644
vt 0.615467 0.615102
vt 0.117104 0.370150
vt 0.096910 0.394563
vt 0.105880 0.386125
vt 0.101029 0.396069
vt 0.580649 0.593345
vt 0.622951 0.595869
vt 0.622977 0.611788
vt 0.629299 0.620820
vt 0.631706 0.622373
vt 0.721208 0.175865
vt 0.721466 0.195549
vt 0.729829 0.157711
vt 0.730616 0.221952
vt 0.719693 0.220994
vt 0.526248 0.895347
vt 0.517442 0.872643
vt 0.590989 0.625830
vt 0.529484 0.907813
vt 0.277344 0.003358
vt 0.277803 0.003909
vt 0.701172 0.628320
vt 0.702001 0.618971
vt 0.702585 0.626068
vt 0.500545 0.902338
vt 0.409946 0.195464
vt 0.337810 0.148118
vt 0.767132 0.149479
vt 0.758924 0.122252
vt 0.319380 0.204294
vt 0.005626 0.449705
vt 0.097783 0.405806
vt 0.092856 0.436539
vt 0.096205 0.423386
vt 0.097591 0.434863
vt 0.723885 0.103319
vt 0.725017 0.086639
vt 0.748440 0.121434
vt 0.726535 0.070847
vt 0.756407 0.041878
vt 0.759637 0.023463
vt 0.434507 0.137424
vt 0.105279 0.456058
vt 0.858443 0.245392
vt 0.099347 0.443208
vt 0.618652 0.895962
vt 0.619350 0.902802
vt 0.614225 0.902715
vt 0.615164 0.895593
vt 0.615585 0.907066
vt 0.603909 0.905505
vt 0.604775 0.901181
vt 0.620928 0.907298
vt 0.577997 0.597674
vt 0.577112 0.600994
vt 0.125184 0.495226
vt 0.038098 0.512554
vt 0.062587 0.539961
vt 0.840875 0.040717
vt 0.842602 0.013709
vt 0.852600 0.015727
vt 0.739464 0.006792
vt 0.746869 0.006004
vt 0.782447 0.541614
vt 0.784699 0.532926
vt 0.142885 0.550281
vt 0.454656 0.080375
vt 0.851069 0.158993
vt 0.834389 0.158147
vt 0.804051 0.096338
vt 0.304894 0.794231
vt 0.306422 0.792057
vt 0.486807 0.018505
vt 0.412112 0.205826
vt 0.302887 0.825086
vt 0.302895 0.803778
vt 0.688438 0.435808
vt 0.590243 0.890609
vt 0.592988 0.889065
vt 0.418341 0.186136
vt 0.870546 0.256682
vt 0.877533 0.256291
vt 0.627401 0.930462
vt 0.621720 0.922897
vt 0.596004 0.936416
vt 0.586155 0.930423
vt 0.627514 0.887828
vt 0.634397 0.936416
vt 0.635685 0.400510
vt 0.638284 0.422697
vt 0.472698 0.088315
vt 0.488709 0.075389
vt 0.122127 0.369837
vt 0.115304 0.378624
vt 0.000853 0.797135
vt 0.460043 0.109664
vt 0.623793 0.883436
vt 0.622988 0.893012
vt 0.867113 0.518677
vt 0.877217 0.512924
vt 0.625932 0.011833
vt 0.880227 0.533354
vt 0.018989 0.822185
vt 0.840167 0.823695
vt 0.846720 0.805171
vt 0.845931 0.817514
vt 0.876683 0.197249
vt 0.877552 0.203780
vt 0.870581 0.203870
vt 0.000000 0.824621
vt 0.042437 0.821668
vt 0.872729 0.211762
vt 0.880679 0.210480
vt 0.839133 0.871280
vt 0.838778 0.844756
vt 0.595900 0.869153
vt 0.584880 0.040735
vt 0.587849 0.028318
vt 0.002757 0.731014
vt 0.555555 0.029147
vt 0.586490 0.869957
vt 0.826523 0.513807
vt 0.053144 0.821862
vt 0.809150 0.295413
vt 0.808017 0.299829
vt 0.068259 0.824621
vt 0.609035 0.002276
vt 0.804411 0.278802
vt 0.147358 0.520697
vt 0.160450 0.542419
vt 0.063522 0.779458
vt 0.067561 0.778365
vt 0.067662 0.797627
vt 0.302936 0.625324
vt 0.286785 0.616895
vt 0.884863 0.562731
vt 0.881451 0.562795
vt 0.140597 0.908666
vt 0.145183 0.917033
vt 0.853861 0.192483
vt 0.236668 0.613968
vt 0.207718 0.599229
vt 0.209966 0.596323
vt 0.142980 0.853573
vt 0.135161 0.874620
vt 0.220809 0.576348
vt 0.707344 0.584734
vt 0.706225 0.575342
vt 0.710806 0.583904
vt 0.704255 0.553275
vt 0.704188 0.583420
vt 0.703261 0.576311
vt 0.939189 0.267599
vt 0.940979 0.264330
vt 0.456257 0.952743
vt 0.799462 0.929047
vt 0.795924 0.934196
vt 0.796526 0.929885
vt 0.453010 0.870240
vt 0.457015 0.871260
vt 0.933479 0.869731
vt 0.938400 0.857137
vt 0.462607 0.957222
vt 0.954805 0.839905
vt 0.956686 0.843107
vt 0.943151 0.848137
vt 0.941390 0.158695
vt 0.714514 0.473803
vt 0.941454 0.155431
vt 0.692751 0.628417
vt 0.694212 0.625198
vt 0.694212 0.628349
vt 0.691264 0.626262
vt 0.959428 0.954464
vt 0.959067 0.842506
vt 0.458990 0.979619
vt 0.457375 0.975538
vt 0.461033 0.979441
vt 0.713562 0.582792
vt 0.715374 0.586006
vt 0.710519 0.588794
vt 0.709754 0.593153
vt 0.706869 0.589294
vt 0.713683 0.589967
vt 0.806831 0.923890
vt 0.802659 0.920944
vt 0.807498 0.921919
vt 0.803814 0.925606
vt 0.799542 0.924733
vt 0.798437 0.921709
vt 0.705235 0.590533
vt 0.958378 0.838820
vt 0.808363 0.926396
vt 0.957094 0.837718
vt 0.797094 0.926873
vt 0.938629 0.271883
vt 0.935413 0.273785
vt 0.704265 0.587411
vt 0.717305 0.576816
vt 0.956585 0.855590
vt 0.939637 0.889587
vt 0.791854 0.932022
vt 0.792203 0.938629
vt 0.789171 0.930603
vt 0.934195 0.903673
vt 0.908090 0.199575
vt 0.910352 0.198698
vt 0.794260 0.928992
vt 0.795260 0.937622
vt 0.534518 0.929595
vt 0.025608 0.935047
vt 0.027682 0.936177
vt 0.542128 0.930329
vt 0.023587 0.938453
vt 0.484842 0.944765
vt 0.000587 0.901886
vt 0.944135 0.512385
vt 0.945204 0.504106
vt 0.947674 0.506536
vt 0.945621 0.515050
vt 0.479154 0.894049
vt 0.478772 0.881250
vt 0.485959 0.874100
vt 0.941225 0.504617
vt 0.940646 0.513570
vt 0.478555 0.868815
vt 0.479495 0.868415
vt 0.945770 0.496883
vt 0.933455 0.752934
vt 0.938347 0.740311
vt 0.491212 0.949600
vt 0.028299 0.827921
vt 0.907383 0.278519
vt 0.028325 0.824621
vt 0.699239 0.628370
vt 0.700100 0.625298
vt 0.700100 0.628262
vt 0.489278 0.976966
vt 0.488052 0.973472
vt 0.959451 0.837709
vt 0.956036 0.834663
vt 0.959317 0.727907
vt 0.486041 0.969042
vt 0.791628 0.925572
vt 0.787856 0.925379
vt 0.789928 0.920944
vt 0.785370 0.923305
vt 0.939756 0.522008
vt 0.935664 0.520003
vt 0.939837 0.517581
vt 0.943703 0.519111
vt 0.794183 0.923754
vt 0.793949 0.921828
vt 0.785993 0.929162
vt 0.782861 0.929631
vt 0.783575 0.925722
vt 0.958126 0.721329
vt 0.023769 0.942301
vt 0.026200 0.940684
vt 0.531640 0.948647
vt 0.530999 0.935412
vt 0.783763 0.937599
vt 0.781935 0.934365
vt 0.901841 0.228665
vt 0.003939 0.871323
vt 0.009944 0.888225
vt 0.934179 0.786935
vt 0.901660 0.238083
vt 0.988232 0.800760
vt 0.988437 0.816620
vt 0.960639 0.816981
vt 0.189354 0.884522
vt 0.980287 0.693478
vt 0.981187 0.739783
vt 0.979816 0.722635
vt 0.102758 0.829037
vt 0.108776 0.813646
vt 0.988376 0.692347
vt 0.355703 0.924302
vt 0.356496 0.932133
vt 0.995191 0.800359
vt 0.223069 0.794351
vt 0.974364 0.691978
vt 0.223186 0.790381
vt 0.683788 0.624684
vt 0.685626 0.620335
vt 0.685626 0.624399
vt 0.681812 0.623594
vt 0.681636 0.621309
vt 0.134627 0.932676
vt 0.991542 0.831320
vt 0.989575 0.826751
vt 0.993061 0.831106
vt 0.994709 0.831175
vt 0.977288 0.786243
vt 0.968350 0.832806
vt 0.968584 0.837709
vt 0.964621 0.833828
vt 0.972658 0.833598
vt 0.350650 0.940112
vt 0.356259 0.942796
vt 0.351047 0.942654
vt 0.354947 0.937034
vt 0.360229 0.938024
vt 0.361670 0.941438
vt 0.360429 0.944043
vt 0.975636 0.830621
vt 0.347847 0.938817
vt 0.347316 0.936334
vt 0.785212 0.558625
vt 0.786115 0.557197
vt 0.785999 0.561371
vt 0.218701 0.933279
vt 0.222715 0.931088
vt 0.976066 0.805789
vt 0.974653 0.816428
vt 0.977827 0.817525
vt 0.130998 0.811796
vt 0.975396 0.759625
vt 0.975776 0.749121
vt 0.193127 0.847344
vt 0.190661 0.858490
vt 0.200478 0.867933
vt 0.957553 0.015789
vt 0.953664 0.013080
vt 0.973081 0.117840
vt 0.973232 0.135091
vt 0.962722 0.041404
vt 0.962794 0.031077
vt 0.938050 0.113764
vt 0.961715 0.018109
vt 0.959980 0.009929
vt 0.941588 0.124294
vt 0.929067 0.117240
vt 0.918321 0.110989
vt 0.914400 0.095268
vt 0.926670 0.339657
vt 0.934830 0.151110
vt 0.966362 0.002602
vt 0.971654 0.000201
vt 0.973847 0.002805
vt 0.922334 0.352492
vt 0.980860 0.123394
vt 0.937121 0.311395
vt 0.113528 0.943062
vt 0.944846 0.004001
vt 0.949150 0.156129
vt 0.944766 0.000000
vt 0.698544 0.624528
vt 0.699189 0.620335
vt 0.700237 0.624005
vt 0.696743 0.623745
vt 0.979639 0.150977
vt 0.978403 0.154796
vt 0.978054 0.150811
vt 0.951171 0.453020
vt 0.948145 0.041881
vt 0.946995 0.058689
vt 0.946175 0.046129
vt 0.976472 0.151136
vt 0.974488 0.146067
vt 0.955752 0.006156
vt 0.951163 0.005719
vt 0.954224 0.000000
vt 0.948838 0.004157
vt 0.109861 0.937567
vt 0.106572 0.932676
vt 0.112336 0.934899
vt 0.106405 0.938254
vt 0.103297 0.937299
vt 0.101350 0.934581
vt 0.941993 0.151075
vt 0.941327 0.155431
vt 0.938838 0.153019
vt 0.959299 0.004490
vt 0.948696 0.301781
vt 0.946969 0.008226
vt 0.113359 0.939381
vt 0.102690 0.940391
vt 0.936286 0.154037
vt 0.933891 0.152045
vt 0.945010 0.038572
vt 0.948131 0.085374
vt 0.916997 0.058122
vt 0.914958 0.069365
vt 0.964209 0.960697
vt 0.922593 0.389784
vt 0.988343 0.946524
vt 0.988496 0.961650
vt 0.960594 0.961461
vt 0.268965 0.884249
vt 0.980533 0.839096
vt 0.981428 0.886681
vt 0.290888 0.824815
vt 0.988944 0.838064
vt 0.720650 0.840723
vt 0.726683 0.825349
vt 0.990960 0.838002
vt 0.995301 0.946109
vt 0.302711 0.794095
vt 0.974661 0.837709
vt 0.302852 0.790138
vt 0.661677 0.623111
vt 0.660089 0.627778
vt 0.659853 0.623596
vt 0.663821 0.624029
vt 0.664172 0.626240
vt 0.752449 0.944398
vt 0.664256 0.619848
vt 0.663244 0.619442
vt 0.993136 0.975367
vt 0.994714 0.975396
vt 0.977478 0.931422
vt 0.967039 0.977585
vt 0.971608 0.977924
vt 0.968478 0.982126
vt 0.766163 0.924101
vt 0.760193 0.922848
vt 0.765432 0.921334
vt 0.763047 0.928109
vt 0.757464 0.928417
vt 0.754971 0.925344
vt 0.756085 0.921759
vt 0.964091 0.978182
vt 0.975546 0.975232
vt 0.768869 0.926088
vt 0.769554 0.928535
vt 0.751996 0.802868
vt 0.753007 0.804469
vt 0.760657 0.933481
vt 0.297301 0.933272
vt 0.294598 0.934750
vt 0.300520 0.931731
vt 0.977782 0.962018
vt 0.975561 0.903300
vt 0.272740 0.847087
vt 0.270273 0.858230
vt 0.237692 0.607825
vt 0.404104 0.874823
vt 0.405023 0.881967
vt 0.693227 0.425972
vt 0.692505 0.432767
vt 0.302619 0.630645
vt 0.292940 0.626933
vt 0.311402 0.630258
vt 0.400674 0.870876
vt 0.825527 0.300855
vt 0.312384 0.626869
vt 0.693893 0.469861
vt 0.698598 0.473429
vt 0.690267 0.473783
vt 0.685621 0.471398
vt 0.754529 0.560911
vt 0.752442 0.562417
vt 0.747673 0.562339
vt 0.853096 0.480264
vt 0.019753 0.640702
vt 0.012636 0.647176
vt 0.013705 0.640538
vt 0.021044 0.633072
vt 0.949469 0.695279
vt 0.630311 0.027872
vt 0.018712 0.654677
vt 0.008397 0.667633
vt 0.008394 0.658894
vt 0.616696 0.033918
vt 0.752297 0.308566
vt 0.009727 0.688294
vt 0.880106 0.221684
vt 0.751517 0.283509
vt 0.948509 0.708439
vt 0.332313 0.921495
vt 0.919076 0.524815
vt 0.786353 0.836163
vt 0.463823 0.890560
vt 0.464923 0.874967
vt 0.816789 0.842390
vt 0.318172 0.955167
vt 0.463854 0.953644
vt 0.804051 0.913087
vt 0.317116 0.961098
vt 0.801217 0.910697
vt 0.808513 0.911831
vt 0.315617 0.965111
vt 0.314131 0.961518
vt 0.836499 0.805509
vt 0.838325 0.802226
vt 0.838487 0.805684
vt 0.681944 0.626830
vt 0.684175 0.629647
vt 0.681311 0.628493
vt 0.683694 0.626453
vt 0.808683 0.917786
vt 0.810353 0.920944
vt 0.806513 0.917850
vt 0.810213 0.917396
vt 0.836323 0.811484
vt 0.465597 0.868936
vt 0.464318 0.873147
vt 0.317954 0.867877
vt 0.310826 0.845766
vt 0.698411 0.922214
vt 0.703368 0.923220
vt 0.694426 0.923472
vt 0.315205 0.848450
vt 0.705336 0.925613
vt 0.317763 0.857210
vt 0.464335 0.922993
vt 0.811299 0.862358
vt 0.813742 0.850199
vt 0.757643 0.836033
vt 0.893242 0.205121
vt 0.578535 0.947670
vt 0.567903 0.878367
vt 0.755019 0.835666
vt 0.885500 0.293437
vt 0.885697 0.284279
vt 0.052345 0.833773
vt 0.897805 0.274188
vt 0.859911 0.538466
vt 0.569110 0.872235
vt 0.772149 0.910668
vt 0.759948 0.880948
vt 0.779439 0.911836
vt 0.570717 0.868415
vt 0.572139 0.872188
vt 0.054444 0.827890
vt 0.056287 0.824621
vt 0.056439 0.828067
vt 0.896148 0.195232
vt 0.894275 0.198483
vt 0.779581 0.917795
vt 0.781241 0.920976
vt 0.777412 0.917852
vt 0.781431 0.917552
vt 0.892878 0.203167
vt 0.035618 0.886797
vt 0.038472 0.889484
vt 0.848209 0.932431
vt 0.056596 0.937669
vt 0.904619 0.278519
vt 0.900560 0.279305
vt 0.852517 0.562795
vt 0.909238 0.279052
vt 0.055716 0.929444
vt 0.912251 0.297178
vt 0.909972 0.298253
vt 0.911902 0.289488
vt 0.039283 0.878380
vt 0.578131 0.935358
vt 0.567737 0.909144
vt 0.568034 0.935264
vt 0.673223 0.514734
vt 0.979480 0.310588
vt 0.965586 0.205290
vt 0.171066 0.802010
vt 0.156071 0.838434
vt 0.981448 0.288474
vt 0.670298 0.514381
vt 0.985644 0.308063
vt 0.985538 0.387836
vt 0.980157 0.295569
vt 0.700336 0.607293
vt 0.978334 0.300521
vt 0.976504 0.296058
vt 0.180176 0.793299
vt 0.182387 0.789270
vt 0.182601 0.793508
vt 0.177567 0.793189
vt 0.687733 0.624400
vt 0.690597 0.620335
vt 0.689995 0.624532
vt 0.686584 0.622418
vt 0.686806 0.620553
vt 0.702416 0.614097
vt 0.702585 0.618427
vt 0.700545 0.614576
vt 0.980036 0.305906
vt 0.982048 0.301335
vt 0.985213 0.301481
vt 0.986447 0.306201
vt 0.697889 0.614652
vt 0.981210 0.182239
vt 0.972182 0.154796
vt 0.819751 0.939140
vt 0.814203 0.939480
vt 0.824016 0.940029
vt 0.976285 0.158901
vt 0.700676 0.475790
vt 0.176461 0.934558
vt 0.786787 0.557597
vt 0.787011 0.561900
vt 0.786115 0.560477
vt 0.978674 0.223095
vt 0.980696 0.168717
vt 0.985357 0.361599
vt 0.962032 0.640860
vt 0.978650 0.534325
vt 0.965726 0.641019
vt 0.093501 0.829587
vt 0.085567 0.848324
vt 0.947580 0.537516
vt 0.099474 0.806971
vt 0.966646 0.668348
vt 0.966942 0.642617
vt 0.089554 0.792319
vt 0.115934 0.946172
vt 0.114457 0.942720
vt 0.973060 0.672116
vt 0.117685 0.937910
vt 0.114533 0.940806
vt 0.114247 0.939238
vt 0.980218 0.676677
vt 0.977014 0.677386
vt 0.936711 0.672297
vt 0.934373 0.673826
vt 0.929642 0.661709
vt 0.984079 0.553831
vt 0.984552 0.537241
vt 0.934483 0.654359
vt 0.939650 0.678235
vt 0.937266 0.678994
vt 0.089495 0.932116
vt 0.075737 0.895307
vt 0.940142 0.669888
vt 0.943892 0.667205
vt 0.098364 0.933830
vt 0.949420 0.530848
vt 0.952163 0.526410
vt 0.953975 0.530783
vt 0.945408 0.530505
vt 0.947492 0.526410
vt 0.942805 0.530498
vt 0.692087 0.621719
vt 0.694792 0.625020
vt 0.691338 0.623756
vt 0.694207 0.621205
vt 0.098305 0.941120
vt 0.100205 0.945060
vt 0.095648 0.941102
vt 0.100193 0.940713
vt 0.984522 0.532318
vt 0.983297 0.527085
vt 0.980132 0.526925
vt 0.978112 0.531994
vt 0.121052 0.945825
vt 0.124261 0.944138
vt 0.957437 0.682529
vt 0.126941 0.938610
vt 0.126635 0.944037
vt 0.121393 0.937485
vt 0.124915 0.933289
vt 0.952162 0.679148
vt 0.097387 0.792514
vt 0.942249 0.680967
vt 0.947814 0.676819
vt 0.948199 0.643973
vt 0.080610 0.865125
vt 0.982543 0.596801
vt 0.638241 0.514753
vt 0.994063 0.006641
vt 0.947218 0.208884
vt 0.962995 0.288794
vt 0.635314 0.514397
vt 0.999404 0.023911
vt 0.999702 0.009465
vt 0.961670 0.296101
vt 0.657808 0.608373
vt 0.665383 0.607287
vt 0.236271 0.878593
vt 0.959876 0.300565
vt 0.958044 0.296097
vt 0.255480 0.794407
vt 0.257693 0.790381
vt 0.257381 0.794857
vt 0.252868 0.794285
vt 0.666814 0.624314
vt 0.670774 0.627778
vt 0.666461 0.626565
vt 0.668923 0.623396
vt 0.670774 0.623832
vt 0.667464 0.614086
vt 0.667634 0.618410
vt 0.665594 0.614568
vt 0.999927 0.005050
vt 0.998689 0.000613
vt 0.665900 0.621068
vt 0.662937 0.614643
vt 0.235526 0.869656
vt 0.867092 0.498978
vt 0.866778 0.504696
vt 0.864492 0.500468
vt 0.866153 0.509670
vt 0.864287 0.507481
vt 0.953714 0.156129
vt 0.667634 0.476939
vt 0.252011 0.935636
vt 0.958770 0.160449
vt 0.962229 0.169901
vt 0.797988 0.548800
vt 0.802193 0.557197
vt 0.948739 0.225745
vt 0.603883 0.874297
vt 0.055431 0.640538
vt 0.317368 0.604781
vt 0.059132 0.685069
vt 0.053324 0.782623
vt 0.854260 0.520564
vt 0.825186 0.012499
vt 0.764117 0.006780
vt 0.770577 0.008098
vt 0.785981 0.218685
vt 0.551402 0.006870
vt 0.520199 0.008636
vt 0.782954 0.259027
vt 0.658005 0.473783
vt 0.648717 0.474094
vt 0.662475 0.472901
vt 0.318566 0.007366
vt 0.317526 0.006629
vt 0.434793 0.151725
vt 0.605469 0.869304
vt 0.617620 0.868729
vt 0.509176 0.869167
vt 0.280673 0.000010
vt 0.702959 0.614802
vt 0.705333 0.610030
vt 0.705319 0.613144
vt 0.263673 0.029061
vt 0.499595 0.905105
vt 0.951075 0.716106
vt 0.951034 0.713084
vt 0.801347 0.529219
vt 0.405153 0.924876
vt 0.401877 0.929230
vt 0.397080 0.922829
vt 0.726304 0.468011
vt 0.707698 0.627024
vt 0.706861 0.602486
vt 0.707961 0.592254
vt 0.734825 0.307834
vt 0.368979 0.332529
vt 0.772964 0.283398
vt 0.766753 0.176208
vt 0.302758 0.731620
vt 0.863382 0.326524
vt 0.657441 0.897149
vt 0.657478 0.901091
vt 0.293645 0.789982
vt 0.671548 0.869321
vt 0.306197 0.742665
vt 0.933865 0.461732
vt 0.934140 0.455798
vt 0.938286 0.454078
vt 0.882130 0.611858
vt 0.390750 0.870084
vt 0.943550 0.453848
vt 0.636491 0.919800
vt 0.946575 0.456183
vt 0.307744 0.757572
vt 0.390039 0.895392
vt 0.389827 0.877563
vt 0.943811 0.485714
vt 0.944976 0.479526
vt 0.887605 0.594995
vt 0.857755 0.341522
vt 0.636784 0.878701
vt 0.637978 0.869141
vt 0.641667 0.869262
vt 0.830251 0.424762
vt 0.390164 0.960014
vt 0.776395 0.921236
vt 0.303574 0.634227
vt 0.307744 0.630645
vt 0.779219 0.971691
vt 0.864287 0.460257
vt 0.258764 0.964176
vt 0.260182 0.964396
vt 0.262733 0.731913
vt 0.319173 0.914358
vt 0.320399 0.917985
vt 0.327437 0.869405
vt 0.253278 0.790235
vt 0.690879 0.912410
vt 0.688932 0.911260
vt 0.355917 0.910691
vt 0.258152 0.762161
vt 0.266168 0.743065
vt 0.358472 0.916494
vt 0.354905 0.917671
vt 0.243742 0.781905
vt 0.322863 0.875875
vt 0.351174 0.916906
vt 0.348282 0.915735
vt 0.348138 0.909451
vt 0.125874 0.635681
vt 0.123653 0.639202
vt 0.979795 0.479053
vt 0.128515 0.635527
vt 0.267792 0.758057
vt 0.686365 0.928842
vt 0.686100 0.912859
vt 0.323164 0.919870
vt 0.602499 0.943191
vt 0.604819 0.938353
vt 0.607507 0.942443
vt 0.599600 0.940071
vt 0.599969 0.935777
vt 0.603372 0.933152
vt 0.607555 0.933944
vt 0.609740 0.937624
vt 0.602719 0.945716
vt 0.599161 0.944798
vt 0.597964 0.941746
vt 0.325604 0.919937
vt 0.596004 0.938950
vt 0.597524 0.935872
vt 0.598213 0.932618
vt 0.600565 0.931418
vt 0.606005 0.931029
vt 0.607616 0.930756
vt 0.608704 0.932303
vt 0.602959 0.930968
vt 0.247896 0.789970
vt 0.610692 0.934618
vt 0.134834 0.697616
vt 0.611186 0.940617
vt 0.610297 0.942873
vt 0.146937 0.678101
vt 0.148192 0.670270
vt 0.980235 0.517201
vt 0.689507 0.984632
vt 0.979044 0.525612
vt 0.976538 0.525267
vt 0.861954 0.507555
vt 0.265676 0.633184
vt 0.148192 0.790465
vt 0.146016 0.787907
vt 0.887174 0.056675
vt 0.860978 0.460521
vt 0.127673 0.777560
vt 0.894999 0.472724
vt 0.675294 0.897149
vt 0.675331 0.901091
vt 0.903843 0.000006
vt 0.689401 0.869321
vt 0.885210 0.045275
vt 0.514896 0.916525
vt 0.515171 0.910590
vt 0.519318 0.908870
vt 0.065060 0.824621
vt 0.065801 0.824981
vt 0.065036 0.832254
vt 0.377498 0.870084
vt 0.524582 0.908641
vt 0.710503 0.857817
vt 0.527606 0.910975
vt 0.885626 0.030293
vt 0.376628 0.882579
vt 0.376499 0.875418
vt 0.943219 0.706615
vt 0.376791 0.895392
vt 0.931532 0.688351
vt 0.524842 0.940506
vt 0.526008 0.934319
vt 0.898551 0.457104
vt 0.710798 0.816740
vt 0.915017 0.387413
vt 0.381071 0.960761
vt 0.376516 0.946815
vt 0.906995 0.134443
vt 0.373906 0.920340
vt 0.711935 0.802310
vt 0.714682 0.802536
vt 0.902219 0.323673
vt 0.378204 0.965558
vt 0.376819 0.965170
vt 0.372634 0.978832
vt 0.371898 0.974744
vt 0.895800 0.301026
vt 0.897790 0.304993
vt 0.890800 0.188149
vt 0.374434 0.940480
vt 0.717167 0.916442
vt 0.718150 0.921661
vt 0.866628 0.357585
vt 0.897127 0.176393
vt 0.653638 0.894770
vt 0.643345 0.929274
vt 0.644418 0.932730
vt 0.883445 0.300860
vt 0.896252 0.667154
vt 0.699010 0.921723
vt 0.695472 0.879440
vt 0.864684 0.346146
vt 0.692466 0.879901
vt 0.692594 0.873701
vt 0.695912 0.872314
vt 0.699106 0.873684
vt 0.364933 0.930967
vt 0.364885 0.920450
vt 0.646487 0.873517
vt 0.135174 0.958719
vt 0.704891 0.871539
vt 0.865215 0.331150
vt 0.876267 0.565298
vt 0.718186 0.516291
vt 0.717587 0.516571
vt 0.717784 0.513318
vt 0.702936 0.904162
vt 0.703916 0.897408
vt 0.894926 0.681834
vt 0.655910 0.929239
vt 0.651291 0.933580
vt 0.135499 0.917536
vt 0.903659 0.696940
vt 0.890054 0.667065
vt 0.914214 0.602906
vt 0.873254 0.984188
vt 0.871334 0.984825
vt 0.684965 0.913837
vt 0.683062 0.921335
vt 0.907652 0.717739
vt 0.906000 0.718523
vt 0.875276 0.983897
vt 0.876152 0.983905
vt 0.891158 0.437397
vt 0.875276 0.914714
vt 0.869242 0.496015
vt 0.893320 0.526710
vt 0.912240 0.575816
vt 0.445801 0.872372
vt 0.447394 0.874452
vt 0.446679 0.877675
vt 0.444656 0.876434
vt 0.864149 0.289655
vt 0.858774 0.296340
vt 0.910756 0.720711
vt 0.912304 0.712147
vt 0.439242 0.876642
vt 0.441351 0.872241
vt 0.434074 0.876423
vt 0.436098 0.872621
vt 0.446665 0.881112
vt 0.443219 0.883371
vt 0.864668 0.300516
vt 0.856267 0.297169
vt 0.697378 0.869243
vt 0.433946 0.881819
vt 0.435794 0.883530
vt 0.701204 0.869389
vt 0.692689 0.871210
vt 0.694175 0.869453
vt 0.433060 0.873220
vt 0.889666 0.303155
vt 0.437941 0.869662
vt 0.911303 0.492896
vt 0.909591 0.493736
vt 0.442433 0.870279
vt 0.678254 0.904375
vt 0.690733 0.900096
vt 0.914353 0.495927
vt 0.915995 0.487292
vt 0.919835 0.491386
vt 0.654628 0.619605
vt 0.917471 0.708872
vt 0.921781 0.708804
vt 0.920382 0.713134
vt 0.927337 0.709200
vt 0.925385 0.712932
vt 0.676188 0.904120
vt 0.930887 0.707886
vt 0.929332 0.711041
vt 0.927468 0.702127
vt 0.928848 0.714180
vt 0.925573 0.715248
vt 0.910064 0.002293
vt 0.849949 0.304337
vt 0.851758 0.303736
vt 0.674247 0.901190
vt 0.841283 0.307681
vt 0.841685 0.305595
vt 0.672880 0.900096
vt 0.847336 0.300922
vt 0.659625 0.904279
vt 0.437373 0.931607
vt 0.433508 0.932828
vt 0.442929 0.932004
vt 0.440977 0.935735
vt 0.437008 0.936653
vt 0.665046 0.906854
vt 0.446479 0.930690
vt 0.444924 0.933844
vt 0.444439 0.936984
vt 0.441142 0.938068
vt 0.287178 0.788528
vt 0.934349 0.718150
vt 0.434263 0.937196
vt 0.656394 0.901190
vt 0.866047 0.567627
vt 0.056936 0.835171
vt 0.387444 0.960746
vt 0.387071 0.955152
vt 0.428266 0.910167
vt 0.383283 0.965162
vt 0.429434 0.910647
vt 0.386903 0.934918
vt 0.187041 0.759267
vt 0.387932 0.882861
vt 0.385912 0.882879
vt 0.184042 0.774899
vt 0.154541 0.666448
vt 0.853249 0.677424
vt 0.855261 0.692811
vt 0.060047 0.934090
vt 0.849181 0.689958
vt 0.101420 0.680262
vt 0.850064 0.685469
vt 0.964670 0.526023
vt 0.884848 0.717406
vt 0.888678 0.720725
vt 0.963563 0.521136
vt 0.188118 0.630739
vt 0.772507 0.926721
vt 0.880361 0.714489
vt 0.961278 0.499034
vt 0.338796 0.878811
vt 0.336440 0.882169
vt 0.106854 0.663227
vt 0.343013 0.918109
vt 0.345593 0.917885
vt 0.346613 0.914139
vt 0.337076 0.875875
vt 0.095432 0.633300
vt 0.343892 0.882235
vt 0.227068 0.747597
vt 0.341670 0.872808
vt 0.085226 0.635670
vt 0.100401 0.678023
vt 0.343200 0.873364
vt 0.227099 0.757784
vt 0.094956 0.710531
vt 0.718207 0.507086
vt 0.717590 0.509511
vt 0.717474 0.506669
vt 0.709190 0.912538
vt 0.333956 0.917611
vt 0.333205 0.914048
vt 0.215921 0.787670
vt 0.500608 0.938868
vt 0.968324 0.488159
vt 0.969100 0.522231
vt 0.968554 0.517233
vt 0.192224 0.675313
vt 0.188742 0.661522
vt 0.708780 0.977072
vt 0.224354 0.634311
vt 0.074341 0.755017
vt 0.073570 0.758809
vt 0.708756 0.985801
vt 0.710730 0.986339
vt 0.953437 0.481872
vt 0.971006 0.525244
vt 0.713409 0.985875
vt 0.552675 0.913507
vt 0.224089 0.632644
vt 0.228122 0.630645
vt 0.831321 0.924102
vt 0.832014 0.920972
vt 0.832270 0.925700
vt 0.108164 0.790392
vt 0.953046 0.520782
vt 0.951409 0.521814
vt 0.100586 0.783603
vt 0.832902 0.930633
vt 0.881738 0.866779
vt 0.878593 0.884197
vt 0.717474 0.593513
vt 0.564362 0.931771
vt 0.909110 0.768799
vt 0.910802 0.767783
vt 0.893807 0.912108
vt 0.718186 0.519861
vt 0.717587 0.520140
vt 0.717784 0.516887
vt 0.267371 0.802423
vt 0.559358 0.943730
vt 0.903623 0.908430
vt 0.877199 0.874047
vt 0.555492 0.943306
vt 0.708608 0.603703
vt 0.262176 0.794904
vt 0.414655 0.910167
vt 0.266516 0.790663
vt 0.906831 0.748112
vt 0.912057 0.733077
vt 0.901534 0.798111
vt 0.930750 0.846580
vt 0.430204 0.969588
vt 0.431750 0.965151
vt 0.711776 0.703555
vt 0.262921 0.884989
vt 0.263116 0.891426
vt 0.260947 0.891837
vt 0.712610 0.707144
vt 0.861269 0.146613
vt 0.926463 0.850514
vt 0.903944 0.786258
vt 0.709318 0.755208
vt 0.709853 0.749603
vt 0.429568 0.915054
vt 0.143328 0.917033
vt 0.144009 0.920945
vt 0.906904 0.914494
vt 0.882805 0.727746
vt 0.918948 0.885954
vt 0.143802 0.930383
vt 0.895851 0.757095
vt 0.921038 0.454188
vt 0.923744 0.453706
vt 0.920239 0.457769
vt 0.983007 0.167313
vt 0.932796 0.473978
vt 0.930122 0.496570
vt 0.873039 0.191879
vt 0.444856 0.903148
vt 0.444130 0.903820
vt 0.859270 0.787026
vt 0.963597 0.428559
vt 0.863314 0.140841
vt 0.865416 0.131846
vt 0.862626 0.148483
vt 0.860721 0.173508
vt 0.900048 0.914234
vt 0.982700 0.230835
vt 0.927605 0.977367
vt 0.926118 0.976274
vt 0.955829 0.376332
vt 0.952608 0.371025
vt 0.927508 0.984945
vt 0.883510 0.059008
vt 0.884084 0.069724
vt 0.903401 0.984306
vt 0.852261 0.914714
vt 0.854672 0.906338
vt 0.968227 0.300855
vt 0.967331 0.308144
vt 0.860378 0.000000
vt 0.863332 0.006606
vt 0.965441 0.315254
vt 0.868025 0.722096
vt 0.869799 0.722326
vt 0.434268 0.895717
vt 0.432418 0.898686
vt 0.965283 0.475612
vt 0.923739 0.722050
vt 0.925509 0.722289
vt 0.876655 0.725748
vt 0.876473 0.727975
vt 0.642084 0.618995
vt 0.444889 0.890689
vt 0.916991 0.689731
vt 0.929160 0.693656
vt 0.174074 0.787498
vt 0.172289 0.787517
vt 0.562874 0.906798
vt 0.652536 0.624923
vt 0.649749 0.620394
vt 0.653969 0.619718
vt 0.653761 0.626169
vt 0.167130 0.781472
vt 0.653505 0.627651
vt 0.432972 0.911446
vt 0.444752 0.916459
vt 0.441617 0.919363
vt 0.308662 0.844934
vt 0.311264 0.845479
vt 0.941874 0.681637
vt 0.837394 0.565132
vt 0.843177 0.562952
vt 0.667271 0.837682
vt 0.846828 0.572682
vt 0.821534 0.518970
vt 0.824055 0.512922
vt 0.824147 0.518234
vt 0.581672 0.679073
vt 0.991192 0.464189
vt 0.333285 0.923888
vt 0.317038 0.845095
vt 0.718701 0.739472
vt 0.751502 0.784533
vt 0.988406 0.442603
vt 0.319087 0.692473
vt 0.336977 0.656085
vt 0.146336 0.800251
vt 0.146435 0.790710
vt 0.147723 0.790507
vt 0.351895 0.647885
vt 0.321553 0.692870
vt 0.457790 0.831466
vt 0.459053 0.830822
vt 0.989311 0.423732
vt 0.729083 0.764168
vt 0.459958 0.745211
vt 0.584650 0.738152
vt 0.729603 0.678726
vt 0.451205 0.791067
vt 0.784455 0.321864
vt 0.785748 0.321753
vt 0.785569 0.310924
vt 0.786991 0.310846
vt 0.720864 0.724730
vt 0.722587 0.709659
vt 0.335570 0.949762
vt 0.333653 0.947872
vt 0.337980 0.945610
vt 0.336598 0.921305
vt 0.539717 0.657443
vt 0.444161 0.863433
vt 0.702258 0.863643
vt 0.706368 0.868448
vt 0.703430 0.856355
vt 0.703671 0.625851
vt 0.702868 0.626130
vt 0.703320 0.622298
vt 0.342414 0.945115
vt 0.340360 0.949077
vt 0.818625 0.525147
vt 0.819567 0.521770
vt 0.822473 0.522704
vt 0.343466 0.949063
vt 0.824103 0.521084
vt 0.447877 0.862538
vt 0.848576 0.567035
vt 0.848763 0.568440
vt 0.337279 0.951435
vt 0.339806 0.951452
vt 0.406376 0.838473
vt 0.417309 0.846446
vt 0.430093 0.852232
vt 0.788874 0.560117
vt 0.822894 0.320786
vt 0.333401 0.929764
vt 0.597906 0.767550
vt 0.995481 0.677653
vt 0.995783 0.666961
vt 0.996846 0.677658
vt 0.318825 0.707190
vt 0.469209 0.731346
vt 0.467518 0.730911
vt 0.478715 0.717821
vt 0.572168 0.637374
vt 0.704682 0.622560
vt 0.704481 0.626124
vt 0.807606 0.516806
vt 0.340360 0.922917
vt 0.342414 0.926878
vt 0.337980 0.926395
vt 0.342925 0.921729
vt 0.800608 0.525667
vt 0.339844 0.920236
vt 0.397794 0.637287
vt 0.147224 0.925583
vt 0.942795 0.166075
vt 0.943477 0.165216
vt 0.813877 0.797178
vt 0.146360 0.924409
vt 0.942088 0.175205
vt 0.944008 0.187809
vt 0.524190 0.860129
vt 0.146932 0.934292
vt 0.848776 0.802226
vt 0.988097 0.300855
vt 0.987476 0.309181
vt 0.708041 0.629768
vt 0.942953 0.155431
vt 0.942327 0.163224
vt 0.440467 0.629930
vt 0.448413 0.629768
vt 0.187423 0.925621
vt 0.186272 0.922934
vt 0.570063 0.868027
vt 0.558341 0.866907
vt 0.893006 0.927344
vt 0.426034 0.914243
vt 0.426309 0.917513
vt 0.841591 0.549941
vt 0.881746 0.935486
vt 0.415407 0.933593
vt 0.529919 0.914147
vt 0.532065 0.912510
vt 0.823709 0.554606
vt 0.895187 0.934871
vt 0.908680 0.916130
vt 0.911882 0.916632
vt 0.508445 0.908498
vt 0.504658 0.930394
vt 0.898440 0.924368
vt 0.492409 0.916645
vt 0.904634 0.525697
vt 0.493179 0.926292
vt 0.925248 0.927994
vt 0.924159 0.932577
vt 0.889556 0.508156
vt 0.663931 0.931908
vt 0.861962 0.935806
vt 0.859138 0.935921
vt 0.658671 0.923806
vt 0.662913 0.911375
vt 0.537766 0.907102
vt 0.918483 0.274925
vt 0.547644 0.908279
vt 0.659668 0.913320
vt 0.924667 0.274132
vt 0.550300 0.911946
vt 0.869266 0.920902
vt 0.870282 0.925828
vt 0.552114 0.915779
vt 0.531845 0.926732
vt 0.534967 0.927609
vt 0.551314 0.924453
vt 0.545440 0.928704
vt 0.934102 0.286150
vt 0.618124 0.914869
vt 0.486731 0.484095
vt 0.466108 0.448634
vt 0.613577 0.908651
vt 0.856827 0.270123
vt 0.858343 0.267412
vt 0.849180 0.924031
vt 0.862409 0.286217
vt 0.876086 0.267179
vt 0.865810 0.288194
vt 0.870866 0.287685
vt 0.875114 0.286588
vt 0.675796 0.931594
vt 0.878784 0.280672
s 1
usemtl Material.028
f 14/1/1 281/2/1 351/3/1
f 2871/4/2 353/5/2 352/6/2
f 308/7/3 301/8/4 2871/4/5
f 360/9/6 352/6/6 392/10/6
f 358/11/7 2870/12/7 359/13/7
f 2872/14/8 316/15/8 317/16/8
f 345/17/9 317/16/9 2890/18/9
f 308/7/10 312/19/10 313/20/10
f 301/8/4 308/7/3 313/20/11
f 262/21/12 264/22/13 1616/23/14
f 262/21/15 2878/24/15 159/25/15
f 1638/26/16 2874/27/16 2873/28/16
f 2873/28/17 2874/27/17 2881/29/17
f 433/30/18 510/31/18 432/32/18
f 1610/33/19 2875/34/19 274/35/19
f 264/22/20 2875/34/20 1610/33/20
f 264/22/21 279/36/21 2875/34/21
f 282/37/22 2876/38/22 2877/39/22
f 361/40/23 2876/38/23 282/37/23
f 356/41/24 3112/42/24 302/43/24
f 302/43/25 3112/42/25 1652/44/25
f 262/21/26 1616/23/26 2878/24/26
f 1616/23/27 2880/45/27 2878/24/27
f 1617/46/28 4/47/28 265/48/28
f 159/25/29 2878/24/29 1615/49/29
f 1619/50/30 1545/51/30 8/52/30
f 160/53/31 285/54/31 296/55/31
f 285/54/32 297/56/32 296/55/32
f 325/57/33 323/58/33 326/59/33
f 326/59/34 323/58/34 18/60/34
f 9/61/35 285/54/36 275/62/37
f 134/63/38 2879/64/38 502/65/38
f 996/66/39 315/67/39 2879/64/39
f 2879/64/40 508/68/40 314/69/40
f 1574/70/41 321/71/41 322/72/41
f 321/71/42 3223/73/42 1016/74/42
f 2881/29/43 6/75/43 276/76/43
f 2880/45/44 2881/29/44 1617/46/44
f 998/77/45 999/78/45 995/79/45
f 995/79/46 999/78/46 318/80/46
f 995/79/47 318/80/47 3101/81/47
f 266/82/48 2886/83/48 1/84/48
f 2882/85/49 349/86/49 336/87/49
f 1611/88/50 1612/89/50 2883/90/50
f 2883/90/51 287/91/51 286/92/51
f 1637/93/52 2883/90/52 1636/94/52
f 433/30/53 1567/95/53 510/31/53
f 1567/95/54 282/37/54 510/31/54
f 510/31/55 282/37/55 281/2/55
f 510/31/56 281/2/56 14/1/56
f 2884/96/57 298/97/57 356/41/57
f 2884/98/58 356/99/58 357/100/58
f 2884/98/59 357/100/59 314/69/59
f 300/101/60 329/102/60 324/103/60
f 329/102/61 330/104/61 323/58/61
f 17/105/62 332/106/62 295/107/62
f 1012/108/63 997/109/63 332/106/63
f 332/106/64 997/109/64 333/110/64
f 2882/85/65 2885/111/65 2886/83/65
f 2885/111/66 377/112/66 2886/83/66
f 336/87/67 2885/111/67 2882/85/67
f 1634/113/68 2887/114/68 1633/115/68
f 471/116/69 472/117/69 2887/114/69
f 2887/118/70 1643/119/70 1582/120/70
f 1633/121/71 1582/120/71 3233/122/71
f 1633/115/72 3233/123/72 166/124/72
f 370/125/73 365/126/73 2888/127/73
f 372/128/74 365/126/74 367/129/74
f 295/107/75 2888/127/75 372/128/75
f 1019/130/76 370/125/76 2888/127/76
f 1632/131/77 462/132/77 165/133/77
f 275/62/78 1544/134/78 2889/135/78
f 274/35/79 275/62/79 2889/135/79
f 2889/135/80 1544/134/81 2873/28/82
f 290/136/83 291/137/83 273/138/83
f 375/139/84 324/103/84 316/15/84
f 326/59/85 18/60/85 998/77/85
f 2891/140/86 1540/141/86 2892/142/86
f 276/143/87 1541/144/87 2891/140/87
f 15/145/88 320/146/88 2892/142/88
f 2892/142/89 320/146/89 2891/140/89
f 1016/147/90 1657/148/90 1656/149/90
f 1015/150/91 1656/149/91 135/151/91
f 1016/147/92 1656/149/92 1015/150/92
f 290/136/93 283/152/93 291/137/93
f 290/136/94 339/153/94 17/105/94
f 18/60/95 323/58/96 997/109/97
f 2893/154/98 260/155/98 2895/156/98
f 1014/157/99 2894/158/99 310/159/99
f 2895/156/100 15/145/100 1540/141/100
f 340/160/101 2896/161/101 996/66/101
f 261/162/102 2897/163/102 271/164/102
f 261/162/103 272/165/103 2/166/103
f 388/167/104 309/168/104 2897/163/104
f 271/164/105 263/169/105 279/170/105
f 301/8/106 313/20/106 994/171/106
f 993/172/107 994/171/107 995/79/107
f 263/169/108 344/173/108 2899/174/108
f 2898/175/109 2899/174/109 273/138/109
f 279/170/110 273/138/111 7/176/112
f 261/162/113 2900/177/113 347/178/113
f 19/179/114 342/180/114 508/68/114
f 508/68/115 342/180/115 2884/98/115
f 508/68/116 2884/98/116 314/69/116
f 340/160/117 996/66/117 134/63/117
f 134/63/118 996/66/118 2879/64/118
f 364/181/119 2902/182/119 2901/183/119
f 2901/183/120 20/184/120 289/185/120
f 360/186/121 392/187/121 1550/188/121
f 1611/88/122 2903/189/122 1612/89/122
f 334/190/123 2905/191/123 328/192/123
f 328/192/124 342/180/124 19/179/124
f 2983/193/125 10/194/125 2905/195/125
f 2905/191/126 10/196/127 342/180/128
f 2906/197/129 362/198/129 330/199/129
f 330/199/130 1602/200/130 21/201/130
f 329/102/131 2906/202/131 330/104/131
f 363/203/132 2906/204/132 329/205/132
f 330/199/133 362/198/133 2908/206/133
f 330/199/134 2908/206/134 1602/200/134
f 2908/206/135 362/198/135 1552/207/135
f 2907/208/136 2908/206/136 1552/207/136
f 1602/200/137 2908/206/137 2907/208/137
f 25/209/138 377/112/138 2885/111/138
f 25/209/139 2885/111/139 336/87/139
f 374/210/140 368/211/140 377/112/140
f 377/112/141 369/212/141 13/213/141
f 2909/214/142 394/215/142 373/216/142
f 394/215/143 33/217/143 379/218/143
f 26/219/144 2909/220/144 373/221/144
f 296/55/145 372/222/145 1607/223/145
f 1607/223/146 367/224/146 366/225/146
f 1607/223/147 366/225/147 2933/226/147
f 2910/227/148 2911/228/148 338/229/148
f 1553/230/149 26/219/149 2910/231/149
f 2912/232/150 2913/233/150 408/234/150
f 408/234/151 2913/233/151 404/235/151
f 384/236/152 385/237/152 2912/232/152
f 408/234/153 404/235/153 34/238/153
f 2914/239/154 2918/240/154 388/167/154
f 2915/241/155 389/242/155 384/236/155
f 352/6/156 353/5/156 2915/241/156
f 389/242/157 30/243/157 385/237/157
f 390/244/158 384/236/158 29/245/158
f 392/10/159 2915/241/159 391/246/159
f 1551/247/160 1550/188/160 2916/248/160
f 2917/249/161 1601/250/161 1600/251/161
f 435/252/162 1641/253/162 3241/254/162
f 1630/255/163 435/252/163 162/256/163
f 412/257/164 26/219/164 1646/258/164
f 309/168/165 2918/240/166 993/172/167
f 309/168/168 388/167/168 2918/240/168
f 2918/240/166 1002/259/169 993/172/167
f 1647/260/170 2919/261/170 1601/250/170
f 1647/260/171 1646/258/171 2919/261/171
f 1557/262/172 410/263/172 2920/264/172
f 32/265/173 1557/266/173 393/267/173
f 410/263/174 2945/268/174 2920/264/174
f 2920/264/175 431/269/176 33/217/177
f 2922/270/178 34/271/178 1556/272/178
f 2921/273/179 1593/274/179 1647/260/179
f 409/275/180 408/276/180 2922/270/180
f 2923/277/181 383/278/181 382/279/181
f 401/280/182 382/279/182 411/281/182
f 402/282/183 2923/277/184 401/280/185
f 2924/283/186 465/284/186 1626/285/186
f 3245/286/187 1645/287/187 2924/283/187
f 2924/283/188 1645/287/188 465/284/188
f 1626/285/189 465/284/189 31/288/189
f 411/281/190 25/209/190 1011/289/190
f 380/290/191 399/291/191 2918/240/191
f 2929/292/192 1639/293/192 2928/294/192
f 400/295/193 2930/296/193 399/291/193
f 2930/296/194 444/297/195 424/298/196
f 399/291/197 424/298/198 406/299/199
f 2931/300/200 35/301/200 423/302/200
f 405/303/201 35/301/201 2931/300/201
f 35/301/202 428/304/202 2939/305/202
f 335/306/203 2934/307/203 294/308/203
f 2933/226/204 335/309/204 2902/310/204
f 366/311/205 2934/307/205 2933/312/205
f 379/218/206 2935/313/206 28/314/206
f 33/217/207 2935/313/207 379/218/207
f 424/298/208 2936/315/208 1009/316/208
f 2936/315/209 137/317/210 447/318/211
f 2937/319/212 401/280/212 2932/320/212
f 505/321/213 2937/319/214 1010/322/215
f 430/323/216 421/324/216 2937/319/216
f 419/325/217 444/297/217 2930/296/217
f 449/326/218 2938/327/218 419/325/218
f 450/328/219 41/329/219 2938/327/219
f 2938/327/220 41/329/220 446/330/220
f 453/331/221 2939/305/221 452/332/221
f 2939/305/222 447/318/222 2940/333/222
f 423/302/223 2939/305/223 453/331/223
f 452/334/224 2940/335/224 451/336/224
f 2941/337/225 451/336/225 2942/338/225
f 39/339/226 453/340/226 1586/341/226
f 1586/341/227 2941/337/227 1587/342/227
f 440/343/228 2943/344/228 2945/268/228
f 2943/344/229 2944/345/230 418/346/231
f 37/347/232 440/343/232 410/263/232
f 438/348/233 40/349/233 2944/350/233
f 2945/268/234 418/346/234 431/269/234
f 24/351/235 2947/352/235 369/353/235
f 369/353/236 2946/354/236 13/355/236
f 2947/352/237 434/356/237 435/252/237
f 2947/352/238 435/252/238 2946/354/238
f 162/256/239 3240/357/239 2948/358/239
f 306/359/240 2951/360/240 12/361/240
f 2949/362/241 1629/363/241 163/364/241
f 159/25/242 2949/362/242 1614/365/242
f 1615/49/243 2949/362/243 159/25/243
f 458/366/244 1629/363/244 1615/49/244
f 1621/367/245 1630/255/245 162/256/245
f 1606/368/246 2950/369/246 1605/370/246
f 2951/360/247 387/371/247 12/361/247
f 456/372/248 2952/373/248 2951/360/248
f 2952/373/249 27/374/249 386/375/249
f 31/376/250 2954/377/250 1555/378/250
f 1555/379/251 2953/380/251 24/381/251
f 1614/365/252 460/382/252 466/383/252
f 159/25/253 1614/365/253 262/21/253
f 466/383/254 2/384/254 262/21/254
f 1625/385/255 1626/386/255 2955/387/255
f 2955/387/256 1632/131/256 165/133/256
f 1659/388/257 1631/389/257 164/390/257
f 1598/391/258 1658/392/258 1597/393/258
f 460/382/259 2956/394/259 466/383/259
f 463/395/260 2957/396/260 2956/394/260
f 441/397/261 469/398/261 36/399/261
f 2958/400/262 468/401/262 472/117/262
f 378/402/263 2962/403/263 27/404/263
f 480/405/264 2961/406/264 1662/407/264
f 47/408/265 2961/406/265 478/409/265
f 469/410/266 1634/113/266 1627/411/266
f 1634/113/267 1633/115/267 1590/412/267
f 2962/413/268 413/414/268 27/415/268
f 414/416/269 473/417/269 396/418/269
f 304/419/270 485/420/270 303/421/270
f 2965/422/271 476/423/271 481/424/271
f 2966/425/272 50/426/272 1565/427/272
f 443/428/273 2966/425/273 468/429/273
f 484/430/274 2968/431/274 485/432/274
f 480/405/275 486/433/275 2968/434/275
f 2969/435/276 427/436/276 426/437/276
f 481/438/277 426/439/277 396/440/277
f 476/423/278 2969/441/278 481/424/278
f 2969/435/279 479/442/279 482/443/279
f 427/436/280 482/443/281 38/444/282
f 490/445/283 491/446/283 303/421/283
f 47/408/284 305/447/284 492/448/284
f 166/124/285 2970/449/286 1590/412/287
f 166/124/288 2971/450/288 2970/449/288
f 166/124/289 43/451/289 2971/450/289
f 2971/450/290 493/452/290 417/453/290
f 1577/454/291 2972/455/291 1576/456/291
f 2975/457/292 2972/458/292 2974/459/292
f 1654/460/293 2972/455/293 1577/454/293
f 2973/461/294 2972/462/294 2961/406/294
f 2975/457/295 2974/459/295 46/463/295
f 2944/345/296 422/464/296 1010/322/296
f 1010/322/297 2932/320/297 506/465/297
f 493/466/298 449/326/298 38/467/298
f 2977/468/299 496/469/299 450/328/299
f 2979/470/300 2978/471/300 1570/472/300
f 1571/473/301 2978/474/301 497/475/301
f 500/476/302 498/477/302 499/478/302
f 513/479/303 514/480/303 2981/481/303
f 436/482/304 2980/483/304 515/484/304
f 437/485/305 512/486/306 2980/483/307
f 514/480/308 49/487/308 503/488/308
f 2981/481/309 503/488/309 48/489/309
f 516/490/310 2982/491/310 518/492/310
f 517/493/311 500/476/311 2982/491/311
f 499/494/312 504/495/312 1007/496/312
f 395/497/313 1011/289/313 501/498/313
f 501/498/314 1011/289/314 433/30/314
f 338/229/315 395/497/315 501/498/315
f 1649/499/316 3260/500/316 1651/501/316
f 2983/193/317 1651/501/317 10/194/317
f 518/502/318 1007/496/318 1006/503/318
f 450/328/319 2984/504/319 516/490/319
f 496/505/320 511/506/320 2984/507/320
f 2984/504/321 51/508/321 2985/509/321
f 2985/509/322 51/508/322 507/510/322
f 517/493/323 507/510/323 500/476/323
f 2987/511/324 48/489/324 2988/512/324
f 42/513/325 515/514/325 2986/515/325
f 2988/512/326 48/489/326 1568/516/326
f 524/517/327 52/518/327 529/519/327
f 524/517/328 526/520/328 53/521/328
f 578/522/329 571/523/329 592/524/329
f 604/525/330 578/522/331 605/526/332
f 592/524/333 571/523/333 66/527/333
f 529/528/334 525/529/334 532/530/334
f 529/528/335 532/530/335 526/531/335
f 52/532/336 558/533/336 525/529/336
f 596/534/337 571/523/337 578/522/337
f 596/534/338 578/522/338 604/525/338
f 530/535/339 537/536/339 538/537/339
f 530/535/340 549/538/340 537/536/340
f 530/535/341 538/537/341 581/539/341
f 525/529/342 555/540/343 530/535/344
f 593/541/345 592/542/345 577/543/345
f 592/542/346 66/544/346 65/545/346
f 537/536/347 535/546/347 542/547/347
f 55/548/348 541/549/348 56/550/348
f 551/551/349 56/550/349 549/538/349
f 551/551/350 549/538/350 530/535/350
f 567/552/351 574/553/351 3005/554/351
f 542/555/352 535/556/352 545/557/352
f 545/557/353 543/558/354 589/559/355
f 56/550/356 546/560/356 549/538/356
f 56/550/357 57/561/357 546/560/357
f 56/550/358 541/549/358 57/561/358
f 598/562/359 570/563/359 569/564/359
f 545/557/360 539/565/360 548/566/360
f 543/558/361 548/566/361 580/567/361
f 546/568/362 539/565/362 535/556/362
f 64/569/363 550/570/364 548/566/365
f 580/567/366 550/570/366 59/571/366
f 544/572/367 58/573/367 540/574/367
f 572/575/368 571/523/368 596/534/368
f 63/576/369 536/577/369 64/569/369
f 533/578/370 556/579/370 553/580/370
f 552/581/371 60/582/371 536/583/371
f 536/583/372 60/582/372 533/584/372
f 577/585/373 570/563/373 598/562/373
f 601/586/374 576/587/374 598/562/374
f 577/585/375 65/588/375 570/563/375
f 2990/589/376 2989/590/376 554/591/376
f 60/592/377 531/593/377 533/578/377
f 533/578/378 531/593/378 556/579/378
f 600/594/379 568/595/379 567/596/379
f 2990/589/380 562/597/380 2989/590/380
f 527/598/381 2990/589/382 556/579/383
f 2992/599/384 574/553/384 567/552/384
f 2993/600/385 569/564/385 570/563/385
f 2994/601/386 66/527/386 571/523/386
f 2995/602/387 571/523/387 572/575/387
f 2996/603/388 572/575/388 573/604/388
f 2996/605/389 573/606/389 574/553/389
f 557/607/390 566/608/390 562/597/390
f 2989/609/391 566/610/391 563/611/391
f 521/612/392 557/607/392 2990/589/392
f 563/611/393 564/613/393 53/521/393
f 520/614/394 560/615/394 557/616/394
f 602/617/395 598/562/395 568/595/395
f 560/615/396 522/618/396 519/619/396
f 3005/554/397 574/553/397 599/620/397
f 599/621/398 573/604/398 596/534/398
f 585/622/399 584/623/399 595/624/399
f 53/521/400 586/625/400 563/611/400
f 588/626/401 3005/554/401 584/627/401
f 575/628/402 602/617/402 600/594/402
f 532/530/403 581/539/403 526/531/403
f 590/629/404 603/630/404 601/631/404
f 59/571/405 579/632/405 580/567/405
f 591/633/406 605/634/407 582/635/408
f 526/520/409 575/636/409 587/637/409
f 53/521/410 526/520/410 586/625/410
f 587/637/411 600/638/411 588/626/411
f 581/539/412 601/586/412 602/617/412
f 538/537/413 589/639/414 581/539/415
f 581/539/416 590/640/416 601/586/416
f 588/626/417 597/641/417 3005/554/417
f 580/567/418 583/642/418 543/558/418
f 579/632/419 582/635/419 583/642/419
f 554/591/420 604/525/420 59/643/420
f 563/611/421 585/644/421 2989/609/421
f 589/559/422 583/642/422 590/629/422
f 583/642/423 582/635/423 590/629/423
f 613/645/424 607/646/424 616/647/424
f 666/648/425 659/649/425 681/650/425
f 692/651/426 666/652/427 693/653/428
f 681/650/429 659/649/429 79/654/429
f 616/655/430 677/656/430 608/657/430
f 606/658/431 649/659/431 607/646/431
f 3006/660/432 661/661/432 3022/662/432
f 616/655/433 614/663/433 617/664/433
f 617/664/434 669/665/434 677/656/434
f 607/666/435 646/667/435 614/663/435
f 685/668/436 659/669/436 666/652/436
f 685/668/437 666/652/437 692/651/437
f 617/664/438 624/670/438 625/671/438
f 617/664/439 621/672/439 624/670/439
f 617/664/440 625/671/440 669/665/440
f 614/663/441 642/673/442 617/664/443
f 682/674/444 681/675/444 665/676/444
f 681/675/445 79/677/445 78/678/445
f 624/670/446 621/672/446 628/679/446
f 639/680/447 69/681/447 621/672/447
f 639/680/448 621/672/448 617/664/448
f 655/682/449 662/683/449 3021/684/449
f 69/681/450 634/685/450 621/672/450
f 69/681/451 632/686/451 634/685/451
f 687/687/452 658/688/452 657/689/452
f 633/690/453 626/691/453 636/692/453
f 630/693/454 636/692/454 668/694/454
f 634/685/455 626/695/456 621/672/457
f 77/696/458 638/697/459 636/692/460
f 668/694/461 638/697/461 71/698/461
f 660/699/462 659/669/462 685/668/462
f 684/700/463 685/668/463 692/651/463
f 635/701/464 622/702/464 77/703/464
f 620/704/465 644/705/465 640/706/465
f 72/707/466 73/708/466 622/702/466
f 622/702/467 73/708/467 620/709/467
f 643/710/468 73/708/468 72/707/468
f 665/711/469 658/688/469 687/687/469
f 689/712/470 664/713/470 687/687/470
f 665/711/471 78/714/471 658/688/471
f 3008/715/472 3007/716/472 641/717/472
f 73/718/473 618/719/473 620/704/473
f 643/720/474 74/721/474 73/718/474
f 620/704/475 618/719/475 644/705/475
f 688/722/476 656/723/476 655/724/476
f 3008/715/477 651/725/477 3007/716/477
f 3007/716/478 651/725/478 648/726/478
f 615/727/479 3008/715/480 644/705/481
f 3010/728/482 662/683/482 655/682/482
f 3011/729/483 657/689/483 658/688/483
f 3012/730/484 659/669/484 660/699/484
f 3013/731/485 660/699/485 661/732/485
f 3013/733/486 661/661/486 662/683/486
f 645/734/487 653/735/487 651/725/487
f 648/736/488 653/737/488 76/738/488
f 610/739/489 645/734/489 3008/715/489
f 643/720/490 650/740/490 74/721/490
f 609/741/491 647/742/491 645/734/491
f 690/743/492 687/687/492 656/723/492
f 652/744/493 606/658/493 613/645/493
f 652/745/494 608/746/494 76/738/494
f 647/747/495 612/748/495 606/749/495
f 3021/684/496 662/683/496 3006/660/496
f 3022/750/497 660/699/497 684/700/497
f 648/726/498 683/751/498 3007/716/498
f 673/752/499 672/753/499 683/751/499
f 672/753/500 3022/750/500 684/700/500
f 663/754/501 690/743/501 688/722/501
f 679/755/502 691/756/503 689/757/504
f 71/698/505 667/758/505 668/694/505
f 680/759/506 693/760/507 670/761/508
f 683/751/509 684/700/509 641/717/509
f 3023/762/510 663/763/510 675/764/510
f 608/746/511 3023/762/511 674/765/511
f 675/764/512 688/766/512 676/767/512
f 669/665/513 689/712/513 690/743/513
f 625/671/514 678/768/514 669/665/514
f 676/767/515 686/769/515 3021/684/515
f 668/694/516 671/770/516 630/693/516
f 667/758/517 670/761/517 671/770/517
f 641/717/518 692/651/518 71/771/518
f 76/738/519 673/772/519 648/736/519
f 630/693/520 671/770/520 678/773/520
f 671/770/521 670/761/521 679/755/521
f 702/774/522 696/775/522 705/776/522
f 701/777/523 695/778/523 694/779/523
f 761/780/524 752/781/524 778/782/524
f 790/783/525 761/780/526 791/784/527
f 778/782/528 752/781/528 96/785/528
f 705/786/529 772/787/529 697/788/529
f 80/789/530 708/790/530 81/791/530
f 695/778/531 741/792/531 696/775/531
f 703/793/532 706/794/532 710/795/532
f 705/786/533 703/793/533 710/795/533
f 710/795/534 764/796/534 772/787/534
f 81/797/535 708/798/535 82/799/535
f 696/800/536 739/801/536 703/793/536
f 782/802/537 752/781/537 761/780/537
f 782/802/538 753/803/538 752/781/538
f 782/802/539 761/780/539 790/783/539
f 710/795/540 714/804/540 715/805/540
f 706/794/541 711/806/541 714/804/541
f 710/795/542 715/805/542 764/796/542
f 82/799/543 713/807/543 83/808/543
f 703/793/544 735/809/544 706/794/544
f 779/810/545 778/811/545 785/812/545
f 778/811/546 96/813/547 95/814/548
f 714/804/549 711/806/549 718/815/549
f 83/808/550 713/807/550 84/816/550
f 732/817/551 84/816/551 711/806/551
f 732/817/552 711/806/552 706/794/552
f 747/818/553 756/819/553 3042/820/553
f 99/821/554 783/822/554 3042/820/554
f 84/816/555 725/823/555 711/806/555
f 84/816/556 85/824/556 725/823/556
f 84/816/557 723/825/557 85/824/557
f 788/826/558 776/827/558 784/828/558
f 776/827/559 751/829/559 784/828/559
f 784/828/560 751/829/560 750/830/560
f 726/831/561 727/832/561 724/833/561
f 721/834/562 727/832/562 763/835/562
f 725/836/563 716/837/563 711/838/563
f 85/839/564 723/840/564 3024/841/564
f 97/842/565 787/843/565 783/822/565
f 94/844/566 729/845/566 727/832/566
f 720/846/567 94/844/567 726/831/567
f 763/835/568 729/845/568 86/847/568
f 3024/848/569 717/849/569 722/850/569
f 716/837/570 717/849/570 720/846/570
f 754/851/571 753/803/571 782/802/571
f 98/852/572 782/802/572 790/783/572
f 720/846/573 712/853/573 94/844/573
f 709/854/574 737/855/574 733/856/574
f 87/857/575 88/858/575 712/859/575
f 712/860/576 88/861/576 709/854/576
f 736/862/577 88/858/577 87/857/577
f 760/863/578 751/829/578 776/827/578
f 788/826/579 759/864/579 776/827/579
f 760/863/580 95/865/580 751/829/580
f 730/866/581 3026/867/581 737/855/581
f 3026/867/582 3025/868/582 734/869/582
f 88/861/583 707/870/583 709/854/583
f 736/871/584 89/872/584 88/861/584
f 709/854/585 707/870/585 730/866/585
f 787/873/586 749/874/586 748/875/586
f 3026/867/587 743/876/587 3025/868/587
f 3025/868/588 743/876/588 740/877/588
f 742/878/589 90/879/589 89/872/589
f 704/880/590 3026/867/590 730/866/590
f 3028/881/591 756/819/591 747/818/591
f 3028/881/592 747/818/592 748/882/592
f 3029/883/593 750/830/593 751/829/593
f 3031/884/594 96/785/594 752/781/594
f 3032/885/595 752/781/595 753/803/595
f 3032/885/596 753/803/596 754/851/596
f 3033/886/597 754/851/597 755/887/597
f 3033/888/598 755/889/598 756/819/598
f 738/890/599 745/891/599 743/876/599
f 740/892/600 745/893/600 92/894/600
f 742/878/601 91/895/601 90/879/601
f 699/896/602 738/890/602 3026/867/602
f 746/897/603 93/898/603 91/899/603
f 787/873/604 784/828/604 749/874/604
f 744/900/605 697/901/605 92/894/605
f 746/897/606 700/902/606 93/898/606
f 99/821/607 3042/820/607 786/903/607
f 3042/820/608 756/819/608 786/903/608
f 786/904/609 755/887/609 98/852/609
f 740/877/610 780/905/610 3025/868/610
f 768/906/611 767/907/611 781/908/611
f 772/787/612 788/826/612 787/873/612
f 758/909/613 787/873/613 97/910/613
f 775/911/614 789/912/614 788/913/614
f 86/847/615 762/914/615 763/835/615
f 777/915/616 791/916/617 765/917/618
f 3043/918/619 758/919/619 770/920/619
f 697/901/620 3043/918/620 769/921/620
f 771/922/621 97/842/621 99/821/621
f 770/920/622 97/842/622 771/922/622
f 715/805/623 773/923/623 764/796/623
f 763/835/624 766/924/624 721/834/624
f 762/914/625 765/917/625 766/924/625
f 734/869/626 790/783/626 731/925/626
f 92/894/627 757/926/627 740/892/627
f 757/927/628 768/906/628 780/905/628
f 731/925/629 777/928/629 86/929/629
f 773/930/630 766/924/630 774/931/630
f 721/834/631 766/924/631 773/930/631
f 766/924/632 765/917/632 775/911/632
f 798/932/633 801/933/633 792/934/633
f 840/935/634 797/936/634 843/937/634
f 861/938/635 852/939/635 876/940/635
f 890/941/636 861/938/637 891/942/638
f 876/940/639 852/939/639 113/943/639
f 3044/944/640 803/945/640 801/946/640
f 3045/947/641 3046/948/641 803/945/641
f 101/949/642 828/950/642 834/951/642
f 880/952/643 852/939/643 861/938/643
f 880/952/644 853/953/644 852/939/644
f 880/952/645 861/938/645 890/941/645
f 3046/948/646 810/954/646 863/955/646
f 828/950/647 824/956/648 829/957/649
f 828/950/650 808/958/650 102/959/650
f 877/960/651 876/961/651 883/962/651
f 876/961/652 113/963/653 112/964/654
f 102/959/655 822/965/656 824/956/657
f 102/959/658 808/958/658 103/966/658
f 847/967/659 856/968/659 3065/969/659
f 888/970/660 881/971/660 3065/969/660
f 814/972/661 817/973/661 812/974/661
f 3047/975/662 817/973/662 814/972/662
f 811/976/663 3047/975/663 814/972/663
f 818/977/664 811/978/664 822/965/664
f 822/965/665 811/978/665 809/979/665
f 887/980/666 874/981/666 882/982/666
f 874/981/667 851/983/667 882/982/667
f 882/982/668 851/983/668 850/984/668
f 3047/975/669 820/985/669 817/973/669
f 813/986/670 820/985/670 3047/975/670
f 818/987/671 819/988/671 3048/989/671
f 820/985/672 823/990/672 821/991/672
f 821/991/673 823/990/673 106/992/673
f 3048/989/674 813/986/674 816/993/674
f 816/993/675 813/986/675 3047/975/675
f 854/994/676 853/953/676 880/952/676
f 114/995/677 880/952/677 890/941/677
f 820/985/678 807/996/678 826/997/678
f 825/998/679 806/999/679 105/1000/679
f 827/1001/680 831/1002/680 832/1003/680
f 106/1004/681 827/1001/681 832/1003/681
f 807/996/682 806/1005/682 804/1006/682
f 860/1007/683 851/983/683 874/981/683
f 886/1008/684 859/1009/684 874/981/684
f 860/1007/685 112/1010/685 851/983/685
f 832/1003/686 836/1011/686 837/1012/686
f 804/1013/687 107/1014/687 802/1015/687
f 830/1016/688 108/1017/688 107/1014/688
f 885/1018/689 849/1019/689 848/1020/689
f 837/1012/690 842/1021/690 839/1022/690
f 802/1015/691 108/1017/691 799/1023/691
f 841/1024/692 109/1025/692 108/1017/692
f 3050/1026/693 856/968/693 847/967/693
f 3050/1026/694 847/967/694 848/1027/694
f 3051/1028/695 850/984/695 851/983/695
f 3053/1029/696 113/943/696 852/939/696
f 3054/1030/697 852/939/697 853/953/697
f 3054/1030/698 853/953/698 854/994/698
f 3055/1031/699 854/994/699 855/1032/699
f 3055/1033/700 855/1034/700 856/968/700
f 839/1035/701 846/1036/701 110/1037/701
f 799/1023/702 109/1025/702 794/1038/702
f 841/1024/703 845/1039/703 109/1025/703
f 109/1025/704 845/1039/704 794/1038/704
f 799/1023/705 794/1038/705 833/1040/705
f 845/1041/706 793/1042/707 794/1043/708
f 887/980/709 882/982/709 849/1019/709
f 844/1044/710 797/936/711 798/932/712
f 844/1044/710 843/937/713 797/936/711
f 844/1044/714 792/934/714 110/1037/714
f 111/1045/715 796/1046/715 793/1042/715
f 3065/969/716 856/968/716 884/1047/716
f 884/1048/717 855/1032/717 114/995/717
f 839/1022/718 878/1049/718 837/1012/718
f 867/1050/719 866/1051/719 879/1052/719
f 870/1053/720 888/970/720 866/1054/720
f 858/1055/721 887/980/721 3067/1056/721
f 801/946/722 803/945/722 3066/1057/722
f 873/1058/723 889/1059/724 886/1060/725
f 106/992/726 862/1061/726 821/991/726
f 875/1062/727 891/1063/727 864/1064/727
f 3066/1065/728 858/1066/728 869/1067/728
f 792/934/729 3066/1065/729 868/1068/729
f 3067/1069/730 885/1070/730 881/971/730
f 869/1067/731 3067/1069/731 870/1053/731
f 863/955/732 886/1008/732 887/980/732
f 810/954/733 871/1071/733 863/955/733
f 870/1053/734 881/971/734 888/970/734
f 862/1061/735 864/1064/735 865/1072/735
f 832/1003/736 890/941/736 106/1004/736
f 110/1037/737 857/1073/737 839/1035/737
f 857/1074/738 867/1050/738 878/1049/738
f 871/1075/739 865/1072/739 872/1076/739
f 815/1077/740 865/1072/740 871/1075/740
f 865/1072/741 864/1064/741 873/1058/741
f 898/1078/742 115/1079/742 901/1080/742
f 960/1081/743 951/1082/743 977/1083/743
f 991/1084/744 960/1081/745 992/1085/746
f 977/1083/747 951/1082/747 132/1086/747
f 901/1087/748 899/1088/749 905/1089/750
f 901/1087/748 905/1089/750 893/1090/751
f 116/1091/752 904/1092/752 117/1093/752
f 899/1088/753 902/1094/753 907/1095/753
f 117/1096/754 904/1097/754 118/1098/754
f 115/1099/755 937/1100/755 899/1088/755
f 981/1101/756 951/1082/756 960/1081/756
f 981/1101/757 952/1102/757 951/1082/757
f 981/1101/758 960/1081/758 991/1084/758
f 907/1095/759 911/1103/759 912/1104/759
f 907/1095/760 912/1104/760 963/1105/760
f 118/1098/761 910/1106/761 119/1107/761
f 899/1088/762 933/1108/762 902/1094/762
f 978/1109/763 977/1110/763 984/1111/763
f 977/1110/764 132/1112/765 131/1113/766
f 911/1103/767 908/1114/767 915/1115/767
f 119/1107/768 910/1106/768 120/1116/768
f 930/1117/769 120/1116/769 908/1114/769
f 930/1117/770 908/1114/770 902/1094/770
f 946/1118/771 955/1119/771 3086/1120/771
f 989/1121/772 982/1122/772 3086/1120/772
f 915/1123/773 913/1124/773 921/1125/773
f 120/1116/774 923/1126/774 908/1114/774
f 120/1116/775 121/1127/775 923/1126/775
f 120/1116/776 920/1128/776 121/1127/776
f 988/1129/777 975/1130/777 983/1131/777
f 975/1130/778 950/1132/778 983/1131/778
f 983/1131/779 950/1132/779 949/1133/779
f 921/1125/780 924/1134/780 922/1135/780
f 917/1136/781 924/1134/781 921/1125/781
f 918/1137/782 925/1138/782 962/1139/782
f 923/1140/783 913/1124/784 908/1141/785
f 121/1142/786 920/1143/786 3068/1144/786
f 924/1134/787 927/1145/787 925/1138/787
f 130/1146/788 927/1145/788 924/1134/788
f 917/1136/789 130/1146/789 924/1134/789
f 962/1139/790 927/1145/790 122/1147/790
f 3068/1148/791 914/1149/791 919/1150/791
f 953/1151/792 952/1102/792 981/1101/792
f 133/1152/793 981/1101/793 991/1084/793
f 917/1136/794 909/1153/794 130/1146/794
f 906/1154/795 935/1155/795 931/1156/795
f 123/1157/796 124/1158/796 909/1159/796
f 909/1160/797 124/1161/797 906/1154/797
f 934/1162/798 124/1158/798 123/1157/798
f 959/1163/799 950/1132/799 975/1130/799
f 987/1164/800 958/1165/800 975/1130/800
f 959/1163/801 131/1166/801 950/1132/801
f 928/1167/802 3070/1168/802 935/1155/802
f 3070/1168/803 3069/1169/803 932/1170/803
f 124/1161/804 903/1171/804 906/1154/804
f 934/1172/805 125/1173/805 124/1161/805
f 906/1154/806 903/1171/806 928/1167/806
f 986/1174/807 948/1175/807 947/1176/807
f 3070/1168/808 942/1177/808 3069/1169/808
f 3069/1169/809 942/1177/809 939/1178/809
f 941/1179/810 126/1180/810 125/1173/810
f 900/1181/811 3070/1168/811 928/1167/811
f 3072/1182/812 955/1119/812 946/1118/812
f 3072/1182/813 946/1118/813 947/1183/813
f 3073/1184/814 949/1133/814 950/1132/814
f 3075/1185/815 132/1086/815 951/1082/815
f 3076/1186/816 951/1082/816 952/1102/816
f 3076/1186/817 952/1102/817 953/1151/817
f 3077/1187/818 953/1151/818 954/1188/818
f 3077/1189/819 954/1190/819 955/1119/819
f 936/1191/820 944/1192/820 942/1177/820
f 939/1193/821 944/1194/821 128/1195/821
f 941/1179/822 127/1196/822 126/1180/822
f 895/1197/823 936/1191/823 3070/1168/823
f 945/1198/824 129/1199/824 127/1200/824
f 894/1201/825 938/1202/825 936/1203/825
f 988/1129/826 983/1131/826 948/1175/826
f 943/1204/827 893/1205/827 128/1195/827
f 945/1198/828 896/1206/828 129/1199/828
f 938/1202/829 897/1207/829 892/1208/829
f 3086/1120/830 955/1119/830 985/1209/830
f 985/1210/831 954/1188/831 133/1152/831
f 939/1178/832 979/1211/832 3069/1169/832
f 967/1212/833 966/1213/833 980/1214/833
f 970/1215/834 989/1121/834 966/1216/834
f 957/1217/835 988/1129/835 3088/1218/835
f 905/1089/836 971/1219/836 3087/1220/836
f 974/1221/837 990/1222/838 987/1223/839
f 122/1147/840 961/1224/840 962/1139/840
f 976/1225/841 992/1226/842 964/1227/843
f 3087/1228/844 957/1229/844 969/1230/844
f 893/1205/845 3087/1228/845 968/1231/845
f 3088/1232/846 986/1233/846 982/1122/846
f 969/1230/847 3088/1232/847 970/1215/847
f 963/1105/848 987/1164/848 988/1129/848
f 912/1104/849 972/1234/849 963/1105/849
f 970/1215/850 982/1122/850 989/1121/850
f 962/1139/851 965/1235/851 918/1137/851
f 961/1224/852 964/1227/852 965/1235/852
f 932/1170/853 991/1084/853 929/1236/853
f 128/1195/854 956/1237/854 939/1193/854
f 956/1238/855 967/1212/855 979/1211/855
f 929/1236/856 976/1239/856 122/1240/856
f 972/1241/857 965/1235/857 973/1242/857
f 918/1137/858 965/1235/858 972/1241/858
f 965/1235/859 964/1227/859 974/1221/859
f 1008/1243/860 49/1244/860 514/1245/860
f 1621/367/861 459/1246/861 13/355/861
f 1562/1247/862 3100/1248/862 3089/1249/862
f 3092/1250/863 3091/1251/863 1570/1252/863
f 3094/1253/864 3091/1254/864 3093/1255/864
f 503/488/865 3094/1253/865 48/489/865
f 1009/316/866 448/1256/866 1005/1257/866
f 1004/1258/867 1005/1257/867 1003/1259/867
f 1595/1260/868 3097/1261/868 1658/1262/868
f 1552/207/869 3098/1263/869 22/1264/869
f 1004/1258/870 1003/1259/870 407/1265/870
f 3099/1266/871 1563/1267/872 1627/1268/873
f 1564/1269/874 1644/1270/874 3099/1266/874
f 1627/1268/873 1563/1267/872 36/1271/875
f 1001/1272/876 1002/259/876 30/243/876
f 353/5/877 1001/1272/877 389/242/877
f 1560/1273/878 3100/1274/878 3239/1275/878
f 1629/363/879 1560/1273/879 163/364/879
f 994/171/880 993/172/881 1001/1272/882
f 301/8/883 1001/1272/883 353/5/883
f 319/1276/884 16/1277/884 344/173/884
f 309/168/165 3101/81/885 343/1278/886
f 260/155/887 346/1279/887 15/145/887
f 1604/1280/888 322/1281/888 1014/1282/888
f 1650/1283/889 1014/1284/889 20/1285/889
f 327/1286/890 339/153/890 290/136/890
f 339/153/891 1013/1287/891 17/105/891
f 1662/407/892 1661/1288/892 3102/1289/892
f 497/475/893 1579/1290/893 1660/1291/893
f 1579/1290/894 1578/1292/894 3103/1293/894
f 45/1294/895 3102/1289/895 477/1295/895
f 1653/1296/896 1542/1297/897 3263/1298/898
f 3106/1299/899 3263/1298/899 3262/1300/899
f 455/1301/900 1645/287/900 3237/1302/900
f 455/1303/901 164/390/901 1631/389/901
f 333/110/902 136/1304/902 331/1305/902
f 333/110/903 331/1305/903 1019/130/903
f 318/80/904 16/1277/904 319/1276/904
f 318/80/905 999/78/905 327/1286/905
f 318/80/906 327/1286/906 16/1277/906
f 468/401/907 1565/1306/907 1642/1307/907
f 268/1308/908 267/1309/908 1636/94/908
f 3110/1310/909 1018/1311/909 1017/1312/909
f 1019/130/910 3110/1313/910 1017/1314/910
f 1548/1315/911 1019/1316/911 1017/1317/911
f 3111/1318/912 1017/1319/912 1574/1320/912
f 1604/1280/913 3111/1318/913 1574/1320/913
f 1623/1321/914 1609/1322/914 3112/42/914
f 1609/1322/915 3261/1323/915 3113/1324/915
f 3113/1324/916 3261/1323/916 1542/1297/916
f 1652/44/917 3113/1324/917 1653/1296/917
f 1118/1325/918 1109/1326/918 142/1327/918
f 1028/1328/919 1026/1329/919 1021/1330/919
f 1026/1329/920 1020/1331/920 1076/1332/920
f 1073/1333/921 1024/1334/922 1025/1335/923
f 1073/1333/921 1030/1336/924 1024/1334/922
f 1076/1332/925 1073/1333/925 1025/1335/925
f 1090/1337/926 1091/1338/926 1095/1339/926
f 1090/1340/927 1116/1341/927 1105/1342/927
f 1026/1343/928 1027/1344/928 1020/1345/928
f 1028/1346/929 1027/1344/929 1026/1343/929
f 1069/1347/930 1030/1336/931 1073/1333/932
f 1069/1347/930 1034/1348/933 1030/1336/931
f 1020/1331/934 1069/1347/934 1073/1333/934
f 1031/1349/935 1038/1350/935 1027/1344/935
f 1065/1351/936 1034/1352/936 1069/1353/937
f 1065/1351/936 1037/1354/938 1034/1352/936
f 1027/1344/939 1065/1351/939 1069/1353/939
f 1084/1355/940 3115/1356/940 1091/1338/940
f 1038/1350/941 1035/1357/941 1060/1358/941
f 1059/1359/942 1037/1354/942 1065/1351/942
f 1083/1360/943 1106/1361/943 1108/1362/943
f 1101/1363/944 1046/1364/944 1089/1365/944
f 1055/1366/945 1045/1367/945 1059/1359/945
f 1035/1357/946 1055/1366/946 1060/1358/946
f 1059/1359/947 1045/1367/947 1041/1368/947
f 1081/1369/948 3114/1370/948 1085/1371/948
f 1115/1372/949 1085/1371/949 1113/1373/949
f 1048/1374/950 1051/1375/950 1101/1376/950
f 1052/1377/951 1045/1367/951 1055/1366/951
f 1052/1377/952 1050/1378/952 1045/1367/952
f 1039/1379/953 1055/1366/953 1035/1357/953
f 1039/1379/954 1052/1377/954 1055/1366/954
f 1048/1374/955 1054/1380/955 1051/1375/955
f 1051/1375/956 1047/1381/956 1043/1382/956
f 1049/1383/957 1050/1384/958 1052/1385/959
f 1049/1383/957 1053/1386/960 1050/1384/958
f 1043/1382/961 1052/1387/961 1039/1388/961
f 1043/1382/962 1049/1389/962 1052/1387/962
f 1085/1371/963 3114/1370/963 1100/1390/963
f 1057/1391/964 139/1392/965 1054/1380/966
f 138/1393/967 1057/1391/967 1054/1380/967
f 1044/1394/968 1053/1386/969 1049/1383/970
f 1044/1394/968 1056/1395/971 1053/1386/969
f 1047/1381/972 1049/1389/972 1043/1382/972
f 1047/1381/973 1044/1396/973 1049/1389/973
f 3115/1356/974 1111/1397/974 1095/1339/974
f 1058/1398/975 1062/1399/975 1057/1400/975
f 1040/1401/976 1056/1395/977 1044/1394/978
f 1040/1401/976 1061/1402/979 1056/1395/977
f 1047/1381/980 1040/1403/980 1044/1396/980
f 1106/1361/981 1090/1340/981 1109/1326/981
f 1109/1326/982 1105/1342/982 142/1327/982
f 1067/1404/983 140/1405/983 1062/1399/983
f 1036/1406/984 1061/1407/985 1040/1408/986
f 1036/1406/984 1066/1409/987 1061/1407/985
f 139/1410/988 1036/1406/988 1040/1408/988
f 1114/1411/989 1103/1412/989 1118/1413/989
f 1071/1414/990 1063/1415/990 1064/1416/990
f 1063/1415/991 1033/1417/991 1067/1404/991
f 1032/1418/992 1066/1409/992 1036/1406/992
f 140/1405/993 1033/1417/993 1036/1406/993
f 1100/1419/994 1087/1420/994 1112/1421/994
f 1113/1422/995 1100/1419/995 1112/1421/995
f 1075/1423/996 1063/1415/996 1071/1414/996
f 1029/1424/997 1074/1425/997 1032/1418/997
f 1032/1418/998 1074/1425/998 1070/1426/998
f 1083/1360/999 1084/1427/999 1091/1428/999
f 1071/1429/1000 1079/1430/1000 1075/1431/1000
f 1079/1432/1001 1068/1433/1001 1075/1423/1001
f 1023/1434/1002 1074/1425/1002 1029/1424/1002
f 1068/1433/1003 1029/1424/1003 1063/1415/1003
f 3129/1435/1004 1024/1334/1004 1030/1336/1004
f 3129/1435/1005 1030/1336/1005 1034/1348/1005
f 3123/1436/1006 1034/1348/1006 1037/1437/1006
f 3123/1438/1007 1037/1354/1007 1041/1368/1007
f 3124/1439/1008 1041/1368/1008 1045/1367/1008
f 3124/1440/1009 1045/1441/1009 1050/1384/1009
f 3124/1440/1010 1050/1384/1010 1053/1386/1010
f 3125/1442/1011 1053/1386/1011 1056/1395/1011
f 3125/1442/1012 1056/1395/1012 1061/1402/1012
f 3126/1443/1013 1061/1402/1013 1066/1444/1013
f 3126/1445/1014 1066/1409/1014 1070/1426/1014
f 3127/1446/1015 1070/1426/1015 1074/1425/1015
f 3127/1447/1016 1074/1425/1016 1080/1448/1016
f 3128/1449/1017 1080/1450/1017 1024/1334/1017
f 1077/1451/1018 1078/1452/1018 1079/1430/1018
f 1078/1452/1019 1076/1332/1020 1079/1430/1021
f 1112/1421/1022 141/1453/1022 1114/1411/1022
f 1021/1330/1023 1078/1452/1023 1077/1451/1023
f 1078/1452/1024 1026/1329/1024 1076/1332/1024
f 1025/1335/1025 1024/1334/1025 1022/1454/1025
f 1076/1332/1026 1025/1335/1026 1072/1455/1026
f 1022/1454/1027 1024/1334/1027 1080/1450/1027
f 3130/1456/1028 1085/1371/1028 1117/1457/1028
f 3130/1456/1029 1081/1369/1029 1085/1371/1029
f 1094/1458/1030 1117/1459/1030 1111/1397/1030
f 1096/1460/1031 1086/1461/1031 1107/1462/1031
f 1096/1463/1032 1098/1464/1032 1086/1465/1032
f 1099/1466/1033 1114/1411/1033 1089/1365/1033
f 3131/1467/1034 1113/1422/1034 1099/1466/1034
f 1089/1365/1035 1102/1468/1035 1101/1363/1035
f 1111/1397/1036 1107/1462/1037 1064/1416/1037
f 1098/1464/1038 1113/1373/1038 3131/1469/1038
f 1021/1330/1039 3131/1469/1039 1028/1328/1039
f 1077/1451/1040 1097/1470/1040 1021/1330/1040
f 1118/1325/1041 142/1327/1041 1092/1471/1041
f 1093/1472/1042 138/1393/1042 1048/1374/1042
f 1086/1465/1043 1077/1451/1043 1071/1429/1043
f 1104/1473/1044 1058/1474/1044 138/1393/1044
f 1126/1475/1045 1124/1476/1045 1178/1477/1045
f 1124/1478/1046 1119/1479/1046 1175/1480/1046
f 1172/1481/1047 1122/1482/1048 1123/1483/1049
f 1172/1481/1047 1128/1484/1050 1122/1482/1048
f 1175/1480/1051 1172/1485/1051 1123/1486/1051
f 1191/1487/1052 3150/1488/1052 1193/1489/1052
f 1124/1490/1053 1125/1491/1053 1119/1492/1053
f 1129/1493/1054 1125/1491/1054 1124/1490/1054
f 1167/1494/1055 1128/1484/1056 1172/1481/1057
f 1167/1494/1055 1132/1495/1058 1128/1484/1056
f 1119/1479/1059 1167/1496/1059 1172/1485/1059
f 1210/1497/1060 1211/1498/1060 1216/1499/1060
f 1198/1500/1061 1136/1501/1061 1125/1491/1061
f 1163/1502/1062 1132/1503/1062 1167/1504/1063
f 1163/1502/1062 1135/1505/1062 1132/1503/1062
f 1125/1491/1064 1163/1502/1064 1167/1504/1064
f 1183/1506/1065 3133/1507/1065 1192/1508/1065
f 1136/1501/1066 1133/1509/1066 1159/1510/1066
f 1158/1511/1067 1135/1505/1067 1163/1502/1067
f 1182/1512/1068 1207/1513/1068 1208/1514/1068
f 1154/1515/1069 1143/1516/1069 1158/1511/1069
f 1133/1509/1070 1154/1515/1070 1159/1510/1070
f 1158/1511/1071 1143/1516/1071 1139/1517/1071
f 146/1518/1072 1180/1519/1073 1213/1520/1074
f 1180/1519/1073 3132/1521/1075 1213/1520/1074
f 1150/1522/1076 1143/1516/1076 1154/1515/1076
f 1150/1522/1077 1147/1523/1077 1143/1516/1077
f 1137/1524/1078 1154/1515/1078 1133/1509/1078
f 1137/1524/1079 1150/1522/1079 1154/1515/1079
f 1149/1525/1080 1148/1526/1080 1202/1527/1080
f 1149/1525/1081 1152/1528/1081 1148/1526/1081
f 1148/1526/1082 1145/1529/1082 1141/1530/1082
f 1146/1531/1083 1147/1532/1084 1150/1533/1085
f 1146/1531/1083 1151/1534/1086 1147/1532/1084
f 1141/1535/1087 1150/1533/1087 1137/1536/1087
f 1141/1535/1088 1146/1531/1088 1150/1533/1088
f 1156/1537/1089 143/1538/1090 1152/1528/1091
f 1153/1539/1092 1156/1537/1092 1152/1528/1092
f 1142/1540/1093 1151/1534/1094 1146/1531/1095
f 1142/1540/1093 1155/1541/1096 1151/1534/1094
f 1145/1542/1097 1146/1531/1097 1141/1535/1097
f 1145/1542/1098 1142/1540/1098 1146/1531/1098
f 3133/1507/1099 1216/1499/1099 3150/1488/1099
f 1157/1543/1100 1161/1544/1100 1156/1545/1100
f 1138/1546/1101 1155/1541/1102 1142/1540/1103
f 1138/1546/1101 1160/1547/1104 1155/1541/1102
f 1145/1542/1105 1138/1546/1105 1142/1540/1105
f 1207/1513/1106 1191/1548/1106 1215/1549/1106
f 1191/1548/1107 1193/1550/1107 1215/1549/1107
f 1165/1551/1108 144/1552/1108 1161/1544/1108
f 1134/1553/1109 1160/1554/1110 1138/1555/1111
f 1134/1553/1109 1164/1556/1112 1160/1554/1110
f 143/1557/1113 1134/1553/1113 1138/1555/1113
f 1181/1558/1114 1188/1559/1114 1205/1560/1114
f 1214/1561/1115 1188/1562/1115 1209/1563/1115
f 1162/1564/1116 1131/1565/1116 1165/1551/1116
f 1130/1566/1117 1164/1556/1117 1134/1553/1117
f 144/1552/1118 1131/1565/1118 1134/1553/1118
f 1213/1567/1119 1187/1568/1119 1212/1569/1119
f 1174/1570/1120 1162/1564/1121 1169/1571/1122
f 1127/1572/1123 1173/1573/1123 1130/1566/1123
f 1130/1566/1124 1173/1573/1124 1168/1574/1124
f 1182/1512/1125 1183/1575/1125 1192/1576/1125
f 1171/1577/1126 1177/1578/1126 1174/1570/1126
f 1177/1578/1127 1166/1579/1127 1174/1570/1127
f 1121/1580/1128 1173/1573/1128 1127/1572/1128
f 1166/1579/1129 1127/1572/1129 1162/1564/1129
f 3147/1581/1130 1122/1482/1130 1128/1484/1130
f 3147/1581/1131 1128/1484/1131 1132/1495/1131
f 3141/1582/1132 1132/1495/1132 1135/1583/1132
f 3141/1584/1133 1135/1505/1133 1139/1517/1133
f 3142/1585/1134 1139/1517/1134 1143/1516/1134
f 3142/1586/1135 1143/1587/1135 1147/1532/1135
f 3142/1586/1136 1147/1532/1136 1151/1534/1136
f 3143/1588/1137 1151/1534/1137 1155/1541/1137
f 3143/1588/1138 1155/1541/1138 1160/1547/1138
f 3144/1589/1139 1160/1547/1139 1164/1590/1139
f 3144/1591/1140 1164/1556/1140 1168/1574/1140
f 3145/1592/1141 1168/1574/1141 1173/1573/1141
f 3145/1593/1142 1173/1594/1142 1179/1595/1142
f 3146/1596/1143 1179/1595/1143 1122/1482/1143
f 1171/1597/1144 1176/1598/1145 1177/1599/1146
f 1176/1600/1147 1175/1480/1148 1177/1601/1149
f 1212/1569/1150 145/1602/1150 1205/1560/1150
f 1176/1600/1151 1124/1478/1151 1175/1480/1151
f 1123/1483/1152 1122/1482/1152 1120/1603/1152
f 1175/1480/1153 1123/1486/1153 1170/1604/1153
f 1120/1603/1154 1122/1482/1154 1179/1595/1154
f 3148/1605/1155 146/1518/1155 1211/1606/1155
f 3148/1605/1156 1180/1519/1156 146/1518/1156
f 1186/1607/1157 1178/1477/1157 1171/1597/1157
f 1201/1608/1158 1212/1569/1159 1198/1500/1160
f 1197/1609/1161 1196/1610/1161 1201/1608/1161
f 1196/1610/1162 1213/1567/1162 1212/1569/1162
f 1126/1611/1163 1201/1608/1163 1129/1493/1163
f 1190/1612/1164 1204/1613/1164 1202/1614/1164
f 1193/1550/1165 1206/1615/1165 1194/1616/1165
f 1178/1477/1166 1197/1617/1166 1126/1475/1166
f 1184/1618/1167 146/1518/1167 1196/1619/1167
f 1202/1527/1168 3151/1620/1168 1149/1525/1168
f 1215/1549/1169 1193/1550/1169 1194/1616/1169
f 1194/1616/1170 1153/1539/1170 3151/1620/1170
f 3150/1488/1171 1169/1571/1171 1157/1543/1171
f 1193/1489/1172 3150/1488/1172 1206/1621/1172
f 1184/1618/1173 1185/1622/1173 1199/1623/1173
f 1206/1621/1174 1157/1543/1174 1153/1624/1174
f 1202/1527/1175 1203/1625/1175 3151/1620/1175
f 1204/1626/1176 1209/1563/1176 1194/1616/1176
f 1288/1627/1177 1310/1628/1177 152/1629/1177
f 1319/1630/1178 1288/1627/1178 152/1629/1178
f 1224/1631/1179 1222/1632/1179 1280/1633/1179
f 1222/1632/1180 1217/1634/1180 1277/1635/1180
f 1274/1636/1181 1220/1637/1182 1221/1638/1183
f 1274/1636/1181 1226/1639/1181 1220/1637/1182
f 1277/1635/1184 1274/1636/1184 1221/1638/1184
f 1290/1640/1185 1284/1641/1185 1294/1642/1185
f 1290/1643/1186 1317/1644/1186 151/1645/1186
f 1228/1646/1187 1227/1647/1187 1224/1648/1187
f 1227/1647/1188 1223/1649/1188 1217/1650/1188
f 1269/1651/1189 1226/1639/1190 1274/1636/1191
f 1269/1651/1189 1231/1652/1192 1226/1639/1190
f 1217/1634/1193 1269/1651/1193 1274/1636/1193
f 1311/1653/1194 3172/1654/1194 1318/1655/1194
f 3172/1656/1195 1316/1657/1195 1318/1658/1195
f 3152/1659/1196 1235/1660/1196 1223/1649/1196
f 1265/1661/1197 1231/1662/1198 1269/1663/1197
f 1265/1661/1197 1234/1664/1198 1231/1662/1198
f 1223/1649/1199 1265/1661/1199 1269/1663/1199
f 1235/1660/1200 1232/1665/1200 1260/1666/1200
f 1259/1667/1201 1234/1664/1201 1265/1661/1201
f 1310/1628/1202 3160/1668/1202 1308/1669/1202
f 1255/1670/1203 1242/1671/1203 1259/1667/1203
f 1232/1665/1204 1255/1670/1204 1260/1666/1204
f 1259/1667/1205 1242/1671/1205 1238/1672/1205
f 1282/1673/1206 3153/1674/1206 1285/1675/1206
f 1316/1657/1207 1285/1675/1208 1315/1676/1209
f 1245/1677/1210 1243/1678/1210 1304/1679/1210
f 1250/1680/1211 1242/1671/1211 1255/1670/1211
f 1250/1680/1212 1247/1681/1212 1242/1671/1212
f 1236/1682/1213 1255/1670/1213 1232/1665/1213
f 1236/1682/1214 1250/1680/1214 1255/1670/1214
f 149/1683/1215 1283/1684/1215 1306/1685/1215
f 1249/1686/1216 1248/1687/1216 1245/1677/1216
f 1249/1686/1217 1253/1688/1217 1248/1687/1217
f 1252/1689/1218 1244/1690/1218 1240/1691/1218
f 1248/1687/1219 1252/1689/1219 1240/1691/1219
f 1246/1692/1220 1247/1693/1221 1250/1694/1222
f 1246/1692/1220 1251/1695/1223 1247/1693/1221
f 1240/1691/1224 1250/1696/1224 1236/1697/1224
f 1240/1691/1225 1246/1698/1225 1250/1696/1225
f 1285/1675/1208 3153/1674/1226 1315/1676/1209
f 1315/1676/1227 3155/1699/1227 1303/1700/1227
f 1257/1701/1228 147/1702/1228 1253/1688/1228
f 1254/1703/1229 1257/1701/1229 1253/1688/1229
f 147/1702/1230 1244/1690/1230 1252/1689/1230
f 1241/1704/1231 1251/1705/1232 1246/1698/1233
f 1241/1704/1231 1256/1706/1234 1251/1705/1232
f 1244/1690/1235 1246/1698/1235 1240/1691/1235
f 1244/1690/1236 1241/1704/1236 1246/1698/1236
f 3154/1707/1237 1312/1708/1237 1294/1642/1237
f 1258/1709/1238 1262/1710/1238 1257/1711/1238
f 1237/1712/1239 1256/1706/1240 1241/1704/1241
f 1237/1712/1239 1261/1713/1242 1256/1706/1240
f 1244/1690/1243 1237/1712/1243 1241/1704/1243
f 1267/1714/1244 148/1715/1244 1262/1710/1244
f 1233/1716/1245 1261/1717/1246 1237/1718/1247
f 1233/1716/1245 1266/1719/1248 1261/1717/1246
f 147/1720/1249 1233/1716/1249 1237/1718/1249
f 1306/1685/1250 1288/1721/1250 1307/1722/1250
f 1271/1723/1251 1263/1724/1251 1264/1725/1251
f 1263/1724/1252 1230/1726/1252 1267/1714/1252
f 1229/1727/1253 1266/1719/1253 1233/1716/1253
f 148/1715/1254 1230/1726/1254 1233/1716/1254
f 1303/1728/1255 1287/1729/1255 1313/1730/1255
f 1276/1731/1256 1263/1724/1256 1271/1723/1256
f 1225/1732/1257 1275/1733/1257 1229/1727/1257
f 1229/1727/1258 1275/1733/1258 1270/1734/1258
f 1273/1735/1259 1279/1736/1259 1276/1737/1259
f 1279/1738/1260 1268/1739/1260 1276/1731/1260
f 1219/1740/1261 1275/1733/1261 1225/1732/1261
f 1268/1739/1262 1225/1732/1262 1263/1724/1262
f 3171/1741/1263 1220/1637/1263 1226/1639/1263
f 3165/1742/1264 1226/1639/1264 1231/1652/1264
f 3165/1742/1265 1231/1652/1265 1234/1743/1265
f 3166/1744/1266 1234/1664/1266 1238/1672/1266
f 3166/1745/1267 1238/1746/1267 1242/1747/1267
f 3167/1748/1268 1242/1747/1268 1247/1693/1268
f 3167/1748/1269 1247/1693/1269 1251/1695/1269
f 3168/1749/1270 1251/1695/1270 1256/1750/1270
f 3168/1749/1271 1256/1750/1271 1261/1751/1271
f 3168/1749/1272 1261/1751/1272 1266/1752/1272
f 3169/1753/1273 1266/1752/1273 1270/1754/1273
f 3169/1755/1274 1270/1734/1274 1275/1733/1274
f 3170/1756/1275 1275/1733/1275 1281/1757/1275
f 3171/1741/1276 1281/1758/1276 1220/1637/1276
f 1273/1735/1277 1278/1759/1277 1279/1736/1277
f 1313/1730/1278 149/1683/1278 1314/1760/1278
f 1221/1638/1279 1220/1637/1279 1218/1761/1279
f 1277/1635/1280 1221/1638/1280 1272/1762/1280
f 1218/1761/1281 1220/1637/1281 1281/1758/1281
f 3173/1763/1282 1285/1675/1282 3172/1656/1282
f 3173/1763/1283 1282/1673/1283 1285/1675/1283
f 1293/1764/1284 1318/1655/1284 1312/1708/1284
f 1297/1765/1285 1298/1766/1285 1309/1767/1285
f 1309/1767/1286 1273/1768/1286 1271/1723/1286
f 1297/1769/1287 1300/1770/1287 1298/1771/1287
f 1316/1657/1288 1301/1772/1288 1297/1769/1288
f 1299/1773/1289 1280/1633/1289 1273/1735/1289
f 1228/1646/1290 1302/1774/1290 3152/1659/1290
f 3174/1775/1291 1295/1776/1291 1302/1774/1291
f 1289/1777/1292 1305/1778/1292 1304/1779/1292
f 1291/1780/1293 1254/1703/1293 1292/1781/1293
f 1292/1781/1294 1254/1703/1294 1249/1686/1294
f 1312/1708/1295 1309/1767/1296 1264/1725/1297
f 1300/1770/1298 1295/1782/1298 3174/1783/1298
f 3152/1659/1299 1314/1760/1299 1289/1777/1299
f 1314/1760/1300 1319/1784/1300 1305/1778/1300
f 1245/1677/1301 1292/1781/1301 1249/1686/1301
f 1245/1677/1302 1296/1785/1302 1292/1781/1302
f 152/1629/1303 1291/1780/1303 1296/1785/1303
f 1298/1766/1304 1286/1786/1304 1309/1767/1304
f 3175/1787/1305 1258/1709/1305 1254/1788/1305
f 1304/1679/1306 1305/1789/1306 1245/1677/1306
f 1319/1630/1307 152/1629/1307 1296/1785/1307
f 1396/1790/1308 1421/1791/1308 1422/1792/1308
f 1430/1793/1309 1422/1792/1309 1427/1794/1309
f 1332/1795/1310 1328/1796/1310 1322/1797/1310
f 1381/1798/1311 1326/1799/1311 1327/1800/1311
f 1400/1801/1312 3199/1802/1312 1417/1803/1312
f 1336/1804/1313 3176/1805/1313 1332/1806/1313
f 1375/1807/1314 1374/1808/1315 1382/1809/1316
f 1423/1810/1317 3198/1811/1317 1429/1812/1317
f 3198/1813/1318 1428/1814/1318 1429/1815/1318
f 1339/1816/1319 1329/1817/1319 1336/1804/1319
f 1369/1818/1320 1368/1819/1320 1375/1820/1320
f 1391/1821/1321 3179/1822/1321 1401/1823/1321
f 1340/1824/1322 1339/1816/1322 1406/1825/1322
f 1365/1826/1323 1364/1827/1323 1369/1818/1323
f 1365/1826/1324 1369/1818/1324 1329/1817/1324
f 1390/1828/1325 1418/1829/1325 1421/1791/1325
f 1348/1830/1326 1344/1831/1326 1340/1824/1326
f 1361/1832/1327 1360/1833/1327 1365/1826/1327
f 1388/1834/1328 3177/1835/1329 1428/1814/1330
f 1428/1814/1330 3177/1835/1329 1420/1836/1331
f 1353/1837/1332 1358/1838/1332 1348/1839/1332
f 1353/1837/1333 1351/1840/1333 1358/1838/1333
f 1358/1841/1334 1357/1842/1334 1361/1832/1334
f 1356/1843/1335 1354/1844/1335 1345/1845/1335
f 1349/1846/1336 1351/1840/1336 1353/1837/1336
f 1351/1840/1337 1357/1847/1337 1358/1838/1337
f 1420/1836/1338 3180/1848/1339 1412/1849/1340
f 1363/1850/1341 3178/1851/1341 1354/1844/1341
f 3178/1851/1342 1342/1852/1342 1355/1853/1342
f 1349/1846/1343 1355/1853/1344 1351/1840/1345
f 3179/1822/1346 1424/1854/1346 3199/1802/1346
f 1363/1855/1347 1367/1856/1347 3178/1857/1347
f 1367/1856/1348 1338/1858/1348 1342/1859/1348
f 1355/1853/1349 1341/1860/1349 1346/1861/1349
f 1422/1792/1350 1417/1862/1350 1427/1794/1350
f 1367/1856/1351 1371/1863/1351 1338/1858/1351
f 1389/1864/1352 1396/1865/1352 1414/1866/1352
f 1426/1867/1353 1396/1790/1353 1430/1793/1353
f 1372/1868/1354 1377/1869/1354 1371/1863/1354
f 1412/1870/1355 1394/1871/1355 1425/1872/1355
f 1378/1873/1356 1373/1874/1356 1377/1869/1356
f 1378/1873/1357 1385/1875/1357 1373/1874/1357
f 1377/1869/1358 1373/1874/1358 1331/1876/1358
f 1385/1877/1359 1379/1878/1359 1373/1879/1359
f 3196/1880/1360 1326/1799/1360 1335/1881/1360
f 3189/1882/1361 1335/1881/1361 1343/1883/1361
f 3190/1884/1362 1343/1885/1362 1347/1886/1362
f 3191/1887/1363 1352/1888/1363 1359/1889/1363
f 3193/1890/1364 1366/1891/1364 1370/1892/1364
f 3194/1893/1365 1376/1894/1365 1384/1895/1365
f 3195/1896/1366 1384/1895/1366 1387/1897/1366
f 3197/1898/1367 1383/1899/1367 1379/1878/1367
f 1380/1900/1368 3197/1898/1368 1385/1877/1368
f 1325/1901/1369 1323/1902/1369 1324/1903/1369
f 1323/1902/1370 1387/1897/1370 1324/1903/1370
f 1324/1903/1371 1387/1897/1371 1384/1895/1371
f 1425/1872/1372 153/1904/1372 1414/1866/1372
f 1327/1800/1373 1387/1897/1373 1323/1902/1373
f 1327/1800/1374 1326/1799/1374 1387/1897/1374
f 1388/1834/1375 1428/1814/1375 3198/1813/1375
f 154/1905/1376 1388/1834/1376 3198/1813/1376
f 1403/1906/1377 1429/1812/1377 1424/1854/1377
f 1408/1907/1378 1393/1908/1378 1419/1909/1378
f 1419/1909/1379 1380/1910/1379 1378/1873/1379
f 1392/1911/1380 1409/1912/1380 1393/1913/1380
f 1428/1814/1381 1410/1914/1381 1408/1915/1381
f 1409/1912/1382 1386/1916/1382 1380/1900/1382
f 1411/1917/1383 1414/1866/1383 1406/1825/1383
f 1336/1804/1384 1406/1825/1384 1339/1816/1384
f 1405/1918/1385 1404/1919/1385 1411/1917/1385
f 1332/1806/1386 1411/1917/1386 1336/1804/1386
f 1398/1920/1387 1430/1793/1387 1413/1921/1387
f 1340/1824/1388 1399/1922/1388 1345/1923/1388
f 1427/1794/1389 1417/1862/1389 1402/1924/1389
f 1415/1925/1390 1363/1850/1390 1356/1843/1390
f 1424/1854/1391 1419/1909/1391 1372/1868/1391
f 1409/1912/1392 1405/1926/1392 1395/1927/1392
f 1322/1797/1393 1395/1927/1393 1332/1795/1393
f 1406/1825/1394 1398/1928/1394 1399/1922/1394
f 1392/1911/1395 1404/1929/1395 1405/1926/1395
f 1386/1916/1396 1409/1912/1396 1322/1797/1396
f 1345/1845/1397 3200/1930/1397 1356/1843/1397
f 1430/1793/1398 1427/1794/1398 1402/1924/1398
f 1402/1924/1399 1415/1925/1399 3200/1930/1399
f 3199/1802/1400 1372/1868/1400 1407/1931/1400
f 1417/1803/1401 3199/1802/1401 1416/1932/1401
f 1408/1915/1402 1392/1911/1402 1393/1913/1402
f 1416/1932/1403 1407/1931/1403 1415/1933/1403
f 1415/1925/1404 1407/1934/1404 1363/1850/1404
f 1399/1935/1405 1413/1921/1406 3200/1930/1407
f 1501/1936/1408 1527/1937/1408 1528/1938/1408
f 1536/1939/1409 1528/1938/1409 1533/1940/1409
f 1438/1941/1410 1436/1942/1410 1493/1943/1410
f 1436/1942/1411 1431/1944/1411 1490/1945/1411
f 1487/1946/1412 1434/1947/1413 1435/1948/1414
f 1487/1946/1412 1440/1949/1415 1434/1947/1413
f 1490/1945/1416 1487/1946/1416 1435/1948/1416
f 1504/1950/1417 3222/1951/1417 1524/1952/1417
f 1436/1953/1418 1437/1954/1418 1431/1955/1418
f 1441/1956/1419 1437/1954/1419 1436/1953/1419
f 1482/1957/1420 1440/1949/1421 1487/1946/1422
f 1482/1957/1420 1444/1958/1423 1440/1949/1421
f 1431/1944/1424 1482/1957/1424 1487/1946/1424
f 1529/1959/1425 3219/1960/1425 1535/1961/1425
f 3219/1962/1426 1534/1963/1426 1535/1964/1426
f 1511/1965/1427 1448/1966/1427 1437/1954/1427
f 1478/1967/1428 1444/1968/1429 1482/1969/1428
f 1478/1967/1428 1447/1970/1429 1444/1968/1429
f 1437/1954/1430 1478/1967/1430 1482/1969/1430
f 1498/1971/1431 3202/1972/1431 1505/1973/1431
f 1448/1966/1432 1445/1974/1432 1473/1975/1432
f 1472/1976/1433 1447/1970/1433 1478/1967/1433
f 1527/1937/1434 1497/1977/1434 1525/1978/1434
f 1468/1979/1435 1455/1980/1435 1472/1976/1435
f 1445/1974/1436 1468/1979/1436 1473/1975/1436
f 1472/1976/1437 1455/1980/1437 1451/1981/1437
f 1495/1982/1438 3201/1983/1439 1534/1963/1440
f 1534/1963/1440 3201/1983/1439 1526/1984/1441
f 1458/1985/1442 1456/1986/1442 1520/1987/1442
f 1463/1988/1443 1455/1980/1443 1468/1979/1443
f 1463/1988/1444 1460/1989/1444 1455/1980/1444
f 1449/1990/1445 1468/1979/1445 1445/1974/1445
f 1449/1990/1446 1463/1988/1446 1468/1979/1446
f 1462/1991/1447 1461/1992/1447 1458/1985/1447
f 1462/1991/1448 1466/1993/1448 1461/1992/1448
f 1465/1994/1449 1457/1995/1449 1453/1996/1449
f 1461/1992/1450 1465/1994/1450 1453/1996/1450
f 1459/1997/1451 1460/1998/1452 1463/1999/1453
f 1459/1997/1451 1464/2000/1454 1460/1998/1452
f 1453/1996/1455 1463/1999/1455 1449/2001/1455
f 1453/1996/1456 1459/1997/1456 1463/1999/1456
f 1526/1984/1457 3203/2002/1458 1519/2003/1459
f 1470/2004/1460 155/2005/1460 1466/1993/1460
f 1467/2006/1461 1470/2004/1461 1466/1993/1461
f 155/2005/1462 1457/1995/1462 1465/1994/1462
f 1454/2007/1463 1464/2000/1464 1459/1997/1465
f 1454/2007/1463 1469/2008/1466 1464/2000/1464
f 1457/1995/1467 1459/1997/1467 1453/1996/1467
f 1457/1995/1468 1454/2007/1468 1459/1997/1468
f 3202/1972/1469 1530/2009/1469 3222/1951/1469
f 1471/2010/1470 1475/2011/1470 1470/2012/1470
f 1450/2013/1471 1469/2008/1472 1454/2007/1473
f 1450/2013/1471 1474/2014/1474 1469/2008/1472
f 1457/1995/1475 1450/2013/1475 1454/2007/1475
f 1528/1938/1476 1524/2015/1476 1533/1940/1476
f 1480/2016/1477 156/2017/1477 1475/2011/1477
f 1446/2018/1478 1474/2019/1479 1450/2020/1480
f 1446/2018/1478 1479/2021/1481 1474/2019/1479
f 155/2022/1482 1446/2018/1482 1450/2020/1482
f 1496/2023/1483 1501/2024/1483 1522/2025/1483
f 1532/2026/1484 1501/1936/1484 1536/1939/1484
f 1484/2027/1485 1476/2028/1485 1477/2029/1485
f 1476/2028/1486 1443/2030/1486 1480/2016/1486
f 1442/2031/1487 1479/2021/1487 1446/2018/1487
f 156/2017/1488 1443/2030/1488 1446/2018/1488
f 1519/2032/1489 1500/2033/1489 1531/2034/1489
f 1489/2035/1490 1476/2028/1490 1484/2027/1490
f 1439/2036/1491 1488/2037/1491 1442/2031/1491
f 1442/2031/1492 1488/2037/1492 1483/2038/1492
f 1486/2039/1493 1492/2040/1493 1489/2041/1493
f 1492/2040/1494 1481/2042/1494 1489/2041/1494
f 1433/2043/1495 1488/2037/1495 1439/2036/1495
f 1481/2044/1496 1439/2036/1496 1476/2028/1496
f 3218/2045/1497 1434/1947/1497 1440/1949/1497
f 3218/2045/1498 1440/1949/1498 1444/1958/1498
f 3212/2046/1499 1444/2047/1499 1447/2048/1499
f 3212/2049/1500 1447/1970/1500 1451/1981/1500
f 3213/2050/1501 1451/2051/1501 1455/2052/1501
f 3213/2050/1502 1455/2052/1502 1460/2053/1502
f 3213/2050/1503 1460/2053/1503 1464/2054/1503
f 3214/2055/1504 1464/2054/1504 1469/2056/1504
f 3214/2055/1505 1469/2056/1505 1474/2057/1505
f 3215/2058/1506 1474/2057/1506 1479/2059/1506
f 3215/2058/1507 1479/2059/1507 1483/2060/1507
f 3216/2061/1508 1483/2038/1508 1488/2037/1508
f 3216/2061/1509 1488/2037/1509 1494/2062/1509
f 3217/2063/1510 1494/2064/1510 1434/1947/1510
f 1486/2039/1511 1491/2065/1512 1492/2040/1513
f 1491/2065/1514 1490/1945/1515 1492/2040/1516
f 1531/2034/1517 157/2066/1517 1522/2025/1517
f 1491/2065/1518 1436/1942/1518 1490/1945/1518
f 1435/1948/1519 1434/1947/1519 1432/2067/1519
f 1490/1945/1520 1435/1948/1520 1485/2068/1520
f 1432/2067/1521 1434/1947/1521 1494/2064/1521
f 1495/1982/1522 1534/1963/1522 3219/1962/1522
f 158/2069/1523 1495/1982/1523 3219/1962/1523
f 1509/2070/1524 1535/1961/1524 1530/2009/1524
f 1513/2071/1525 1514/2072/1525 3220/2073/1525
f 1513/2074/1526 1516/2075/1526 1514/2076/1526
f 1534/1963/1527 1517/2077/1527 1513/2074/1527
f 1499/2078/1528 1493/1943/1528 1486/2039/1528
f 1518/2079/1529 1531/2034/1530 1511/1965/1529
f 3221/2080/1531 1510/2081/1531 1518/2079/1531
f 1438/2082/1532 1518/2079/1532 1441/1956/1532
f 1503/2083/1533 1521/2084/1533 1520/2085/1533
f 1533/1940/1534 1524/2015/1534 1506/2086/1534
f 1507/2087/1535 1523/2088/1535 1508/2089/1535
f 1508/2089/1536 1467/2006/1536 1462/1991/1536
f 3220/2073/1537 1484/2027/1537 1477/2029/1537
f 1493/1943/1538 3221/2090/1538 1438/1941/1538
f 1516/2075/1539 1510/2091/1539 3221/2090/1539
f 1511/1965/1540 1532/2092/1540 1521/2084/1540
f 1499/2078/1541 1516/2075/1541 3221/2090/1541
f 1517/2077/1542 1526/1984/1542 1510/2091/1542
f 1458/1985/1543 1508/2089/1543 1462/1991/1543
f 1458/1985/1544 1512/2093/1544 1508/2089/1544
f 1536/1939/1545 1533/1940/1545 1506/2086/1545
f 1506/2086/1546 1507/2087/1546 1512/2093/1546
f 3222/1951/1547 1477/2029/1547 1471/2010/1547
f 1524/1952/1548 3222/1951/1548 1523/2094/1548
f 1514/2076/1549 1499/2078/1549 1515/2095/1549
f 1524/2015/1550 1523/2088/1550 1507/2087/1550
f 1523/2088/1551 1471/2096/1551 1467/2006/1551
f 1521/2097/1552 1536/1939/1552 1512/2093/1552
f 1520/1987/1553 1521/2097/1553 1458/1985/1553
f 3224/2098/1554 1018/2099/1554 1572/2100/1554
f 1657/2101/1555 3224/2102/1555 1573/2103/1555
f 1572/2100/1556 1018/2099/1556 136/2104/1556
f 294/2105/1557 3225/2106/1557 293/2107/1557
f 294/2105/1558 1603/2108/1558 3225/2106/1558
f 3228/2109/1559 1578/1292/1559 3230/2110/1559
f 3228/2111/1560 3229/2112/1560 1578/2113/1560
f 507/510/1561 3227/2114/1561 3226/2115/1561
f 507/2116/1562 51/2117/1562 3227/2118/1562
f 3230/2110/1563 1578/1292/1563 1579/1290/1563
f 496/505/1564 1566/2119/1564 511/506/1564
f 1580/2120/1565 1581/2121/1566 3232/2122/1567
f 3108/2123/1568 1569/2124/1568 3232/2122/1568
f 166/124/1569 3233/123/1569 488/2125/1569
f 3233/122/1570 1582/120/1571 3234/2126/1572
f 489/2127/1573 1566/2128/1573 496/2129/1573
f 3235/2130/1574 1644/1270/1574 1564/1269/1574
f 3237/1302/1575 1645/287/1575 474/2131/1575
f 3239/1275/1576 464/2132/1576 463/395/1576
f 460/382/1577 3238/2133/1577 463/395/1577
f 3239/1275/1578 3100/1274/1578 1562/2134/1578
f 3241/254/1579 457/2135/1579 456/372/1579
f 454/2136/1580 3240/357/1580 456/372/1580
f 3241/254/1581 1641/253/1581 3247/2137/1581
f 506/465/1582 2935/313/1583 33/217/1584
f 425/2138/1585 443/428/1585 442/2139/1585
f 442/2139/1586 441/397/1586 403/2140/1586
f 402/282/1587 403/2140/1587 2923/277/1587
f 483/2141/1588 416/2142/1588 482/443/1588
f 1564/1269/1589 3099/1266/1589 415/2143/1589
f 1584/2144/1590 1585/2145/1590 494/2146/1590
f 1583/2147/1591 494/2146/1591 495/2148/1591
f 3243/2149/1592 37/2150/1592 1557/2151/1592
f 474/2131/1593 3244/2152/1593 473/417/1593
f 474/2131/1594 3245/286/1594 3244/2152/1594
f 3244/2152/1595 1592/2153/1595 396/418/1595
f 495/2148/1596 3246/2154/1596 490/2155/1596
f 494/2146/1597 46/463/1597 3246/2154/1597
f 46/463/1598 2974/459/1598 492/2156/1598
f 382/279/1599 374/210/1599 25/209/1599
f 457/2135/1600 3247/2137/1600 27/374/1600
f 1595/1260/1601 1658/1262/1601 1598/2157/1601
f 36/399/1602 3248/2158/1602 397/2159/1602
f 397/2159/1603 461/2160/1603 31/376/1603
f 36/1271/1604 1563/1267/1604 3248/2161/1604
f 3248/2161/1605 1563/1267/1605 462/2162/1605
f 3248/2161/1606 462/2162/1607 461/2163/1608
f 365/2164/1609 371/2165/1609 3249/2166/1609
f 3251/2167/1610 3253/2168/1610 1573/2103/1610
f 3251/2167/1611 3252/2169/1611 3253/2168/1611
f 1000/2170/1612 3252/2171/1612 3251/2172/1612
f 1573/2103/1613 2926/2173/1613 1657/2101/1613
f 3254/2174/1614 371/2175/1614 370/2176/1614
f 10/194/1615 161/2177/1615 1623/1321/1615
f 10/194/1616 1623/1321/1616 298/97/1616
f 1586/341/1617 1587/342/1617 3255/2178/1617
f 1588/2179/1618 1648/2180/1618 438/348/1618
f 3255/2178/1619 439/2181/1619 440/2182/1619
f 1628/2183/1620 3255/2178/1620 37/2150/1620
f 464/2184/1621 1562/1247/1621 3256/2185/1621
f 3257/2186/1622 3090/2187/1622 1606/2188/1622
f 3260/500/1623 23/2189/1624 363/203/1625
f 1620/2190/1626 3258/2191/1627 1545/51/1628
f 1607/223/1629 2933/226/1629 3258/2191/1629
f 3258/2191/1630 2902/310/1630 364/2192/1630
f 161/2177/1631 3260/500/1632 3259/2193/1633
f 3260/500/1623 363/203/1625 292/2194/1634
f 1608/2195/1635 1638/26/1636 1544/134/1637
f 1619/50/1638 8/52/1639 2874/27/1640
f 3261/1323/1641 292/2194/1641 375/2196/1641
f 314/69/1642 357/100/1642 361/40/1642
f 357/100/1643 356/99/1643 2876/38/1643
f 278/2197/1644 1542/1297/1644 376/2198/1644
f 14/1/1645 351/3/1645 1547/2199/1645
f 351/3/1646 350/2200/1646 3264/2201/1646
f 1537/2202/1647 3265/2203/1647 269/2204/1647
f 1543/2205/1648 341/2206/1648 2893/154/1648
f 286/2207/1649 3266/2208/1650 1547/2199/1651
f 268/1308/1652 286/92/1652 1546/2209/1652
f 337/2210/1653 338/229/1653 299/2211/1653
f 1547/2199/1654 299/2211/1654 14/1/1654
f 13/355/1655 3268/2212/1655 3267/2213/1655
f 3267/2213/1656 458/366/1656 1/2214/1656
f 459/1246/1657 3268/2212/1657 13/355/1657
f 3268/2212/1658 1560/1273/1659 458/366/1660
f 1665/2215/1661 1664/2216/1661 3270/2217/1661
f 1667/2218/1662 168/2219/1662 1669/2220/1662
f 1717/2221/1663 1722/2222/1663 1724/2223/1663
f 1702/2224/1664 1691/2225/1664 1700/2226/1664
f 168/2219/1665 1672/2227/1665 1670/2228/1665
f 1724/2223/1666 1722/2222/1666 1723/2229/1666
f 1723/2229/1667 1733/2230/1667 1707/2231/1667
f 174/2232/1668 1673/2233/1668 1677/2234/1668
f 2069/2235/1669 1673/2233/1669 174/2232/1669
f 3269/2236/1670 1674/2237/1670 1672/2238/1670
f 1674/2237/1671 3270/2217/1671 1672/2238/1671
f 1682/2239/1672 1711/2240/1672 1712/2241/1672
f 1713/2242/1673 1731/2243/1673 1714/2244/1673
f 1676/2245/1674 1675/2246/1674 1663/2247/1674
f 1676/2245/1675 1663/2247/1675 1686/2248/1675
f 170/2249/1676 1665/2215/1676 1674/2237/1676
f 1678/2250/1677 170/2249/1677 1674/2237/1677
f 1718/2251/1678 1721/2252/1678 1708/2253/1678
f 1670/2228/1679 1694/2254/1679 1706/2255/1679
f 1671/2256/1680 1666/2257/1680 1690/2258/1680
f 1683/2259/1681 171/2260/1681 170/2249/1681
f 1679/2261/1682 1698/2262/1682 1664/2216/1682
f 171/2260/1683 1684/2263/1683 1681/2264/1683
f 1683/2265/1684 172/2266/1684 171/2260/1684
f 1719/2267/1685 1720/2268/1685 1715/2269/1685
f 176/2270/1686 1719/2267/1686 1698/2262/1686
f 1685/2271/1687 1671/2272/1687 1694/2254/1687
f 1672/2227/1688 1685/2271/1688 1670/2228/1688
f 1697/2273/1689 1718/2251/1689 1673/2233/1689
f 1697/2273/1690 1673/2233/1690 2069/2235/1690
f 1673/2233/1691 1718/2251/1691 1677/2234/1691
f 1687/2274/1692 173/2275/1692 1689/2276/1692
f 1677/2234/1693 1718/2251/1693 1711/2277/1693
f 1675/2246/1694 1682/2278/1694 176/2279/1694
f 1689/2276/1695 1692/2280/1695 1693/2281/1695
f 1676/2245/1696 1689/2276/1696 1701/2282/1696
f 1703/2283/1697 1717/2221/1698 1666/2257/1699
f 1716/2284/1700 1710/2285/1700 1722/2222/1700
f 1684/2263/1701 1686/2286/1701 1680/2287/1701
f 1692/2280/1702 1696/2288/1702 1693/2281/1702
f 1692/2289/1703 1695/2290/1703 1699/2291/1703
f 3270/2217/1704 1703/2292/1704 1685/2293/1704
f 1691/2294/1705 1694/2254/1705 1690/2295/1705
f 1706/2255/1706 1694/2254/1706 1691/2294/1706
f 1690/2258/1707 1666/2257/1707 1724/2223/1707
f 2057/2296/1708 2056/2297/1708 2055/2298/1708
f 2110/2299/1709 2058/2300/1709 2055/2298/1709
f 1709/2301/1710 1737/2302/1710 1732/2303/1710
f 1737/2302/1711 1738/2304/1711 1732/2303/1711
f 1697/2273/1712 1700/2226/1712 1718/2251/1712
f 2126/2305/1713 2121/2306/1713 2127/2307/1713
f 2112/2308/1714 2120/2309/1714 2126/2305/1714
f 1711/2277/1715 1708/2253/1715 1731/2310/1715
f 1704/2311/1716 1705/2312/1716 175/2313/1716
f 1663/2247/1717 176/2279/1717 1679/2314/1717
f 1686/2248/1718 1679/2314/1718 1680/2315/1718
f 175/2313/1719 1668/2316/1719 1702/2317/1719
f 175/2313/1720 1669/2220/1720 1668/2316/1720
f 1668/2316/1721 1706/2255/1721 1691/2294/1721
f 1696/2288/1722 1701/2282/1722 1693/2281/1722
f 1721/2318/1723 1723/2229/1723 1707/2231/1723
f 1718/2319/1724 1724/2223/1724 1721/2318/1724
f 1737/2302/1725 1760/2320/1725 1755/2321/1725
f 1708/2253/1726 1726/2322/1726 1727/2323/1726
f 1731/2243/1727 1727/2324/1727 1728/2325/1727
f 1710/2285/1728 1739/2326/1728 1733/2230/1728
f 1733/2230/1729 1739/2326/1729 1725/2327/1729
f 1707/2231/1730 1733/2230/1730 1725/2327/1730
f 1707/2328/1731 1725/2329/1731 1746/2330/1731
f 1720/2268/1732 1730/2331/1732 1709/2301/1732
f 1730/2331/1733 1737/2302/1733 1709/2301/1733
f 1708/2253/1734 1746/2330/1734 1726/2322/1734
f 1727/2323/1735 1726/2322/1735 1741/2332/1735
f 3274/2333/1736 1736/2334/1736 1740/2335/1736
f 1741/2332/1737 1726/2322/1737 1743/2336/1737
f 1738/2304/1738 1742/2337/1738 1739/2338/1738
f 1742/2337/1739 1755/2321/1739 1757/2339/1739
f 1742/2340/1740 1757/2341/1740 1734/2342/1740
f 1743/2343/1741 1740/2344/1741 3273/2345/1741
f 1741/2346/1742 1743/2347/1742 3272/2348/1742
f 1742/2340/1743 1734/2342/1743 1744/2349/1743
f 1729/2350/1744 3272/2348/1744 1730/2351/1744
f 3273/2345/1745 177/2352/1746 1760/2353/1747
f 1745/2354/1748 3273/2355/1748 1760/2320/1748
f 3272/2356/1749 1745/2354/1749 1737/2302/1749
f 1744/2357/1750 1735/2358/1750 3274/2333/1750
f 3275/2359/1751 1747/2360/1751 1754/2361/1751
f 3276/2362/1752 1749/2363/1752 1748/2364/1752
f 3276/2362/1753 1748/2364/1753 1747/2365/1753
f 1748/2364/1754 1749/2363/1754 1756/2366/1754
f 1757/2339/1755 1755/2321/1755 1754/2367/1755
f 1756/2368/1756 1749/2369/1756 1750/2370/1756
f 1736/2371/1757 1758/2372/1758 177/2352/1759
f 1758/2372/1760 1751/2373/1760 1759/2374/1760
f 1758/2372/1761 1750/2370/1761 1751/2373/1761
f 177/2352/1762 1758/2372/1762 1759/2374/1762
f 1734/2342/1763 1747/2360/1763 1735/2375/1763
f 1759/2376/1764 1751/2377/1764 1752/2378/1764
f 1763/2379/1765 1762/2380/1765 3278/2381/1765
f 1768/2382/1766 178/2383/1766 1769/2384/1766
f 1768/2382/1767 1769/2384/1767 1767/2385/1767
f 1766/2386/1768 178/2383/1768 1768/2382/1768
f 1767/2385/1769 1769/2384/1769 1771/2387/1769
f 1819/2388/1770 1824/2389/1770 1826/2390/1770
f 1806/2391/1771 1789/2392/1771 1798/2393/1771
f 1826/2390/1772 1824/2389/1772 1825/2394/1772
f 1825/2394/1773 1835/2395/1773 1808/2396/1773
f 1773/2397/1774 1804/2398/1774 1800/2399/1774
f 1804/2398/1775 1812/2400/1775 1781/2401/1775
f 3277/2402/1776 1774/2403/1776 1772/2404/1776
f 1774/2403/1777 3278/2381/1777 1772/2404/1777
f 1781/2405/1778 1813/2406/1778 1814/2407/1778
f 1815/2408/1779 1833/2409/1779 1816/2410/1779
f 1776/2411/1780 1775/2412/1780 1761/2413/1780
f 1776/2411/1781 1761/2413/1781 1785/2414/1781
f 180/2415/1782 1763/2379/1782 1774/2403/1782
f 1777/2416/1783 180/2415/1783 1774/2403/1783
f 1820/2417/1784 1823/2418/1784 1809/2419/1784
f 1770/2420/1785 1764/2421/1785 1792/2422/1785
f 1782/2423/1786 181/2424/1786 180/2415/1786
f 1778/2425/1787 1795/2426/1787 1762/2380/1787
f 181/2424/1788 1783/2427/1788 1780/2428/1788
f 1782/2429/1789 182/2430/1789 181/2431/1789
f 1821/2432/1790 1822/2433/1790 1817/2434/1790
f 186/2435/1791 1821/2436/1791 1795/2437/1791
f 1784/2438/1792 1792/2422/1792 1771/2387/1792
f 1784/2438/1793 1770/2420/1793 1792/2422/1793
f 1772/2439/1794 1784/2438/1794 1771/2387/1794
f 1773/2397/1795 1794/2440/1795 1820/2417/1795
f 1804/2398/1796 1820/2417/1796 1812/2400/1796
f 1775/2412/1797 1781/2405/1797 186/2435/1797
f 1776/2411/1798 1788/2441/1799 1800/2442/1800
f 1801/2443/1801 1819/2388/1802 1764/2444/1803
f 1818/2445/1804 1811/2446/1804 1824/2389/1804
f 1783/2447/1805 1785/2414/1805 1779/2448/1805
f 3278/2381/1806 1801/2449/1806 1784/2450/1806
f 1789/2392/1807 1792/2422/1807 1765/2451/1807
f 1797/2452/1808 1802/2453/1808 1799/2454/1808
f 1773/2397/1809 1797/2452/1810 1794/2440/1811
f 1810/2455/1812 1839/2456/1812 1834/2457/1812
f 1839/2456/1813 1840/2458/1813 1834/2457/1813
f 1803/2459/1814 1798/2460/1814 1794/2440/1814
f 1798/2460/1815 1765/2461/1815 1820/2417/1815
f 1799/2454/1816 185/2462/1816 1803/2459/1816
f 1794/2440/1817 1799/2454/1817 1803/2459/1817
f 1781/2401/1818 1812/2400/1818 1813/2463/1818
f 1803/2464/1819 1805/2465/1819 1806/2391/1819
f 1807/2466/1820 1805/2465/1820 185/2467/1820
f 1761/2413/1821 186/2435/1821 1778/2468/1821
f 1785/2414/1822 1778/2468/1822 1779/2448/1822
f 1805/2465/1823 1767/2385/1823 1806/2391/1823
f 1807/2466/1824 1768/2382/1824 1805/2465/1824
f 1800/2442/1825 1804/2469/1825 1775/2412/1825
f 1793/2470/1826 1800/2399/1826 1791/2471/1826
f 1823/2418/1827 1825/2472/1827 1808/2473/1827
f 1839/2456/1828 1862/2474/1828 1857/2475/1828
f 1809/2419/1829 1828/2476/1829 1829/2477/1829
f 1833/2409/1830 1829/2478/1830 1830/2479/1830
f 1811/2446/1831 1841/2480/1831 1835/2395/1831
f 1835/2395/1832 1841/2480/1832 1827/2481/1832
f 1808/2396/1833 1835/2395/1833 1827/2481/1833
f 1808/2473/1834 1827/2482/1834 1848/2483/1834
f 1822/2433/1835 1832/2484/1835 1810/2455/1835
f 1832/2484/1836 1839/2456/1836 1810/2455/1836
f 1809/2419/1837 1848/2483/1837 1828/2476/1837
f 1829/2477/1838 1828/2476/1838 1843/2485/1838
f 3289/2486/1839 1838/2487/1839 1842/2488/1839
f 1843/2485/1840 1828/2476/1840 1845/2489/1840
f 1840/2458/1841 1844/2490/1841 1841/2491/1841
f 1844/2490/1842 1857/2475/1842 1859/2492/1842
f 1844/2493/1843 1859/2494/1843 1836/2495/1843
f 1845/2496/1844 1842/2497/1844 3288/2498/1844
f 1843/2499/1845 1845/2496/1845 3287/2500/1845
f 1844/2493/1846 1836/2495/1846 1846/2501/1846
f 1831/2502/1847 3287/2503/1847 1832/2504/1847
f 3288/2498/1848 187/2505/1849 1862/2506/1850
f 1847/2507/1851 3288/2508/1851 1862/2474/1851
f 3287/2509/1852 1847/2507/1852 1839/2456/1852
f 1846/2510/1853 1837/2511/1853 3289/2486/1853
f 3291/2512/1854 1849/2513/1854 1856/2514/1854
f 3290/2515/1855 1855/2516/1855 1854/2517/1855
f 1852/2518/1856 1854/2519/1856 1853/2520/1856
f 1850/2521/1857 1852/2522/1857 1851/2523/1857
f 3291/2512/1858 1850/2524/1858 1849/2513/1858
f 1851/2523/1859 1852/2522/1859 1858/2525/1859
f 1859/2492/1860 1857/2475/1860 1856/2526/1860
f 1858/2525/1861 1852/2522/1861 1853/2527/1861
f 1838/2528/1862 1860/2529/1863 187/2505/1864
f 1860/2529/1865 1854/2519/1865 1861/2530/1865
f 1860/2529/1866 1853/2520/1866 1854/2519/1866
f 187/2505/1867 1860/2529/1867 1861/2530/1867
f 1836/2495/1868 1849/2513/1868 1837/2531/1868
f 1861/2532/1869 1854/2517/1869 1855/2516/1869
f 1865/2533/1661 1864/2534/1661 3293/2535/1661
f 1867/2536/1662 188/2537/1662 1869/2538/1662
f 1919/2539/1663 1925/2540/1663 1927/2541/1663
f 1902/2542/1664 1891/2543/1664 1900/2544/1664
f 188/2537/1665 1872/2545/1665 1870/2546/1665
f 1927/2541/1666 1925/2540/1666 1926/2547/1666
f 1926/2547/1667 1936/2548/1667 1909/2549/1667
f 194/2550/1668 1873/2551/1668 1877/2552/1668
f 2066/2553/1669 1873/2551/1669 194/2550/1669
f 3292/2554/1670 1874/2555/1670 1872/2556/1670
f 1874/2555/1671 3293/2535/1671 1872/2556/1671
f 1882/2557/1672 1913/2558/1672 1914/2559/1672
f 1915/2560/1673 1934/2561/1673 1916/2562/1673
f 1876/2563/1674 1875/2564/1674 1863/2565/1674
f 1876/2563/1675 1863/2565/1675 1886/2566/1675
f 190/2567/1676 1865/2533/1676 1874/2555/1676
f 1878/2568/1677 190/2567/1677 1874/2555/1677
f 1920/2569/1678 1924/2570/1678 1910/2571/1678
f 1870/2546/1679 1894/2572/1679 1908/2573/1679
f 1871/2574/1680 1866/2575/1680 1890/2576/1680
f 1883/2577/1681 191/2578/1681 190/2567/1681
f 1879/2579/1682 1898/2580/1682 1864/2534/1682
f 191/2578/1683 1884/2581/1683 1881/2582/1683
f 1883/2583/1684 192/2584/1684 191/2578/1684
f 1921/2585/1870 1922/2586/1870 1917/2587/1870
f 196/2588/1871 1921/2585/1871 1898/2580/1871
f 1885/2589/1687 1871/2590/1687 1894/2572/1687
f 1872/2545/1688 1885/2589/1688 1870/2546/1688
f 1897/2591/1689 1920/2569/1689 1873/2551/1689
f 1897/2591/1690 1873/2551/1690 2066/2553/1690
f 1873/2551/1691 1920/2569/1691 1877/2552/1691
f 1887/2592/1692 193/2593/1692 1889/2594/1692
f 1877/2552/1693 1920/2569/1693 1913/2595/1693
f 1875/2564/1694 1882/2596/1694 196/2597/1694
f 1889/2594/1695 1892/2598/1695 1893/2599/1695
f 1876/2563/1696 1889/2594/1696 1901/2600/1696
f 1903/2601/1697 1919/2539/1698 1866/2575/1699
f 1918/2602/1700 1912/2603/1700 1925/2540/1700
f 1884/2581/1701 1886/2604/1701 1880/2605/1701
f 1892/2598/1702 1896/2606/1702 1893/2599/1702
f 1892/2607/1703 1895/2608/1703 1899/2609/1703
f 3293/2535/1704 1903/2610/1704 1885/2611/1704
f 1891/2612/1705 1894/2572/1705 1890/2613/1705
f 1908/2573/1706 1894/2572/1706 1891/2612/1706
f 1890/2576/1707 1866/2575/1707 1927/2541/1707
f 1911/2614/1872 1933/2615/1872 1935/2616/1872
f 1933/2615/1873 197/2617/1873 1935/2616/1873
f 1897/2591/1712 1900/2544/1712 1920/2569/1712
f 2103/2618/1874 2079/2619/1874 2072/2620/1874
f 1913/2595/1715 1910/2571/1715 1934/2621/1715
f 1906/2622/1716 1907/2623/1716 195/2624/1716
f 1863/2565/1717 196/2597/1717 1879/2625/1717
f 1886/2566/1718 1879/2625/1718 1880/2626/1718
f 195/2624/1719 1868/2627/1719 1902/2628/1719
f 195/2624/1720 1869/2538/1720 1868/2627/1720
f 1868/2627/1721 1908/2573/1721 1891/2612/1721
f 1896/2606/1722 1901/2600/1722 1893/2599/1722
f 1924/2629/1723 1926/2547/1723 1909/2549/1723
f 1920/2630/1724 1927/2541/1724 1924/2629/1724
f 1933/2615/1875 1958/2631/1875 197/2617/1875
f 1934/2561/1876 1943/2632/1876 1930/2633/1876
f 1936/2548/1877 1947/2634/1877 1928/2635/1877
f 1909/2549/1878 1936/2548/1878 1928/2635/1878
f 1923/2636/1879 1931/2637/1879 1911/2614/1879
f 1909/2638/1880 1928/2639/1880 1929/2640/1880
f 1932/2641/1881 1933/2615/1881 1911/2614/1881
f 1910/2571/1882 1929/2640/1882 1937/2642/1882
f 1943/2643/1883 1937/2642/1883 1942/2644/1883
f 197/2617/1884 1946/2645/1884 1944/2646/1884
f 1942/2644/1885 1959/2647/1885 1938/2648/1885
f 1930/2633/1886 1943/2632/1886 1945/2649/1886
f 1944/2650/1887 1946/2651/1887 1947/2634/1887
f 1948/2652/1888 1938/2653/1888 1939/2654/1888
f 1945/2649/1889 1948/2655/1889 3294/2656/1889
f 1947/2634/1890 1946/2651/1890 1949/2657/1890
f 1949/2658/1891 1961/2659/1891 1962/2660/1891
f 1948/2661/1892 1940/2662/1892 1933/2615/1892
f 3294/2663/1893 1933/2615/1893 1932/2641/1893
f 1949/2658/1894 1962/2660/1894 1937/2642/1894
f 1929/2640/1895 1949/2658/1895 1937/2642/1895
f 3295/2664/1896 1951/2665/1896 1950/2666/1896
f 1955/2667/1897 1950/2668/1897 1956/2669/1897
f 3295/2670/1898 1952/2671/1898 1951/2672/1898
f 1933/2615/1899 1956/2669/1899 1958/2631/1899
f 1957/2673/1900 1952/2674/1900 1960/2675/1900
f 1938/2653/1901 1960/2676/1901 1939/2654/1901
f 1950/2666/1902 1951/2665/1903 1961/2677/1904
f 1960/2676/1905 1953/2678/1905 1954/2679/1905
f 1939/2654/1906 1954/2679/1906 1940/2680/1906
f 1955/2667/1907 1956/2669/1908 1933/2615/1909
f 1965/2681/1910 1964/2682/1910 3297/2683/1910
f 1967/2684/1911 198/2685/1911 1969/2686/1911
f 2017/2687/1912 2022/2688/1912 2023/2689/1912
f 2002/2690/1913 1991/2691/1913 2000/2692/1913
f 198/2685/1914 1972/2693/1914 1970/2694/1914
f 2023/2689/1915 2022/2688/1915 2007/2695/1915
f 204/2696/1916 1973/2697/1916 1977/2698/1916
f 2062/2699/1917 1973/2697/1917 204/2696/1917
f 3296/2700/1918 1974/2701/1918 1972/2702/1918
f 1974/2701/1919 3297/2683/1919 1972/2702/1919
f 1982/2703/1920 2011/2704/1920 2012/2705/1920
f 2013/2706/1921 2030/2707/1921 2014/2708/1921
f 1976/2709/1922 1975/2710/1922 1963/2711/1922
f 1976/2709/1923 1963/2711/1923 1986/2712/1923
f 200/2713/1924 1965/2681/1924 1974/2701/1924
f 1978/2714/1925 200/2713/1925 1974/2701/1925
f 2018/2715/1926 2021/2716/1926 2010/2717/1926
f 1970/2694/1927 1994/2718/1927 2006/2719/1927
f 1971/2720/1928 1966/2721/1928 1990/2722/1928
f 1983/2723/1929 201/2724/1929 200/2713/1929
f 1979/2725/1930 1998/2726/1930 1964/2682/1930
f 201/2724/1931 1984/2727/1931 1981/2728/1931
f 1983/2723/1932 202/2729/1932 201/2724/1932
f 2019/2730/1933 2020/2731/1933 2015/2732/1933
f 206/2733/1934 2019/2734/1934 1998/2735/1934
f 1985/2736/1935 1971/2720/1935 1994/2718/1935
f 1972/2693/1936 1985/2736/1936 1970/2694/1936
f 1997/2737/1937 2018/2715/1937 1973/2697/1937
f 1997/2737/1938 1973/2697/1938 2062/2699/1938
f 1973/2697/1939 2018/2715/1939 1977/2698/1939
f 1977/2698/1940 2018/2715/1940 2011/2738/1940
f 1975/2710/1941 1982/2703/1941 206/2733/1941
f 1989/2739/1942 1992/2740/1942 1993/2741/1942
f 1976/2709/1943 1989/2739/1943 2001/2742/1943
f 2003/2743/1944 2017/2687/1945 1966/2721/1946
f 2016/2744/1947 2009/2745/1947 2022/2746/1947
f 1984/2727/1948 1986/2747/1948 1980/2748/1948
f 1992/2740/1949 1996/2749/1949 1993/2741/1949
f 1992/2740/1950 1995/2750/1950 3304/2751/1950
f 3297/2683/1951 2003/2752/1951 1985/2753/1951
f 1991/2691/1952 1994/2718/1952 1990/2722/1952
f 2006/2719/1953 1994/2718/1953 1991/2691/1953
f 1990/2722/1954 1966/2721/1954 2023/2689/1954
f 211/2754/1955 2075/2755/1955 2083/2756/1955
f 3331/2757/1956 2075/2755/1956 3329/2758/1956
f 2089/2759/1957 3331/2757/1957 2092/2760/1957
f 1997/2737/1958 2000/2761/1958 2018/2715/1958
f 2115/2762/1959 2116/2763/1959 2114/2764/1959
f 2087/2765/1960 2115/2766/1960 2079/2767/1960
f 2077/2768/1961 2080/2769/1961 2073/2770/1961
f 2073/2770/1962 2080/2769/1962 2076/2771/1962
f 2011/2738/1963 2010/2717/1963 2030/2772/1963
f 2004/2773/1964 2005/2774/1964 205/2775/1964
f 1963/2711/1965 206/2733/1965 1979/2776/1965
f 1986/2712/1966 1979/2776/1966 1980/2777/1966
f 205/2778/1967 1968/2779/1967 2002/2690/1967
f 205/2778/1968 1969/2686/1968 1968/2779/1968
f 1968/2779/1969 2006/2719/1969 1991/2691/1969
f 1996/2749/1970 2001/2742/1970 1993/2741/1970
f 2021/2780/1971 2007/2781/1971 2033/2782/1971
f 2018/2715/1972 2023/2783/1972 2021/2716/1972
f 2031/2784/1973 207/2785/1973 2009/2786/1973
f 2030/2707/1974 2026/2787/1974 2027/2788/1974
f 2032/2789/1975 2038/2790/1975 2024/2791/1975
f 2033/2792/1976 2024/2793/1976 2025/2794/1976
f 2020/2731/1977 2028/2795/1977 2008/2796/1977
f 2010/2717/1978 2025/2794/1978 2037/2797/1978
f 2036/2798/1979 2050/2799/1979 207/2785/1979
f 3298/2800/1980 2050/2801/1980 2051/2802/1980
f 2027/2788/1981 3299/2803/1981 2028/2804/1981
f 2027/2788/1982 2026/2787/1982 3299/2803/1982
f 2026/2805/1983 2039/2806/1983 3299/2807/1983
f 2039/2806/1984 2053/2808/1984 2040/2809/1984
f 3298/2800/1985 2051/2802/1985 2054/2810/1985
f 2025/2794/1986 3298/2811/1986 3300/2812/1986
f 3299/2813/1987 2040/2814/1987 2029/2815/1987
f 3300/2812/1988 2054/2816/1988 2047/2817/1988
f 2040/2814/1989 2035/2818/1989 2036/2798/1989
f 3301/2819/1990 2045/2820/1990 2044/2821/1990
f 3301/2819/1991 2044/2821/1991 2043/2822/1991
f 2048/2823/1992 2046/2824/1992 2049/2825/1992
f 2048/2823/1993 2045/2826/1993 2046/2824/1993
f 2037/2797/1994 2047/2817/1995 2043/2827/1996
f 2049/2828/1997 2046/2829/1997 2050/2801/1997
f 2044/2821/1998 2045/2820/1998 2052/2830/1998
f 2054/2810/1999 2041/2831/1999 2042/2832/1999
f 2053/2833/2000 2052/2834/2000 2035/2818/2000
f 2052/2834/2001 2045/2826/2001 2048/2823/2001
f 2047/2817/1995 2042/2835/2002 2043/2827/1996
f 3303/2836/2003 2002/2837/2003 1997/2737/2003
f 3302/2838/2004 3384/2839/2004 2467/2840/2004
f 1996/2841/2005 3304/2842/2005 2062/2699/2005
f 2063/2843/2006 3304/2844/2006 210/2845/2006
f 3385/2846/2007 3307/2847/2007 2064/2848/2007
f 1999/2849/2008 2065/2850/2008 210/2845/2008
f 3312/2851/2009 1902/2542/2009 1897/2591/2009
f 3311/2852/2010 3391/2853/2010 2466/2854/2010
f 1896/2855/2011 3313/2856/2011 2066/2553/2011
f 1899/2857/2012 3313/2856/2012 1896/2855/2012
f 2068/2858/2013 3313/2859/2013 2067/2860/2013
f 3316/2861/2014 1907/2623/2014 2466/2854/2014
f 209/2862/2015 3392/2863/2015 3396/2864/2015
f 3321/2865/2009 1702/2224/2009 1697/2273/2009
f 3320/2866/2010 3399/2867/2010 2465/2868/2010
f 1696/2869/2016 3322/2870/2016 2069/2235/2016
f 3401/2871/2017 3324/2872/2017 2070/2873/2017
f 2071/2874/2018 208/2875/2018 1699/2876/2018
f 2122/2877/2019 2137/2878/2019 2125/2879/2019
f 2093/2880/2020 1905/2881/2020 2110/2299/2020
f 1904/2882/2021 1905/2881/2021 2093/2880/2021
f 2127/2307/2022 1904/2883/2022 2093/2884/2022
f 1905/2881/2023 2058/2300/2023 2110/2299/2023
f 2081/2885/2024 2080/2769/2024 2077/2768/2024
f 2078/2886/2025 2077/2768/2026 2074/2887/2027
f 2120/2888/2028 2105/2889/2028 2121/2890/2028
f 2113/2891/2029 2105/2889/2029 2120/2888/2029
f 3271/2892/2030 2078/2886/2025 2074/2887/2027
f 2100/2893/2031 2082/2894/2031 3271/2892/2031
f 2085/2895/2032 2088/2896/2032 2081/2885/2032
f 2081/2897/2033 2088/2898/2033 2084/2899/2033
f 2124/2900/2034 2123/2901/2034 2118/2902/2034
f 2123/2901/2035 211/2903/2035 2100/2904/2035
f 2090/2905/2036 2061/2906/2036 2058/2300/2036
f 2089/2759/2037 2088/2907/2038 2085/2908/2039
f 2089/2759/2037 2091/2909/2040 2088/2907/2038
f 2092/2760/2041 2091/2909/2041 2089/2759/2041
f 2092/2760/2042 2094/2910/2042 2091/2909/2042
f 2075/2755/2043 2087/2765/2043 2103/2911/2043
f 2095/2912/2044 2094/2910/2044 2092/2760/2044
f 2121/2306/2045 2105/2913/2045 1904/2883/2045
f 2100/2893/2046 2083/2914/2046 2082/2894/2046
f 2078/2886/2047 2082/2894/2047 2085/2895/2047
f 2098/2915/2048 2464/2916/2048 2095/2912/2048
f 2098/2915/2049 2095/2912/2049 2092/2760/2049
f 2090/2917/2050 2074/2887/2050 2061/2918/2050
f 2124/2900/2051 2116/2919/2051 2123/2901/2051
f 2140/2920/2052 2119/2921/2052 2113/2891/2052
f 2108/2922/2053 2107/2923/2053 2106/2924/2053
f 2108/2922/2054 2111/2925/2054 2107/2926/2054
f 2083/2756/2055 3331/2757/2055 2082/2927/2055
f 2085/2908/2056 3331/2757/2056 2089/2759/2056
f 2055/2298/2057 2056/2297/2057 2108/2922/2057
f 2110/2299/2058 2055/2298/2058 2109/2928/2058
f 2108/2922/2059 2056/2297/2059 2111/2925/2059
f 3329/2758/2060 2103/2911/2060 2096/2929/2060
f 3329/2758/2061 2098/2915/2061 2092/2760/2061
f 3329/2758/2062 2096/2929/2062 2098/2915/2062
f 2122/2930/2063 2125/2931/2063 2127/2307/2063
f 2125/2931/2064 2136/2932/2064 2126/2305/2064
f 3335/2933/2065 2133/2934/2065 2140/2920/2065
f 3335/2933/2066 2139/2935/2066 2133/2934/2066
f 2117/2936/2067 2131/2937/2067 2134/2938/2067
f 2132/2939/2068 2113/2940/2069 2112/2308/2070
f 2112/2308/2070 2113/2940/2069 2120/2309/2071
f 2136/2932/2072 2129/2941/2072 2112/2308/2072
f 2137/2942/2073 2129/2941/2073 2136/2932/2073
f 3332/2943/2074 2124/2900/2074 2119/2944/2074
f 2134/2938/2075 2130/2945/2075 2137/2878/2075
f 2154/2946/2076 2138/2947/2076 2156/2948/2076
f 2141/2949/2077 3333/2950/2077 2130/2945/2077
f 3334/2951/2078 3333/2950/2078 2142/2952/2078
f 3335/2933/2079 2140/2920/2079 2132/2953/2079
f 212/2954/2080 3334/2955/2080 2144/2956/2080
f 2143/2957/2081 3340/2958/2081 3335/2959/2081
f 2145/2960/2082 2142/2961/2082 2141/2962/2082
f 2143/2963/2083 2132/2939/2083 2128/2964/2083
f 2146/2965/2084 2158/2966/2084 3340/2958/2084
f 2144/2956/2085 2142/2967/2085 2147/2968/2085
f 2146/2965/2086 2143/2957/2086 2148/2969/2086
f 2147/2970/2087 2145/2960/2087 2149/2971/2087
f 2129/2941/2088 2148/2972/2088 2128/2964/2088
f 2138/2947/2089 2148/2973/2089 3333/2950/2089
f 2156/2948/2090 2138/2947/2090 3334/2951/2090
f 3337/2974/2091 3339/2975/2091 2150/2976/2091
f 3337/2977/2092 2150/2978/2092 2154/2946/2092
f 2152/2979/2093 3336/2980/2093 2151/2981/2093
f 2151/2982/2094 2154/2946/2094 2156/2948/2094
f 2151/2981/2095 2156/2983/2095 2157/2984/2095
f 2157/2984/2096 2156/2983/2096 212/2954/2096
f 3339/2975/2097 3340/2958/2097 2158/2966/2097
f 2152/2979/2098 2157/2984/2098 2159/2985/2098
f 2150/2976/2099 2158/2966/2099 2146/2965/2099
f 213/2986/2100 2159/2985/2100 212/2954/2100
f 2150/2976/2101 2146/2965/2101 2138/2987/2101
f 2155/2988/2102 214/2989/2102 2159/2990/2102
f 2139/2935/2103 2155/2988/2103 213/2991/2103
f 2163/2992/2104 2161/2993/2104 2162/2994/2104
f 2214/2995/2105 2164/2996/2105 2162/2994/2105
f 2209/2997/2106 2198/2998/2106 2213/2999/2106
f 2238/3000/2107 2216/3001/2107 2229/3002/2107
f 2228/3003/2108 2229/3002/2108 2210/3004/2108
f 2197/3005/2109 2170/3006/2109 2171/3007/2109
f 3352/3008/2110 2170/3006/2110 2197/3005/2110
f 2206/3009/2111 2177/3010/2111 2170/3006/2111
f 2219/3011/2112 2220/3012/2112 2218/3013/2112
f 2186/3014/2113 2219/3015/2113 2177/3016/2113
f 215/3017/2114 2174/3018/2114 2182/3019/2114
f 3351/3020/2115 2174/3018/2115 3342/3021/2115
f 2188/3022/2116 3351/3020/2116 2191/3023/2116
f 2176/3024/2117 2178/3025/2117 2172/3026/2117
f 2172/3026/2118 2178/3025/2118 2175/3027/2118
f 2224/3028/2119 2239/3029/2119 2238/3030/2119
f 2224/3028/2120 2238/3030/2120 2228/3031/2120
f 2165/3032/2121 2166/3033/2121 2192/3034/2121
f 2166/3033/2122 2164/2996/2122 2214/2995/2122
f 2179/3035/2123 2178/3025/2123 2176/3024/2123
f 2180/3036/2124 2176/3024/2125 2173/3037/2126
f 2217/3038/2127 2207/3039/2127 2223/3040/2127
f 3341/3041/2128 2180/3036/2124 2173/3037/2126
f 2199/3042/2129 2181/3043/2129 3341/3041/2129
f 2184/3044/2130 2187/3045/2130 2179/3035/2130
f 2179/3035/2131 2187/3045/2131 2183/3046/2131
f 2226/3047/2132 2225/3048/2132 2221/3049/2132
f 2225/3050/2133 215/3017/2133 2199/3051/2133
f 2189/3052/2134 2169/3053/2134 2164/2996/2134
f 2188/3022/2135 2187/3054/2136 2184/3055/2137
f 2188/3022/2135 2190/3056/2138 2187/3054/2136
f 2191/3023/2139 2190/3056/2139 2188/3022/2139
f 2191/3023/2140 2193/3057/2140 2190/3056/2140
f 2174/3018/2141 2186/3014/2141 2206/3058/2141
f 3342/3021/2142 2206/3058/2142 3352/3059/2142
f 2194/3060/2143 2193/3057/2143 2191/3023/2143
f 2194/3060/2144 2195/3061/2144 2193/3057/2144
f 2223/3062/2145 2207/3063/2145 2210/3004/2145
f 2216/3001/2146 2223/3062/2146 2229/3002/2146
f 2199/3051/2147 2182/3019/2147 2181/3064/2147
f 2180/3065/2148 2181/3064/2148 2184/3055/2148
f 2196/3066/2149 2195/3067/2149 2194/3068/2149
f 2189/3069/2150 2173/3037/2150 2169/3070/2150
f 2201/3071/2151 2203/3072/2151 2196/3066/2151
f 2171/3007/2152 2201/3071/2152 2197/3005/2152
f 2196/3066/2153 2203/3072/2153 2200/3073/2153
f 2237/3074/2154 2220/3075/2154 2225/3048/2154
f 2213/2999/2155 2192/3034/2155 2214/2995/2155
f 2204/3076/2156 2203/3072/2156 2201/3071/2156
f 2232/3077/2157 2222/3078/2158 2217/3038/2159
f 2205/3079/2160 2198/3080/2160 2209/3081/2160
f 3350/3082/2161 2161/3083/2161 2167/3084/2162
f 3350/3082/2163 2167/3084/2163 2175/3085/2163
f 3344/3086/2164 2175/3085/2164 2178/3087/2164
f 3345/3088/2165 2178/3087/2165 2183/3089/2165
f 3345/3088/2166 2183/3089/2166 2187/3090/2166
f 3346/3091/2167 2187/3090/2167 2190/3092/2167
f 3346/3091/2168 2190/3092/2168 2193/3093/2168
f 3347/3094/2169 2193/3095/2169 2195/3096/2169
f 3347/3094/2170 2195/3096/2170 2200/3097/2170
f 3348/3098/2171 2200/3099/2171 2203/3100/2171
f 3348/3101/2172 2203/3072/2172 2211/3102/2172
f 3349/3103/2173 2211/3104/2173 2215/3105/2173
f 3349/3103/2174 2215/3106/2174 2161/3107/2174
f 2182/3019/2175 3351/3020/2175 2181/3064/2175
f 2184/3055/2176 3351/3020/2176 2188/3022/2176
f 2162/2994/2177 2161/2993/2177 2212/3108/2177
f 2214/2995/2178 2162/2994/2178 2213/2999/2178
f 2212/3108/2179 2161/2993/2179 2215/3109/2179
f 3352/3008/2180 2206/3009/2180 2170/3006/2180
f 3352/3008/2181 2197/3005/2181 2194/3068/2181
f 2227/3110/2182 2228/3003/2182 2160/3111/2182
f 2257/3112/2183 2234/3113/2183 2232/3077/2183
f 2236/3114/2184 2241/3115/2184 2235/3116/2184
f 3353/3117/2185 2236/3118/2186 2237/3074/2187
f 2238/3000/2188 2246/3119/2188 2216/3001/2188
f 3354/3120/2189 2237/3074/2189 2226/3047/2189
f 2239/3121/2190 2253/3122/2190 2238/3000/2190
f 3354/3123/2191 2226/3124/2191 2222/3078/2191
f 2235/3116/2192 2253/3125/2192 2239/3029/2192
f 2241/3115/2193 3355/3126/2193 2230/3127/2193
f 2245/3128/2194 3357/3129/2194 2241/3130/2194
f 2247/3131/2195 3357/3129/2195 2244/3132/2195
f 216/3133/2196 2240/3134/2196 2247/3131/2196
f 2243/3135/2197 2233/3136/2197 2246/3137/2197
f 2251/3138/2198 2247/3131/2198 2244/3132/2198
f 2244/3132/2199 2245/3128/2199 2252/3139/2199
f 2253/3122/2200 2249/3140/2200 2246/3119/2200
f 2250/3141/2201 2262/3142/2201 2247/3131/2201
f 2248/3143/2202 2249/3144/2202 3355/3126/2202
f 2257/3112/2203 2250/3145/2203 2251/3146/2203
f 2251/3146/2204 2252/3147/2204 2234/3113/2204
f 2230/3127/2205 3355/3126/2205 2253/3125/2205
f 2254/3148/2206 3358/3149/2206 2256/3150/2206
f 3362/3151/2207 3361/3152/2207 2263/3153/2207
f 2257/3112/2208 2263/3153/2208 2250/3145/2208
f 2258/3154/2209 3356/3155/2209 2240/3156/2209
f 2259/3157/2210 3362/3151/2210 2257/3112/2210
f 2260/3158/2211 2258/3154/2211 2240/3156/2211
f 2261/3159/2212 2256/3150/2212 2259/3160/2212
f 2260/3161/2213 2240/3134/2213 216/3133/2213
f 2242/3162/2214 2254/3148/2214 2261/3159/2214
f 2262/3142/2215 2255/3163/2215 2260/3161/2215
f 2248/3164/2216 2254/3148/2216 2242/3162/2216
f 2263/3153/2217 2255/3165/2217 2262/3166/2217
f 2250/3145/2218 2263/3153/2218 2262/3166/2218
f 2268/3167/1708 2266/3168/1708 2267/3169/1708
f 2312/3170/2219 2269/3171/2219 2267/3169/2219
f 2326/3172/2220 2270/3173/2220 2265/3174/2220
f 2314/3175/2221 2321/3176/2221 2327/3177/2221
f 3365/3178/2222 2265/3174/2222 2297/3179/2222
f 2300/3180/2223 2284/3181/2223 2275/3182/2223
f 2291/3183/2224 2317/3184/2224 2284/3185/2224
f 2264/3186/2225 2291/3183/2225 2278/3187/2225
f 2293/3188/1957 3366/3189/1957 2296/3190/1957
f 2280/3191/1961 2285/3192/1961 2276/3193/1961
f 2276/3193/1962 2285/3192/1962 2279/3194/1962
f 2322/3195/2019 2337/3196/2019 2325/3197/2019
f 2270/3198/2226 2271/3199/2226 2297/3200/2226
f 2271/3199/2227 2269/3171/2227 2312/3170/2227
f 2286/3201/2024 2285/3192/2024 2280/3191/2024
f 2283/3202/2228 2280/3191/2026 2277/3203/2229
f 2315/3204/2230 3363/3205/2230 2321/3206/2230
f 2282/3207/2231 2283/3202/2228 2277/3203/2229
f 2305/3208/2232 2281/3209/2232 2282/3207/2232
f 2289/3210/2032 2292/3211/2032 2286/3201/2032
f 2286/3212/2033 2292/3213/2033 2288/3214/2033
f 2324/3215/2233 217/3216/2233 2305/3217/2233
f 2294/3218/2036 2274/3219/2036 2269/3171/2036
f 2293/3188/2234 2292/3220/2038 2289/3221/2039
f 2293/3188/2234 2295/3222/2040 2292/3220/2038
f 2296/3190/2041 2295/3222/2041 2293/3188/2041
f 2296/3190/2042 2298/3223/2042 2295/3222/2042
f 2299/3224/2044 2298/3223/2044 2296/3190/2044
f 2321/3176/2235 2307/3225/2235 2326/3172/2235
f 2326/3172/2236 2307/3225/2236 2270/3173/2236
f 2282/3207/2237 2287/3226/2238 2283/3202/2239
f 2281/3209/2240 2287/3226/2240 2282/3207/2240
f 2283/3202/2239 2287/3226/2238 2289/3210/2241
f 2302/3227/2242 2067/3228/2242 2301/3229/2242
f 2303/3230/2243 2299/3224/2243 2296/3190/2243
f 2294/3231/2050 2277/3203/2050 2274/3232/2050
f 2318/3233/2244 2317/3234/2244 2324/3215/2244
f 2311/3235/2245 2297/3200/2245 2312/3170/2245
f 2340/3236/2246 2319/3237/2246 2315/3204/2246
f 2310/3238/2247 2309/3239/2247 2308/3240/2247
f 2310/3238/2248 2313/3241/2248 2309/3242/2248
f 2281/3243/2249 3366/3189/2249 2287/3244/2249
f 217/3245/2250 2264/3186/2250 2281/3243/2250
f 2289/3221/2056 3366/3189/2056 2293/3188/2056
f 2267/3169/2057 2266/3168/2057 2310/3238/2057
f 2312/3170/2251 2267/3169/2251 2311/3235/2251
f 2310/3238/2059 2266/3168/2059 2313/3241/2059
f 3364/3246/2252 2303/3230/2252 2296/3190/2252
f 2278/3187/2253 2284/3185/2253 2300/3247/2253
f 3364/3246/2254 2300/3247/2254 2303/3230/2254
f 2322/3248/2255 2325/3249/2255 2326/3172/2255
f 2325/3249/2064 2336/3250/2064 2327/3177/2064
f 2322/3248/2256 2326/3172/2256 2265/3174/2256
f 2323/3251/2257 2329/3252/2257 2332/3253/2257
f 2330/3254/2258 2315/3255/2259 2314/3175/2260
f 2314/3175/2260 2315/3255/2259 2321/3176/2261
f 2334/3256/2262 2329/3257/2262 2323/3258/2262
f 2335/3259/2263 2333/3260/2263 2334/3256/2263
f 2336/3250/2264 2346/3261/2264 2314/3175/2264
f 2337/3262/2265 2350/3263/2265 2336/3250/2265
f 3367/3264/2266 2335/3259/2266 2319/3265/2266
f 2332/3253/2267 2328/3266/2267 2337/3196/2267
f 2328/3266/2268 2350/3267/2268 2337/3196/2268
f 2355/3268/2269 2351/3269/2269 2358/3270/2269
f 3368/3271/2270 2340/3236/2271 2330/3272/2272
f 2343/3273/2273 2355/3268/2273 2328/3266/2273
f 2342/3274/2274 3368/3275/2274 2344/3276/2274
f 2345/3277/2275 2343/3278/2275 2341/3279/2275
f 2344/3280/2276 2330/3254/2276 2346/3261/2276
f 2348/3281/2277 2357/3282/2277 2344/3280/2277
f 2339/3283/2278 2338/3284/2278 2347/3285/2278
f 2350/3263/2279 2348/3281/2279 2346/3261/2279
f 2328/3266/2280 2358/3270/2280 2350/3267/2280
f 2352/3286/2281 3369/3287/2281 2351/3288/2281
f 3372/3289/2282 3371/3290/2282 2354/3291/2282
f 2353/3292/2283 3372/3289/2283 2354/3291/2283
f 2354/3291/2284 2331/3293/2284 2340/3236/2284
f 2353/3292/2285 2340/3236/2285 2342/3294/2285
f 2352/3286/2286 2355/3295/2286 2356/3296/2286
f 2352/3286/2287 2356/3296/2287 2338/3284/2287
f 3371/3297/2288 2352/3286/2288 2339/3283/2288
f 3370/3298/2289 3373/3299/2289 2357/3300/2289
f 3370/3301/2290 2357/3282/2290 2358/3302/2290
f 2351/3269/2291 3370/3303/2291 2358/3270/2291
f 2354/3291/2292 2347/3304/2292 2331/3293/2292
f 2362/3305/2293 2360/3306/2293 2361/3307/2293
f 2407/3308/2294 2363/3309/2294 2361/3307/2294
f 2432/3310/2295 2415/3311/2295 2423/3312/2295
f 2370/3313/2296 3374/3314/2296 2391/3315/2296
f 2370/3316/2297 2417/3317/2297 3374/3318/2297
f 2424/3319/2298 2423/3320/2298 2416/3321/2298
f 2424/3319/2299 2416/3321/2299 218/3322/2299
f 2400/3323/2300 2377/3324/2300 2369/3325/2300
f 2411/3326/2301 2418/3327/2301 2410/3328/2301
f 2385/3329/2302 2411/3330/2302 2377/3331/2302
f 219/3332/2303 2373/3333/2303 2381/3334/2303
f 3376/3335/2304 2373/3333/2304 3375/3336/2304
f 2387/3337/2305 3376/3335/2305 2390/3338/2305
f 2375/3339/2306 2378/3340/2306 2371/3341/2306
f 2371/3341/2307 2378/3340/2307 2374/3342/2307
f 2417/3317/2308 2433/3343/2308 2422/3344/2308
f 218/3322/2309 2364/3345/2309 3374/3314/2309
f 2365/3346/2310 2363/3309/2310 2407/3308/2310
f 2379/3347/2311 2378/3340/2311 2375/3339/2311
f 2376/3348/2312 2375/3339/2312 2372/3349/2312
f 2415/3350/2313 2402/3351/2313 2416/3352/2313
f 2409/3353/2314 2402/3351/2314 2415/3350/2314
f 2359/3354/2315 2376/3348/2315 2372/3349/2315
f 2383/3355/2316 2386/3356/2316 2379/3347/2316
f 2379/3347/2317 2386/3356/2317 2382/3357/2317
f 2420/3358/2318 219/3332/2318 2398/3359/2318
f 2364/3345/2319 2384/3360/2319 2365/3346/2319
f 2384/3360/2320 2368/3361/2320 2363/3309/2320
f 2387/3337/2321 2386/3362/2322 2383/3363/2323
f 2387/3337/2321 2389/3364/2324 2386/3362/2322
f 2412/3365/2325 2419/3366/2325 2418/3367/2325
f 2412/3365/2326 2431/3368/2326 2419/3366/2326
f 2390/3338/2327 2389/3364/2327 2387/3337/2327
f 2390/3338/2328 2392/3369/2328 2389/3364/2328
f 2373/3333/2329 2385/3329/2329 2400/3370/2329
f 2393/3371/2330 2392/3369/2330 2390/3338/2330
f 2416/3321/2331 2402/3372/2331 218/3322/2331
f 2359/3354/2332 2380/3373/2332 2376/3348/2332
f 2398/3374/2333 2381/3375/2333 2359/3354/2333
f 2376/3348/2334 2380/3373/2334 2383/3355/2334
f 2395/3376/2335 210/3377/2335 2394/3378/2335
f 2396/3379/2336 2393/3371/2336 2390/3338/2336
f 2402/3351/2337 2388/3380/2337 2364/3381/2337
f 2388/3380/2338 2372/3349/2338 2368/3382/2338
f 2412/3365/2339 2411/3330/2339 2420/3358/2339
f 219/3332/2340 2411/3330/2340 2385/3329/2340
f 2406/3383/2341 2391/3315/2341 2407/3308/2341
f 2397/3384/2342 2370/3316/2342 2401/3385/2342
f 2418/3327/2343 2430/3386/2343 2410/3328/2343
f 2405/3387/2344 2404/3388/2344 2403/3389/2344
f 2405/3390/2345 2408/3391/2345 2404/3392/2345
f 2421/3393/2346 2412/3394/2346 2420/3395/2346
f 2381/3334/2347 3376/3335/2347 2380/3396/2347
f 2383/3363/2348 3376/3335/2348 2387/3337/2348
f 2361/3307/2349 2360/3306/2349 2405/3387/2349
f 2407/3308/2350 2361/3307/2350 2406/3383/2350
f 2405/3387/2351 2360/3306/2351 2408/3397/2351
f 3375/3336/2352 2400/3370/2352 2369/3398/2352
f 3375/3336/2353 2396/3379/2353 2390/3338/2353
f 3375/3336/2354 2369/3398/2354 2396/3379/2354
f 2417/3399/2355 2422/3400/2355 2424/3401/2355
f 2422/3400/2356 2432/3310/2356 2423/3312/2356
f 2436/3402/2357 2437/3403/2357 2438/3404/2357
f 2429/3405/2358 2409/3353/2358 2415/3350/2358
f 2431/3368/2359 2428/3406/2359 2419/3366/2359
f 2425/3407/2360 2415/3311/2360 2432/3310/2360
f 2444/3408/2361 2431/3409/2361 2421/3393/2361
f 2433/3410/2362 2426/3411/2363 2432/3310/2364
f 3378/3412/2365 2421/3393/2365 2413/3413/2365
f 2437/3403/2366 3378/3414/2366 2413/3415/2366
f 2430/3386/2367 2447/3416/2367 2433/3343/2367
f 2427/3417/2368 2434/3418/2368 2447/3416/2368
f 2452/3419/2369 2438/3404/2369 2429/3405/2369
f 2428/3420/2370 2435/3421/2370 2427/3417/2370
f 2442/3422/2371 2441/3423/2371 2435/3424/2371
f 2439/3425/2372 2435/3424/2372 2441/3423/2372
f 2445/3426/2373 2454/3427/2373 2440/3428/2373
f 2426/3429/2374 2445/3426/2374 2425/3430/2374
f 220/3431/2375 2441/3423/2375 2443/3432/2375
f 2447/3416/2376 2434/3418/2376 2445/3433/2376
f 2447/3416/2377 2445/3433/2377 2426/3434/2377
f 2446/3435/2378 2443/3436/2378 2437/3403/2378
f 3383/3437/2379 2436/3402/2379 2438/3404/2379
f 3383/3437/2380 2438/3404/2380 2452/3419/2380
f 2439/3438/2381 3381/3439/2381 2435/3421/2381
f 2448/3440/2382 3383/3441/2382 2452/3442/2382
f 2448/3440/2383 2452/3442/2383 2454/3427/2383
f 2453/3443/2384 2439/3425/2384 220/3431/2384
f 3380/3444/2385 2448/3440/2385 2455/3445/2385
f 2455/3445/2386 2448/3440/2386 2454/3427/2386
f 3382/3446/2387 2453/3443/2387 2451/3447/2387
f 2451/3447/2388 220/3431/2388 2446/3448/2388
f 2434/3418/2389 2449/3449/2389 2455/3450/2389
f 2451/3451/2390 2446/3435/2390 2436/3402/2390
f 2403/3452/2391 3384/3453/2391 3303/3454/2391
f 2401/3385/2392 3303/3454/2392 2397/3384/2392
f 2397/3384/2393 2062/3455/2393 2063/3456/2393
f 2396/3457/2394 2063/3456/2394 2395/3458/2394
f 2395/3458/2395 2063/3456/2395 210/3459/2395
f 2369/3325/2396 2063/3456/2396 2396/3457/2396
f 2063/3456/2397 2369/3325/2397 2397/3384/2397
f 3390/3460/2398 2360/3461/2398 2366/3462/2398
f 3386/3463/2399 2366/3462/2399 2374/3464/2399
f 3386/3463/2400 2374/3464/2400 2378/3465/2400
f 3387/3466/2401 2382/3467/2401 2386/3468/2401
f 3388/3469/2402 2389/3364/2402 2392/3369/2402
f 3385/2846/2403 3389/3470/2403 2065/3471/2403
f 2064/2848/2404 2467/3472/2404 2404/3473/2404
f 3390/3460/2405 2408/3474/2405 2360/3461/2405
f 2308/3475/2406 3391/3476/2406 3312/3477/2406
f 2306/3478/2407 3312/3477/2407 2304/3479/2407
f 2304/3479/2408 2066/3480/2408 2068/3481/2408
f 2303/3482/2409 2068/3481/2409 2302/3483/2409
f 2302/3483/2410 2068/3481/2410 2067/3484/2410
f 2300/3180/2411 2068/3481/2411 2303/3482/2411
f 2068/3481/2412 2300/3180/2412 2304/3479/2412
f 3398/3485/2413 2266/3168/2413 2272/3486/2413
f 3393/3487/2414 2272/3486/2414 2279/3488/2414
f 3393/3489/2415 2279/3490/2415 2285/3491/2415
f 3394/3492/2416 2288/3214/2416 2292/3213/2416
f 3395/3493/2417 2295/3494/2417 2298/3495/2417
f 3396/2864/2418 2067/3496/2418 209/2862/2418
f 3397/3497/2419 3392/2863/2419 3316/3498/2419
f 3397/3499/2420 2466/2854/2420 2309/3500/2420
f 3398/3485/2421 2313/3241/2421 2266/3168/2421
f 2106/3501/2422 3399/3502/2422 3321/3503/2422
f 2104/3504/2407 3321/3503/2407 2099/3505/2407
f 2099/3505/2423 2069/3506/2423 3400/3507/2423
f 2096/3508/2424 3400/3507/2424 2098/3509/2424
f 3400/3507/2425 2096/3508/2426 2099/3505/2427
f 3406/3510/2428 2056/2297/2428 2059/3511/2428
f 3406/3510/2429 2059/3511/2429 2076/3512/2429
f 3402/3513/2430 2076/3514/2430 2080/3515/2430
f 3403/3516/2416 2084/2899/2416 2088/2898/2416
f 3404/3517/2417 2091/3518/2417 2094/3519/2417
f 3401/2871/2431 3405/3520/2431 2071/2874/2431
f 2070/3521/2432 2465/2868/2432 2107/3522/2432
f 3406/3510/2433 2111/2925/2433 2056/2297/2433
f 2496/3523/2434 2491/3524/2434 2492/3525/2434
f 2102/3526/2435 2463/3527/2435 2496/3523/2435
f 2461/3528/2436 2459/3529/2436 2460/3530/2436
f 2458/3531/2437 2496/3532/2437 2498/3533/2437
f 2476/3534/2438 2481/3535/2438 2482/3536/2438
f 2461/3528/2439 2457/3537/2439 2459/3529/2439
f 2459/3529/2440 2457/3537/2440 2471/3538/2440
f 2498/3533/2441 2497/3539/2441 2481/3535/2441
f 2456/3540/2442 3411/3541/2442 3408/3542/2442
f 2480/3543/2443 2456/3540/2443 3408/3542/2443
f 2399/3544/2444 2102/3526/2444 2471/3545/2444
f 2469/3546/2445 2494/3547/2445 228/3548/2445
f 2475/3549/2446 3410/3550/2446 2473/3551/2446
f 3407/3552/2447 228/3548/2448 3409/3553/2449
f 222/3554/2450 221/3555/2450 2101/3556/2450
f 2481/3557/2451 2493/3558/2451 229/3559/2451
f 2497/3560/2452 2487/3561/2452 2493/3558/2452
f 2101/3556/2453 2468/3562/2453 2102/3526/2453
f 2101/3556/2454 2470/3563/2454 2468/3562/2454
f 2468/3562/2455 3409/3564/2455 2463/3527/2455
f 2495/3565/2456 2489/3566/2456 2490/3567/2456
f 2490/3567/2457 2634/3568/2457 231/3569/2457
f 2459/3529/2458 2471/3538/2458 2458/3531/2458
f 2494/3547/2459 2488/3570/2459 2489/3571/2459
f 2473/3551/2460 226/3572/2460 2475/3549/2460
f 2478/3573/2461 3408/3574/2461 2475/3549/2461
f 3408/3574/2462 3407/3552/2462 3410/3550/2462
f 226/3572/2463 227/3575/2463 2477/3576/2463
f 2475/3549/2464 2477/3576/2464 2478/3573/2464
f 2496/3532/2465 2492/3577/2465 2498/3533/2465
f 2492/3577/2466 231/3578/2466 2486/3579/2466
f 2472/3580/2467 3410/3581/2467 3409/3564/2467
f 3409/3564/2468 2495/3565/2468 2491/3524/2468
f 2477/3576/2469 238/3582/2469 2479/3583/2469
f 2609/3584/2470 2605/3585/2471 2608/3586/2472
f 228/3548/2473 2489/3571/2473 2495/3587/2473
f 3412/3588/2474 2505/3589/2474 2514/3590/2474
f 2616/3591/2475 2508/3592/2475 2532/3593/2475
f 2482/3594/2476 229/3559/2476 2456/3540/2476
f 2481/3557/2477 229/3559/2477 2482/3594/2477
f 3426/3595/2478 2586/3596/2478 2571/3597/2478
f 2586/3596/2479 2608/3586/2479 2558/3598/2479
f 2493/3558/2480 230/3599/2480 2494/3600/2480
f 2482/3536/2481 2484/3601/2481 2476/3534/2481
f 2490/3602/2482 2488/3570/2482 2634/3603/2482
f 3409/3553/2449 228/3548/2448 2495/3587/2483
f 2483/3604/2484 2485/3605/2484 2462/3606/2484
f 2484/3601/2485 2462/3607/2485 2461/3528/2485
f 3411/3608/2486 2469/3546/2486 3407/3552/2486
f 2481/3535/2487 2497/3539/2487 2493/3609/2487
f 2533/3610/2488 2504/3611/2488 2518/3612/2488
f 2509/3613/2489 2527/3614/2489 2517/3615/2489
f 2530/3616/2490 2519/3617/2490 2513/3618/2490
f 2658/3619/2491 2656/3620/2491 2652/3621/2491
f 2533/3610/2492 2518/3612/2492 2519/3622/2492
f 2532/3593/2493 3412/3588/2493 2515/3623/2493
f 2503/3624/2494 2502/3625/2494 2504/3626/2494
f 2512/3627/2495 2507/3628/2495 2503/3624/2495
f 2528/3629/2496 2517/3630/2496 2529/3631/2496
f 2621/3632/2497 2529/3631/2497 2508/3633/2497
f 2503/3624/2498 2500/3634/2498 2502/3625/2498
f 2506/3635/2499 2510/3636/2499 2505/3637/2499
f 2627/3638/2500 2513/3639/2500 2512/3640/2500
f 2513/3639/2501 2507/3641/2501 2512/3640/2501
f 2516/3642/2502 233/3643/2503 2500/3644/2504
f 236/3645/2505 2513/3639/2505 2627/3638/2505
f 2514/3646/2506 2511/3647/2506 2499/3648/2506
f 2658/3649/2507 2653/3650/2507 2656/3651/2507
f 2511/3647/2508 2657/3652/2508 232/3653/2508
f 2501/3654/2509 2533/3610/2509 2530/3655/2509
f 2619/3656/2510 2530/3655/2510 2640/3657/2510
f 2518/3612/2511 2547/3658/2511 2521/3659/2511
f 2508/3592/2512 2506/3660/2512 3412/3588/2512
f 2505/3589/2513 2534/3661/2513 235/3662/2513
f 2501/3654/2514 2503/3663/2514 2533/3610/2514
f 2504/3611/2515 2526/3664/2515 2547/3658/2515
f 2617/3665/2516 3414/3666/2516 2626/3667/2516
f 2499/3668/2517 232/3669/2517 2527/3614/2517
f 3414/3666/2518 2509/3613/2518 2528/3670/2518
f 2531/3671/2519 233/3672/2519 2516/3673/2519
f 2640/3674/2520 2530/3675/2520 236/3676/2520
f 2518/3677/2521 2521/3678/2521 2531/3671/2521
f 2550/3679/2522 2546/3680/2522 2540/3681/2522
f 3415/3682/2523 2540/3681/2523 2548/3683/2523
f 2549/3684/2524 2542/3685/2525 2543/3686/2526
f 2544/3687/2527 2543/3686/2527 2539/3688/2527
f 2644/3689/2528 2552/3690/2529 2554/3691/2530
f 2524/3692/2531 2557/3693/2531 2619/3656/2531
f 2555/3694/2532 2553/3695/2532 2523/3696/2532
f 2554/3691/2533 2553/3695/2533 2555/3694/2533
f 2637/3697/2534 3416/3698/2534 3415/3682/2534
f 3416/3698/2535 2535/3699/2535 2550/3679/2535
f 2551/3700/2536 2616/3701/2536 2617/3702/2536
f 2539/3703/2537 2543/3704/2537 2535/3705/2537
f 2643/3706/2538 2552/3690/2538 2644/3689/2538
f 2555/3707/2539 2523/3708/2539 2557/3709/2539
f 2557/3709/2540 2620/3710/2540 2618/3711/2540
f 242/3712/2541 2554/3713/2541 2556/3714/2541
f 2556/3714/2542 2555/3707/2542 2524/3715/2542
f 2557/3693/2543 2618/3716/2543 2619/3656/2543
f 2563/3717/2544 2589/3718/2544 2595/3719/2544
f 2615/3720/2545 2614/3721/2545 2563/3717/2545
f 2564/3722/2546 2569/3723/2546 2561/3724/2546
f 2575/3725/2547 2593/3726/2547 2597/3727/2547
f 2570/3728/2548 2569/3729/2548 2564/3730/2548
f 2570/3728/2549 2577/3731/2549 2569/3732/2549
f 2572/3733/2550 2573/3734/2550 2574/3735/2550
f 2574/3735/2551 2588/3736/2551 2585/3737/2551
f 2611/3738/2552 2575/3739/2552 2582/3740/2552
f 239/3741/2553 2565/3742/2553 2480/3743/2553
f 3417/3744/2554 2565/3742/2554 3435/3745/2554
f 2483/3746/2555 2484/3747/2555 3417/3748/2555
f 2479/3583/2556 3418/3749/2556 2478/3573/2556
f 3418/3749/2557 2479/3583/2557 2566/3750/2557
f 3408/3542/2558 3418/3751/2558 2480/3543/2558
f 3417/3752/2559 3421/3753/2559 2485/3605/2559
f 2602/3754/2560 2601/3755/2560 2610/3756/2560
f 2610/3756/2561 2563/3757/2561 2575/3725/2561
f 237/3758/2562 3425/3759/2563 2562/3760/2564
f 2571/3597/2565 2558/3598/2565 2579/3761/2565
f 2583/3762/2566 2584/3763/2566 2578/3764/2566
f 2578/3765/2567 2584/3766/2567 3439/3767/2567
f 2608/3768/2568 2607/3769/2568 2612/3770/2568
f 2607/3769/2569 2604/3771/2569 2613/3772/2569
f 2562/3760/2570 3425/3759/2570 3426/3773/2570
f 2585/3737/2571 2584/3766/2571 2583/3774/2571
f 2585/3737/2572 2587/3775/2572 2584/3766/2572
f 2603/3776/2573 2611/3738/2573 2613/3772/2573
f 2588/3736/2574 2587/3775/2574 2585/3737/2574
f 2588/3736/2575 2590/3777/2575 2587/3775/2575
f 2582/3740/2576 2597/3778/2576 2572/3733/2576
f 2573/3734/2577 2591/3779/2577 2588/3736/2577
f 2591/3779/2578 2590/3777/2578 2588/3736/2578
f 2591/3779/2579 2592/3780/2579 2590/3777/2579
f 2614/3721/2580 2609/3781/2580 2586/3782/2580
f 2558/3783/2581 2581/3784/2581 2580/3785/2581
f 2591/3786/2582 2566/3787/2582 2592/3788/2582
f 2608/3586/2583 2605/3585/2583 2607/3789/2583
f 3425/3790/2584 2586/3596/2584 3426/3595/2584
f 2613/3772/2585 2582/3740/2585 2612/3770/2585
f 2589/3718/2586 2614/3721/2586 237/3758/2586
f 2486/3579/2587 3427/3791/2588 2487/3792/2589
f 2639/3793/2590 242/3712/2590 2525/3794/2590
f 3427/3795/2591 3428/3796/2591 2487/3561/2591
f 2593/3726/2592 2563/3757/2592 2595/3797/2592
f 2603/3798/2593 2610/3756/2593 2611/3799/2593
f 2599/3800/2594 3442/3801/2594 2598/3802/2594
f 2599/3803/2595 2596/3804/2595 3435/3805/2595
f 2589/3718/2596 237/3758/2596 2600/3806/2596
f 2559/3807/2597 2560/3808/2597 3442/3809/2597
f 2573/3810/2598 2597/3727/2598 2591/3786/2598
f 3429/3811/2599 2522/3812/2599 2552/3813/2599
f 3428/3814/2600 2641/3815/2600 2639/3793/2600
f 2486/3579/2601 2642/3816/2601 3427/3791/2601
f 2642/3816/2602 2631/3817/2602 3428/3814/2602
f 2617/3702/2603 2532/3818/2603 3414/3819/2603
f 2601/3820/2604 2628/3821/2604 2606/3822/2604
f 3430/3823/2605 3432/3824/2605 2623/3825/2605
f 2525/3826/2606 2537/3827/2606 3429/3828/2606
f 2619/3656/2607 2640/3657/2607 2538/3829/2607
f 2624/3830/2608 3434/3831/2608 2622/3832/2608
f 2624/3830/2609 241/3833/2609 3434/3831/2609
f 2540/3834/2610 2545/3835/2610 2549/3836/2610
f 2487/3561/2611 2624/3830/2611 2648/3837/2611
f 2487/3561/2612 2648/3837/2612 230/3599/2612
f 2636/3838/2613 2539/3703/2613 3416/3839/2613
f 2623/3840/2614 2625/3841/2614 2630/3842/2614
f 2623/3840/2615 2636/3843/2615 2625/3841/2615
f 2635/3844/2616 2539/3688/2616 2636/3843/2616
f 2605/3845/2617 2629/3846/2617 2604/3771/2617
f 2622/3847/2618 3434/3848/2618 2633/3849/2618
f 230/3850/2619 2648/3851/2619 2488/3570/2619
f 2601/3820/2620 2602/3852/2620 2628/3821/2620
f 2602/3852/2621 3430/3823/2621 2628/3821/2621
f 3431/3853/2622 240/3854/2622 3432/3824/2622
f 2548/3855/2623 2549/3684/2623 2544/3687/2623
f 2628/3821/2624 2623/3825/2624 3433/3856/2624
f 3432/3857/2625 240/3858/2625 2635/3844/2625
f 2606/3859/2626 3433/3860/2626 2605/3585/2626
f 2537/3861/2627 2538/3862/2627 2522/3812/2627
f 241/3863/2628 3429/3811/2628 2643/3864/2628
f 3433/3860/2629 2623/3840/2629 2629/3865/2629
f 2647/3866/2630 2548/3867/2630 240/3854/2630
f 2648/3851/2631 2633/3849/2631 2634/3603/2631
f 3434/3848/2632 2643/3864/2632 2632/3868/2632
f 240/3858/2633 2544/3687/2633 2635/3844/2633
f 2603/3798/2634 2650/3869/2634 2645/3870/2634
f 2550/3679/2635 2551/3700/2635 2546/3680/2635
f 2638/3871/2636 2632/3872/2636 2644/3689/2636
f 231/3569/2637 2634/3568/2637 2638/3871/2637
f 2602/3852/2638 3431/3853/2638 3430/3823/2638
f 2631/3873/2639 2644/3689/2639 2641/3874/2639
f 231/3569/2640 2638/3871/2640 2642/3875/2640
f 2634/3568/2641 2633/3876/2641 2638/3871/2641
f 2632/3872/2642 2643/3706/2642 2644/3689/2642
f 2603/3798/2643 2645/3870/2644 2602/3754/2644
f 2650/3877/2645 2630/3878/2645 2649/3879/2645
f 2604/3771/2646 2629/3846/2646 2650/3877/2646
f 2649/3879/2647 2625/3880/2647 2646/3881/2647
f 2646/3881/2648 2636/3838/2648 2637/3882/2648
f 3435/3883/2649 2594/3884/2649 2600/3885/2649
f 2598/3886/2650 3435/3887/2650 2596/3888/2650
f 3435/3745/2651 2598/3889/2651 3417/3744/2651
f 2593/3726/2652 2594/3884/2652 2651/3890/2652
f 2594/3891/2653 239/3741/2653 2651/3892/2653
f 3440/3893/2654 2587/3775/2654 2590/3777/2654
f 2567/3894/2655 3441/3895/2655 2568/3896/2655
f 2598/3886/2656 2567/3897/2656 3417/3752/2656
f 3444/3898/2657 2670/3899/2657 2659/3900/2657
f 3444/3901/2658 2659/3902/2658 2673/3903/2658
f 2660/3904/2659 2654/3905/2659 244/3906/2659
f 2660/3904/2660 244/3906/2660 2664/3907/2660
f 2663/3908/2661 2672/3909/2661 2676/3910/2661
f 2663/3908/2662 2664/3911/2662 2672/3909/2662
f 2672/3909/2663 2664/3911/2663 2677/3912/2663
f 234/3913/2664 2663/3908/2664 2676/3910/2664
f 2665/3914/2665 2667/3915/2665 2662/3916/2665
f 2666/3917/2666 2652/3918/2666 3451/3919/2666
f 2668/3920/2667 245/3921/2667 2654/3922/2667
f 2665/3923/2668 2658/3619/2668 2667/3924/2668
f 2671/3925/2669 2669/3926/2669 2670/3899/2669
f 2521/3678/2670 2673/3903/2670 233/3672/2670
f 235/3662/2671 3445/3927/2671 3447/3928/2671
f 3445/3927/2672 2674/3929/2672 3447/3928/2672
f 3446/3930/2673 2660/3904/2673 2663/3931/2673
f 2669/3932/2674 2677/3912/2674 2670/3933/2674
f 2526/3934/2675 2676/3910/2675 2671/3935/2675
f 2662/3916/2676 2667/3915/2676 2661/3936/2676
f 2534/3937/2677 2662/3916/2677 3445/3938/2677
f 2676/3910/2678 2672/3909/2678 2669/3932/2678
f 2657/3939/2679 2658/3619/2679 2665/3923/2679
f 2678/3940/2680 2653/3650/2681 2658/3649/2682
f 3446/3941/2683 2659/3902/2683 2660/3942/2683
f 3445/3927/2684 2675/3943/2684 2674/3929/2684
f 2667/3924/2685 2652/3621/2685 2666/3944/2685
f 232/3669/2686 2665/3923/2686 2520/3945/2686
f 235/3946/2687 3447/3947/2687 2511/3647/2687
f 2678/3940/2688 3450/3948/2688 2653/3650/2688
f 3447/3947/2689 2678/3940/2689 2657/3652/2689
f 2547/3658/2690 2671/3925/2691 3444/3898/2691
f 2670/3899/2692 246/3949/2692 2655/3950/2692
f 2659/3902/2693 2655/3951/2693 2668/3920/2693
f 3449/3952/2694 2653/3650/2694 3450/3948/2694
f 3453/3953/2695 248/3954/2695 3454/3955/2695
f 2771/3956/2696 2685/3957/2696 2684/3958/2696
f 2680/3959/2697 2681/3960/2697 2684/3958/2697
f 3454/3955/2698 248/3954/2698 3455/3961/2698
f 2684/3958/2699 2681/3960/2699 2686/3962/2699
f 2679/3963/2700 2684/3958/2700 2686/3962/2700
f 2685/3957/2701 248/3964/2701 2680/3959/2701
f 3453/3953/2702 2683/3965/2702 3457/3966/2702
f 2681/3960/2703 2691/3967/2703 2767/3968/2703
f 3455/3969/2704 2685/3957/2704 2771/3956/2704
f 3456/3970/2705 2687/3971/2705 2688/3972/2705
f 248/3973/2706 3456/3970/2706 2680/3974/2706
f 2690/3975/2707 2701/3976/2708 2691/3967/2709
f 3457/3966/2710 247/3977/2710 2687/3978/2710
f 3457/3966/2711 2687/3978/2711 248/3954/2711
f 2682/3979/2712 2691/3967/2713 2689/3980/2714
f 2688/3972/2715 2698/3981/2715 2690/3982/2715
f 2699/3983/2716 2695/3984/2716 2698/3981/2716
f 2698/3981/2717 2696/3985/2717 2700/3986/2717
f 247/3977/2718 2710/3987/2718 3458/3988/2718
f 2696/3985/2719 2703/3989/2719 2701/3990/2719
f 247/3977/2720 3458/3988/2720 2687/3978/2720
f 2693/3991/2721 3458/3992/2721 2706/3993/2721
f 3458/3992/2722 2693/3991/2722 2687/3971/2722
f 2701/3994/2723 2704/3995/2723 2697/3996/2723
f 2689/3997/2724 2701/3994/2724 2697/3996/2724
f 2705/3998/2725 2711/3999/2725 2703/3989/2725
f 3459/4000/2726 2702/4001/2727 2717/4002/2728
f 2703/4003/2729 2716/4004/2729 2704/3995/2729
f 2696/3985/2730 2695/3984/2730 2705/3998/2730
f 2695/3984/2731 2707/4005/2731 2705/3998/2731
f 2707/4005/2732 2711/3999/2732 2705/3998/2732
f 3459/4000/2733 3460/4006/2733 2702/4001/2733
f 2693/3991/2734 3459/4000/2734 2694/4007/2734
f 3458/3988/2735 2710/3987/2735 2715/4008/2735
f 2711/3999/2736 2712/4009/2736 2708/4010/2736
f 2712/4011/2737 2721/4012/2737 2708/4013/2737
f 3460/4006/2738 2713/4014/2738 2717/4002/2738
f 2710/3987/2739 3464/4015/2739 2715/4008/2739
f 2703/4003/2740 2711/4016/2740 2716/4004/2740
f 2708/4017/2741 2709/4018/2741 2716/4004/2741
f 2712/4011/2742 2724/4019/2742 2722/4020/2742
f 2715/4021/2743 3462/4022/2743 2718/4023/2743
f 2704/3995/2744 2716/4004/2744 2720/4024/2744
f 3460/4025/2745 3462/4022/2745 2713/4026/2745
f 2709/4018/2746 2726/4027/2746 2720/4024/2746
f 2721/4012/2747 2722/4020/2748 2719/4028/2749
f 2713/4026/2750 3461/4029/2750 2724/4019/2750
f 3462/4022/2751 3461/4029/2751 2713/4026/2751
f 3461/4029/2752 3463/4030/2752 3465/4031/2752
f 2722/4020/2753 3461/4029/2754 3465/4031/2755
f 2719/4032/2756 2728/4033/2756 2709/4018/2756
f 2722/4020/2757 3465/4031/2757 2731/4034/2757
f 2729/4035/2758 2737/4036/2758 2728/4033/2758
f 2727/4037/2759 3468/4038/2759 3463/4030/2759
f 2737/4036/2760 2743/4039/2760 2726/4027/2760
f 3463/4030/2761 3467/4040/2761 3465/4031/2761
f 2726/4027/2762 3466/4041/2762 2714/4042/2762
f 2719/4032/2763 2731/4043/2763 2729/4035/2763
f 2731/4034/2764 2730/4044/2764 2729/4045/2764
f 2730/4044/2765 2725/4046/2765 2729/4045/2765
f 2725/4047/2766 2733/4048/2766 2729/4035/2766
f 2730/4044/2767 3467/4040/2767 2738/4049/2767
f 2726/4027/2768 2743/4039/2768 3466/4041/2768
f 2725/4050/2769 2734/4051/2769 2733/4052/2769
f 2734/4051/2770 2744/4053/2770 2733/4052/2770
f 3467/4040/2771 2735/4054/2771 2738/4049/2771
f 2736/4055/2772 2747/4056/2772 3469/4057/2772
f 2733/4048/2773 2732/4058/2773 2737/4036/2773
f 2734/4051/2774 2748/4059/2774 2745/4060/2774
f 2736/4061/2775 3469/4062/2775 3468/4038/2775
f 2735/4063/2776 2746/4064/2776 2748/4059/2776
f 3468/4038/2777 2735/4054/2777 3467/4040/2777
f 2746/4065/2778 2742/4066/2778 3470/4067/2778
f 2745/4060/2779 2756/4068/2779 2744/4053/2779
f 2746/4064/2780 3470/4069/2780 2739/4070/2780
f 2743/4039/2781 2753/4071/2781 3466/4041/2781
f 2744/4053/2782 2757/4072/2782 2740/4073/2782
f 2746/4064/2783 2739/4070/2783 2748/4059/2783
f 2747/4056/2784 2742/4066/2784 3469/4057/2784
f 2732/4074/2785 2740/4073/2785 2741/4075/2785
f 2732/4074/2786 2744/4053/2786 2740/4073/2786
f 2745/4060/2787 2739/4070/2787 2756/4068/2787
f 2742/4066/2788 2766/4076/2788 2749/4077/2788
f 2740/4073/2789 2754/4078/2789 2752/4079/2789
f 2751/4080/2790 2763/4081/2790 2752/4079/2790
f 2739/4070/2791 2755/4082/2791 2756/4068/2791
f 2755/4082/2792 2762/4083/2792 2765/4084/2792
f 2742/4066/2793 2750/4085/2793 3470/4067/2793
f 2755/4082/2794 2765/4084/2795 2751/4080/2796
f 2750/4085/2797 3471/4086/2797 3470/4087/2797
f 3471/4086/2798 2750/4085/2798 2759/4088/2798
f 2757/4072/2799 2751/4080/2799 2754/4078/2799
f 3470/4069/2800 3471/4089/2800 2739/4070/2800
f 3471/4089/2801 2759/4090/2801 2762/4083/2801
f 2759/4088/2802 3472/4091/2802 3473/4092/2802
f 2751/4080/2803 2765/4084/2803 2761/4093/2803
f 2764/4094/2804 3473/4092/2804 2770/4095/2804
f 2751/4080/2805 2761/4093/2805 2763/4081/2805
f 2761/4096/2806 2772/4097/2806 2763/4098/2806
f 2762/4083/2807 2764/4099/2807 2765/4084/2807
f 2749/4077/2808 2760/4100/2808 2750/4085/2808
f 2752/4101/2809 2763/4098/2809 2769/4102/2809
f 2763/4098/2810 2758/4103/2810 2769/4102/2810
f 2765/4084/2811 2764/4099/2811 2761/4093/2811
f 2764/4104/2812 2770/4105/2812 2761/4096/2812
f 2758/4103/2813 2682/3979/2813 2769/4102/2813
f 2686/3962/2814 2767/3968/2814 2758/4103/2814
f 3472/4091/2815 3454/3955/2815 3473/4092/2815
f 2769/4106/2816 3474/4107/2816 2753/4071/2816
f 2772/4097/2817 2771/3956/2817 2679/3963/2817
f 3473/4108/2818 3455/3969/2818 2770/4105/2818
f 2753/4071/2819 3474/4107/2819 2768/4109/2819
f 2766/4076/2820 2683/3965/2820 3453/3953/2820
f 2766/4076/2821 3453/3953/2821 2760/4100/2821
f 2772/4097/2822 2679/3963/2823 2686/3962/2824
f 2775/4110/2825 2865/4111/2825 2780/4112/2825
f 2793/4113/2826 250/4114/2826 2782/4115/2826
f 2783/4116/2827 2782/4115/2827 2779/4117/2827
f 2776/4118/2828 2780/4112/2828 2773/4119/2828
f 2866/4120/2829 2782/4115/2829 2864/4121/2829
f 2864/4121/2830 2782/4115/2830 2783/4116/2830
f 250/4114/2831 2773/4122/2831 2779/4117/2831
f 2779/4117/2832 2773/4122/2832 2774/4123/2832
f 2800/4124/2833 2790/4125/2833 2789/4126/2833
f 3475/4127/2834 2776/4118/2834 250/4128/2834
f 2790/4125/2835 3475/4129/2835 2793/4130/2835
f 251/4131/2836 2784/4132/2836 2791/4133/2836
f 2787/4134/2837 2792/4135/2837 2788/4136/2837
f 251/4131/2838 2775/4110/2838 2776/4118/2838
f 2796/4137/2839 2797/4138/2839 2786/4139/2839
f 2798/4140/2840 2794/4141/2840 2784/4142/2840
f 2799/4143/2841 2787/4144/2841 2788/4145/2841
f 2800/4124/2842 2796/4137/2842 2790/4125/2842
f 2786/4139/2843 2795/4146/2843 2798/4140/2843
f 2794/4147/2844 2791/4133/2844 2784/4132/2844
f 2787/4144/2845 2801/4148/2845 2792/4149/2845
f 2812/4150/2846 2804/4151/2846 2807/4152/2846
f 3477/4153/2847 2795/4146/2847 2797/4138/2847
f 2802/4154/2848 2813/4155/2848 2794/4147/2848
f 3478/4156/2849 2794/4141/2849 2798/4140/2849
f 2806/4157/2850 2805/4158/2850 2787/4144/2850
f 2787/4144/2851 2805/4158/2851 2801/4148/2851
f 2796/4137/2852 2804/4151/2852 2797/4138/2852
f 3477/4153/2853 252/4159/2853 3478/4156/2853
f 3478/4156/2854 2798/4140/2854 2795/4146/2854
f 2794/4147/2855 3479/4160/2855 3476/4161/2855
f 3476/4161/2856 3479/4160/2856 258/4162/2856
f 2818/4163/2857 2814/4164/2857 2812/4150/2857
f 252/4165/2858 2810/4166/2858 2803/4167/2858
f 2808/4168/2859 3479/4160/2859 2813/4155/2859
f 2814/4169/2860 254/4170/2860 252/4165/2860
f 2809/4171/2861 2813/4172/2861 2802/4173/2861
f 2809/4171/2862 2808/4174/2862 2813/4172/2862
f 2804/4151/2863 2814/4164/2863 253/4175/2863
f 2817/4176/2864 2811/4177/2864 2806/4157/2864
f 2806/4157/2865 2811/4177/2865 2805/4158/2865
f 255/4178/2866 2809/4171/2866 2810/4166/2866
f 2817/4176/2867 2816/4179/2867 2811/4177/2867
f 2819/4180/2868 2815/4181/2868 2818/4182/2868
f 2830/4183/2869 2818/4184/2869 2815/4185/2869
f 2825/4186/2870 2817/4176/2870 2781/4187/2870
f 2808/4174/2871 3480/4188/2871 3479/4189/2871
f 2828/4190/2872 2821/4191/2872 2808/4174/2872
f 2821/4191/2873 2820/4192/2873 3480/4188/2873
f 2823/4193/2874 2822/4194/2874 2826/4195/2874
f 2829/4196/2875 2827/4197/2875 2830/4183/2875
f 2829/4196/2876 2837/4198/2876 2827/4197/2876
f 257/4199/2877 2821/4191/2877 2828/4190/2877
f 2827/4197/2878 2828/4190/2878 255/4178/2878
f 257/4199/2879 2828/4190/2879 2827/4197/2879
f 257/4199/2880 3481/4200/2880 2821/4191/2880
f 2825/4186/2881 2824/4201/2881 2817/4176/2881
f 2817/4176/2882 2824/4201/2882 2816/4179/2882
f 2826/4195/2883 2822/4194/2883 2830/4202/2883
f 2827/4197/2884 255/4178/2884 256/4203/2884
f 2825/4186/2885 2836/4204/2885 2824/4201/2885
f 2823/4193/2886 2834/4205/2886 2822/4194/2886
f 2848/4206/2887 2834/4207/2887 2823/4208/2887
f 2838/4209/2888 2833/4210/2888 2832/4211/2888
f 2831/4212/2889 2820/4192/2889 2821/4191/2889
f 2832/4213/2890 3481/4200/2890 257/4199/2890
f 2839/4214/2891 2820/4215/2891 2831/4216/2891
f 2839/4214/2892 2856/4217/2892 2820/4215/2892
f 2836/4204/2893 2844/4218/2893 2835/4219/2893
f 2834/4207/2894 2846/4220/2894 2833/4210/2894
f 3482/4221/2895 2831/4222/2895 2832/4211/2895
f 2845/4223/2896 2844/4218/2896 2836/4204/2896
f 2848/4206/2897 2847/4224/2897 2834/4207/2897
f 2833/4210/2898 2841/4225/2898 3482/4221/2898
f 3482/4221/2899 2832/4211/2899 2833/4210/2899
f 2856/4217/2900 3483/4226/2900 2820/4215/2900
f 3483/4226/2901 258/4162/2901 2820/4215/2901
f 2835/4227/2902 2847/4224/2902 2848/4206/2902
f 2849/4228/2903 3483/4226/2903 2856/4217/2903
f 2860/4229/2904 2843/4230/2904 2857/4231/2904
f 2852/4232/2905 2851/4233/2905 2842/4234/2905
f 2844/4218/2906 2857/4235/2906 2847/4236/2906
f 2851/4233/2907 2850/4237/2907 2840/4238/2907
f 2855/4239/2908 2854/4240/2908 2845/4223/2908
f 2845/4223/2909 2854/4240/2909 2844/4218/2909
f 2853/4241/2910 2852/4232/2910 2843/4230/2910
f 2843/4230/2911 2852/4232/2911 2842/4234/2911
f 2851/4233/2912 2840/4238/2912 2841/4225/2912
f 2850/4242/2913 3486/4243/2913 3484/4244/2913
f 2778/4245/2914 2862/4246/2914 2855/4247/2914
f 2855/4239/2915 2862/4248/2915 2854/4240/2915
f 2861/4249/2916 2853/4250/2916 2860/4251/2916
f 2863/4252/2917 2858/4253/2917 2850/4237/2917
f 2868/4254/2918 2860/4251/2918 2862/4246/2918
f 2868/4254/2919 2861/4249/2919 2860/4251/2919
f 2863/4252/2920 2851/4233/2920 2852/4232/2920
f 259/4255/2921 2849/4228/2921 3484/4244/2921
f 2861/4249/2922 2863/4256/2922 2853/4250/2922
f 2853/4241/2923 2863/4252/2923 2852/4232/2923
f 2780/4112/2924 259/4255/2924 3486/4243/2924
f 2778/4245/2925 2864/4121/2925 2868/4254/2925
f 2861/4249/2926 2867/4257/2926 2859/4258/2926
f 2779/4117/2927 2774/4123/2927 2867/4257/2927
f 2868/4254/2928 2867/4257/2928 2861/4249/2928
f 2858/4259/2929 2773/4119/2929 3486/4243/2929
f 259/4255/2930 2865/4111/2930 3485/4260/2930
f 2864/4121/2931 2867/4257/2931 2868/4254/2931
f 2774/4123/2932 2858/4261/2932 2859/4258/2932
f 1652/44/2933 280/4262/2933 2869/4263/2933 302/43/2933
f 281/2/2934 282/37/2934 2877/39/2934
f 280/4262/2935 3/4264/2935 350/4265/2935 2869/4263/2935
f 2869/4263/2936 350/4265/2936 351/4266/2936 281/4267/2936
f 2870/12/2937 358/11/2937 270/4268/2937 307/4269/2937
f 2870/12/2938 2871/4/2938 352/6/2938
f 2871/4/2939 2870/12/2939 307/4269/2939 308/7/2939
f 352/6/2940 360/9/2940 359/13/2940 2870/12/2940
f 2871/4/2941 301/8/2941 353/5/2941
f 2872/14/2942 345/17/2942 313/20/2942 312/19/2942
f 277/4270/2943 2872/4271/2943 312/4272/2943 5/4273/2943
f 376/2198/2944 316/4274/2944 2872/4271/2944 278/2197/2944
f 2872/4271/2945 277/4270/2945 278/2197/2945
f 269/4275/2946 312/19/2946 307/4269/2946 270/4268/2946
f 345/17/2947 2872/14/2947 317/16/2947
f 308/7/2948 307/4269/2948 312/19/2948
f 2873/28/2949 1618/4276/2949 274/35/2949 2889/135/2949
f 312/4272/2950 269/2204/2950 5/4273/2950
f 262/21/2951 272/4277/2951 271/4278/2951
f 262/21/12 271/4278/2952 264/22/13
f 262/21/2953 2/384/2953 272/4277/2953
f 264/22/2954 271/4278/2954 279/36/2954
f 7/4279/2955 275/62/2955 2875/34/2955 279/36/2955
f 1544/134/81 1638/26/2956 2873/28/82
f 2881/29/2957 2874/27/2957 6/75/2957
f 432/32/2958 510/31/2958 14/1/2958
f 1616/23/14 264/22/13 1610/33/2959
f 302/43/2960 2877/4280/2960 2876/4281/2960 356/41/2960
f 274/35/2961 2875/34/2961 275/62/2961
f 265/48/2962 266/4282/2962 2878/24/2962 1617/46/2962
f 361/40/2963 357/100/2963 2876/38/2963
f 356/41/2964 298/97/2964 3112/42/2964
f 2878/24/2965 2880/45/2965 1617/46/2965
f 266/4282/2966 1/2214/2966 1615/49/2966 2878/24/2966
f 1545/51/2967 1619/50/2967 1608/2195/2967 1620/2190/2967
f 296/55/2968 1620/2190/2968 1608/2195/2968 160/53/2968
f 285/54/2969 9/61/2969 297/56/2969
f 160/53/2970 1544/134/2970 275/62/2970 285/54/2970
f 314/69/2971 361/40/2971 502/65/2971 2879/64/2971
f 1544/134/1637 160/53/2972 1608/2195/1635
f 7/4279/2973 9/61/35 275/62/37
f 2879/64/2974 315/67/2974 508/68/2974
f 1618/4276/2975 2880/45/2976 1610/33/2977 274/35/2975
f 1016/74/2978 3223/73/2978 1018/1311/2978
f 2880/45/2979 1618/4276/2979 2881/29/2979
f 1616/23/2980 1610/33/2977 2880/45/2976
f 276/76/2981 4/47/2981 1617/46/2981 2881/29/2981
f 1618/4276/2982 2873/28/2982 2881/29/2982
f 320/146/2983 2882/85/2983 266/82/2983 2891/140/2983
f 995/79/2984 2890/18/2984 998/77/2984
f 2886/83/2985 266/82/2985 2882/85/2985
f 288/4283/2986 287/91/2986 1612/89/2986 1613/4284/2986
f 2882/85/2987 320/146/2987 349/86/2987
f 266/82/2988 265/4285/2988 2891/140/2988
f 265/4285/2989 4/4286/2989 2891/140/2989
f 2883/90/2990 1612/89/2990 287/91/2990
f 11/4287/2991 288/4283/2991 1613/4284/2991 1624/4288/2991
f 1637/93/2992 1611/88/2992 2883/90/2992
f 286/92/2993 268/1308/2993 1636/94/2993 2883/90/2993
f 323/58/2994 325/57/2994 324/103/2994 329/102/2994
f 311/4289/2995 1567/95/2995 433/30/2995
f 342/180/128 10/196/127 2884/98/2996
f 2884/96/2997 10/194/2997 298/97/2997
f 1019/130/2998 2888/127/2998 295/107/2998 333/110/2998
f 284/4290/2999 283/152/2999 295/107/2999
f 283/152/3000 17/105/3000 295/107/3000
f 295/107/3001 332/106/3001 333/110/3001
f 295/107/3002 297/4291/3002 9/4292/3002 284/4290/3002
f 1000/2170/3003 997/109/3003 330/104/3003 21/4293/3003
f 1013/1287/3004 1012/108/3004 332/106/3004
f 997/109/97 323/58/96 330/104/3005
f 1000/2170/3006 136/1304/3006 333/110/3006 997/109/3006
f 13/213/3007 3267/4294/3007 2886/83/3007 377/112/3007
f 2887/114/3008 1634/113/3008 44/4295/3008 471/116/3008
f 2886/83/3009 3267/4294/3009 1/84/3009
f 1633/121/3010 2887/118/3010 1582/120/3010
f 1643/4296/3011 2887/114/3011 472/117/3011 1642/1307/3011
f 472/4297/3012 468/4298/3012 1642/4299/3012
f 1580/4300/3013 3234/2126/1572 1582/120/1571 1643/119/3013
f 326/59/3014 2890/18/3014 317/16/3014 325/57/3014
f 372/128/3015 2888/127/3015 365/126/3015
f 297/56/3016 295/4301/3016 372/222/3016
f 370/125/3017 371/4302/3017 365/126/3017
f 1563/1267/3018 1644/1270/3018 462/2162/3018
f 462/2162/3019 1644/1270/3019 3235/2130/3019
f 462/2162/3020 3235/2130/3020 475/4303/3020
f 462/132/3021 475/4304/3021 165/133/3021
f 273/4305/111 291/4306/3022 7/4279/112
f 325/57/3023 317/16/3023 316/15/3023 324/103/3023
f 3224/2098/3024 1657/148/3024 1016/147/3024 1018/2099/3024
f 316/15/3025 376/4307/3025 375/139/3025
f 375/139/3026 300/101/3026 324/103/3026
f 2890/18/3027 326/59/3027 998/77/3027
f 2891/140/3028 1541/144/3028 1540/141/3028
f 4/4286/3029 276/143/3029 2891/140/3029
f 276/143/3030 6/4308/3030 1541/144/3030
f 1540/141/3031 15/145/3031 2892/142/3031
f 9/61/3032 7/4279/3032 291/4306/3032 284/4309/3032
f 290/136/3033 17/105/3033 283/152/3033
f 18/60/3034 1012/108/3034 999/78/3034 998/77/3034
f 291/137/3035 283/152/3035 284/4290/3035
f 1541/144/3036 6/4308/3036 8/4310/3036 1543/2205/3036
f 1012/108/3037 18/60/3037 997/109/3037
f 2893/154/3038 340/160/3038 260/155/3038
f 2895/156/3039 1541/144/3039 1543/2205/3039 2893/154/3039
f 1015/4311/3040 135/4312/3040 310/159/3040 2894/158/3040
f 1016/74/3041 1015/4313/3041 2894/4314/3041 321/71/3041
f 20/184/3042 1014/157/3042 310/159/3042
f 1014/157/3043 322/4315/3043 2894/158/3043
f 2894/4314/3044 322/72/3044 321/71/3044
f 310/159/3045 2896/161/3045 341/2206/3045 20/184/3045
f 2895/156/3046 260/155/3046 15/145/3046
f 1541/144/3047 2895/156/3047 1540/141/3047
f 340/160/3048 341/2206/3048 2896/161/3048
f 343/1278/3049 263/169/3049 271/164/3049 2897/163/3049
f 2896/161/3050 310/159/3050 135/4312/3050
f 996/66/3051 2896/161/3051 315/67/3051
f 290/136/3052 2899/174/3052 344/173/3052 16/1277/3052
f 261/162/3053 388/167/3053 2897/163/3053
f 2897/163/3054 309/168/3054 343/1278/3054
f 272/165/3055 261/162/3055 271/164/3055
f 3101/81/3056 993/172/3056 995/79/3056
f 2898/175/3057 263/169/3057 2899/174/3057
f 279/170/3058 263/169/3058 2898/175/3058
f 263/169/3059 343/1278/3059 344/173/3059
f 2890/18/3060 995/79/3060 994/171/3061 345/17/3062
f 2899/174/3063 290/136/3063 273/138/3063
f 279/170/3064 2898/175/3064 273/138/3064
f 994/171/3061 313/20/3065 345/17/3062
f 2900/177/3066 261/162/3066 2/166/3066 355/4316/3066
f 388/167/3067 261/162/3068 347/178/3069
f 348/4317/3070 2900/177/3070 354/4318/3070 12/4319/3070
f 2900/177/3071 355/4316/3071 354/4318/3071
f 509/4320/3072 508/68/3072 2896/161/3072 135/4312/3072
f 347/178/3073 2900/177/3073 348/4317/3073
f 315/67/3074 2896/161/3074 508/68/3074
f 2901/183/3075 289/185/3075 1545/4321/3075 364/181/3075
f 508/68/3076 509/4320/3076 19/179/3076
f 260/155/3077 340/160/3077 134/63/3077
f 2901/183/3078 293/4322/3078 20/184/3078
f 2901/183/3079 2902/182/3079 293/4322/3079
f 294/4323/3080 293/4322/3080 2902/182/3080 335/4324/3080
f 359/4325/3081 2903/189/3081 1611/88/3081 358/4326/3081
f 360/186/3082 2904/4327/3082 2903/189/3082 359/4325/3082
f 358/4326/3083 1611/88/3083 1538/4328/3083 1537/2202/3083
f 1637/93/3084 1538/4328/3084 1611/88/3084
f 1550/188/3085 1551/247/3085 2904/4327/3085 360/186/3085
f 1537/2202/3086 270/4329/3086 358/4326/3086
f 1551/247/3087 1624/4288/3087 1613/4284/3087 2904/4327/3087
f 2904/4327/3088 1613/4284/3088 1612/89/3088 2903/189/3088
f 328/4330/3089 2907/208/3089 22/1264/3089 334/4331/3089
f 334/190/3090 2983/4332/3090 2905/191/3090
f 328/4330/3091 19/4333/3091 1639/293/3091 2907/208/3091
f 328/192/3092 2905/191/3092 342/180/3092
f 2906/202/3093 23/4334/3093 362/4335/3093
f 363/4336/3094 23/4337/3094 2906/4338/3094
f 1639/293/3095 1602/200/3096 2907/208/3097
f 2907/208/3098 1552/207/3098 22/1264/3098
f 393/267/3099 2909/220/3099 412/257/3099 32/265/3099
f 1639/293/3095 1549/4339/3100 1602/200/3096
f 1549/4339/3101 21/201/3101 1602/200/3101
f 25/209/3102 374/210/3102 377/112/3102
f 374/210/3103 24/4340/3103 368/211/3103
f 377/112/3104 368/211/3104 369/212/3104
f 2909/214/3105 393/4341/3105 394/215/3105
f 26/219/3106 412/257/3106 2909/220/3106
f 379/218/3107 28/314/3107 373/216/3107 394/215/3107
f 2910/231/3108 337/4342/3108 11/4287/3108 1554/4343/3108
f 296/55/3109 297/56/3109 372/222/3109
f 1607/223/3110 372/222/3110 367/224/3110
f 1620/2190/3111 296/55/3111 1607/223/3111
f 2910/227/3112 26/4344/3112 373/216/3112
f 2910/227/3113 373/216/3113 2911/228/3113
f 28/314/3114 395/497/3114 2911/228/3114 373/216/3114
f 1554/4343/3115 1553/230/3115 2910/231/3115
f 2912/232/3116 409/4345/3116 29/245/3116 384/236/3116
f 338/229/3117 2911/228/3117 395/497/3117
f 337/2210/3118 2910/227/3118 338/229/3118
f 2912/232/3119 385/237/3119 2913/233/3119
f 407/1265/3120 2913/233/3120 385/237/3120 30/243/3120
f 35/301/3121 405/303/3121 2913/233/3121 407/1265/3121
f 387/4346/3122 2914/239/3122 348/4317/3122 12/4319/3122
f 404/235/3123 2913/233/3123 405/303/3123
f 409/4345/3124 2912/232/3124 408/234/3124
f 388/167/3067 347/178/3069 2914/239/3125
f 347/178/3126 348/4317/3126 2914/239/3126
f 381/4347/3127 2914/239/3127 386/4348/3127 27/4349/3127
f 387/4346/3128 386/4348/3128 2914/239/3128
f 384/236/3129 390/244/3129 391/246/3129 2915/241/3129
f 2914/239/3130 381/4347/3130 380/290/3130
f 2914/239/3131 380/290/3131 2918/240/3131
f 2915/241/3132 353/5/3132 389/242/3132
f 392/10/3133 352/6/3133 2915/241/3133
f 384/236/3134 389/242/3134 385/237/3134
f 391/4350/3135 2917/249/3135 2916/248/3135 1550/188/3135
f 1601/250/3136 2917/249/3136 391/4350/3136 390/4351/3136
f 2916/248/3137 1599/4352/3137 1624/4288/3137 1551/247/3137
f 2921/273/3138 1601/250/3138 390/4351/3138 29/4353/3138
f 1550/188/3139 392/187/3139 391/4350/3139
f 1600/251/3140 1599/4352/3140 2916/248/3140 2917/249/3140
f 1601/250/3141 2921/273/3141 1647/260/3141
f 32/265/3142 412/257/3142 1594/4354/3142 1640/4355/3142
f 434/356/3143 1641/253/3143 435/252/3143
f 435/252/3144 3241/254/3144 3240/357/3144
f 435/252/3145 3240/357/3145 162/256/3145
f 1593/274/3146 1594/4354/3146 412/257/3146
f 1646/258/3147 1647/260/3147 1593/274/3147 412/257/3147
f 1553/230/3148 1554/4343/3148 1599/4352/3148 1600/251/3148
f 1553/230/3149 1600/251/3149 2919/261/3149 1646/258/3149
f 1554/4343/3150 11/4287/3150 1624/4288/3150 1599/4352/3150
f 1601/250/3151 2919/261/3151 1600/251/3151
f 1646/258/3152 26/219/3152 1553/230/3152
f 2920/264/3153 394/215/3153 393/4341/3153 1557/262/3153
f 1557/262/3154 37/347/3154 410/263/3154
f 2920/264/175 2945/268/3155 431/269/176
f 394/215/3156 2920/264/3156 33/217/3156
f 1556/272/3157 1640/4355/3157 1594/4354/3157 2922/270/3157
f 2921/273/3158 409/275/3158 2922/270/3158
f 29/4353/3159 409/275/3159 2921/273/3159
f 2922/270/3160 408/276/3160 34/271/3160
f 2922/270/3161 1594/4354/3161 1593/274/3161 2921/273/3161
f 398/4356/3162 2923/277/3162 403/2140/3162 36/399/3162
f 401/280/185 2923/277/184 382/279/3163
f 397/2159/3164 383/278/3164 2923/277/3164 398/4356/3164
f 400/295/3165 381/4347/3165 414/4357/3165 396/440/3165
f 383/278/3166 397/2159/3166 31/376/3166
f 1625/4358/3167 2924/283/3167 1626/285/3167
f 2918/240/166 406/299/3168 1002/259/169
f 1002/259/3169 406/299/3169 1004/1258/3169
f 2935/313/3170 411/281/3170 1011/289/3170
f 27/4349/3171 413/4359/3171 381/4347/3171
f 413/4359/3172 414/4357/3172 381/4347/3172
f 399/291/3173 380/290/3173 381/4347/3173 400/295/3173
f 2929/4360/3174 2928/4361/3174 2925/4362/3174 2927/4363/3174
f 2918/240/3175 399/291/197 406/299/199
f 2925/4362/3176 2926/2173/3176 2927/4363/3176
f 2925/4362/3177 509/4364/3177 135/4365/3177 1656/4366/3177
f 2926/2173/3178 2925/4362/3178 1656/4366/3178 1657/2101/3178
f 2928/4361/3179 19/4367/3179 509/4364/3179 2925/4362/3179
f 2928/4368/3180 1639/4369/3180 19/179/3180
f 2930/296/3181 400/295/3181 426/439/3181 427/4370/3181
f 399/291/3182 2930/296/194 424/298/196
f 396/440/3183 426/439/3183 400/295/3183
f 419/325/3184 2930/296/3184 427/4370/3184 38/467/3184
f 2931/300/3185 429/4371/3185 34/238/3185 404/235/3185
f 423/302/3186 39/4372/3186 429/4371/3186 2931/300/3186
f 404/235/3187 405/303/3187 2931/300/3187
f 423/302/3188 35/301/3188 2939/305/3188
f 39/339/3189 1558/4373/3189 1591/4374/3189 429/4375/3189
f 429/4376/3190 1591/4377/3190 1556/272/3190 34/271/3190
f 1640/4355/3191 1556/272/3191 1591/4377/3191
f 371/2175/3192 1603/2108/3192 2934/4378/3192 3249/4379/3192
f 2932/320/3193 401/280/3193 411/281/3193
f 2935/313/3194 2932/320/3194 411/281/3194
f 2933/312/3195 2934/307/3195 335/306/3195
f 2936/315/3196 424/298/3196 444/297/3196 445/4380/3196
f 294/2105/3197 2934/4378/3197 1603/2108/3197
f 406/299/3198 424/298/3198 1009/316/3198
f 406/299/3199 1009/316/3199 1004/1258/3199
f 28/314/3200 2935/313/3200 1011/289/3200
f 1009/316/3201 2936/315/3201 448/1256/3201
f 137/317/3202 2936/315/3202 446/330/3202 41/329/3202
f 445/4380/3203 446/330/3203 2936/315/3203
f 402/282/3204 401/280/3204 2937/319/3204 420/4381/3204
f 448/1256/3205 2936/315/209 447/318/211
f 1010/322/215 2937/319/214 2932/320/3206
f 505/321/3207 430/323/3207 2937/319/3207
f 2937/319/3208 421/324/3208 420/4381/3208
f 445/4380/3209 444/297/3209 419/325/3209 2938/327/3209
f 437/485/3210 436/482/3210 2940/333/3210 447/318/3210
f 445/4380/3211 2938/327/3211 446/330/3211
f 38/467/3212 449/326/3212 419/325/3212
f 452/332/3213 2939/305/3213 2940/333/3213
f 39/4372/3214 423/302/3214 453/331/3214
f 2939/305/3215 428/304/3215 448/1256/3215
f 2939/305/3216 448/1256/3216 447/318/3216
f 436/4382/3217 42/513/3217 451/336/3217 2940/335/3217
f 452/334/3218 2941/337/3218 1586/341/3218 453/340/3218
f 1558/4373/3219 39/339/3219 1586/341/3219
f 42/513/3220 1559/4383/3220 2942/338/3220 451/336/3220
f 2941/337/3221 452/334/3221 451/336/3221
f 1559/4383/3222 1648/2180/3222 1588/2179/3222 2942/338/3222
f 2942/338/3223 1588/2179/3223 1587/342/3223 2941/337/3223
f 2944/350/3224 2943/4384/3224 439/2181/3224 438/348/3224
f 2945/268/3225 2943/344/229 418/346/231
f 440/2182/3226 439/2181/3226 2943/4384/3226
f 2948/4385/3227 306/4386/3227 1606/368/3227 1605/370/3227
f 2944/345/3228 40/4387/3228 422/464/3228
f 410/263/3229 440/343/3229 2945/268/3229
f 369/353/3230 2947/352/3230 2946/354/3230
f 368/211/3231 24/4388/3231 369/212/3231
f 24/351/3232 434/356/3232 2947/352/3232
f 2946/354/3233 435/252/3233 1630/255/3233
f 454/2136/3234 2951/360/3234 306/359/3234 2948/358/3234
f 1605/370/3235 162/4389/3235 2948/4390/3235
f 2948/358/3236 3240/357/3236 454/2136/3236
f 386/375/3237 387/371/3237 2951/360/3237 2952/373/3237
f 2949/362/3238 1615/49/3238 1629/363/3238
f 1/2214/3239 458/366/3239 1615/49/3239
f 1614/365/3240 2949/362/3240 163/364/3240
f 2950/4391/3241 1621/367/3241 162/256/3241
f 1621/367/3242 13/355/3242 2946/354/3242
f 1621/367/3243 2946/354/3243 1630/255/3243
f 1605/370/3244 2950/369/3244 162/4389/3244
f 2955/387/3245 2964/4392/3245 1592/4393/3245 1625/385/3245
f 454/2136/3246 456/372/3246 2951/360/3246
f 2952/373/3247 456/372/3247 457/2135/3247
f 2952/373/3248 457/2135/3248 27/374/3248
f 1555/378/3249 2954/377/3249 2953/4394/3249
f 31/288/3250 465/284/3250 2954/4395/3250
f 2954/4395/3251 465/284/3251 455/1301/3251
f 2953/4396/3252 2954/4395/3252 455/1301/3252
f 2953/4397/3253 455/4398/3253 1631/389/3253
f 1614/365/3254 3238/2133/3254 460/382/3254
f 1614/365/3255 163/364/3255 3238/2133/3255
f 1614/365/3256 466/383/3256 262/21/3256
f 2955/387/3257 1626/386/3257 1632/131/3257
f 1626/386/3258 31/4399/3258 461/4400/3258
f 1626/386/3259 461/4400/3259 1632/131/3259
f 164/390/3260 1596/4401/3260 1597/393/3260 1658/392/3260
f 1658/392/3261 1659/388/3261 164/390/3261
f 1659/388/3262 24/4402/3262 2953/4397/3262
f 1659/388/3263 2953/4397/3263 1631/389/3263
f 355/4403/3264 2/384/3264 466/383/3264 2956/394/3264
f 2956/394/3265 2957/396/3265 354/4404/3265
f 12/361/3266 354/4404/3266 2957/396/3266 464/2132/3266
f 460/382/3267 463/395/3267 2956/394/3267
f 463/395/3268 464/2132/3268 2957/396/3268
f 2959/4405/3269 442/2139/3269 443/428/3269 2958/4406/3269
f 2956/4407/3270 354/4408/3270 355/4316/3270
f 442/2139/3271 2959/4405/3271 441/397/3271
f 472/117/3272 471/116/3272 2959/4409/3272 2958/400/3272
f 2958/4406/3273 443/428/3273 468/429/3273
f 44/4410/3274 469/398/3274 441/397/3274 2959/4405/3274
f 2959/4409/3275 471/116/3275 44/4295/3275
f 1596/4401/3276 378/402/3276 1598/391/3276 1597/393/3276
f 467/4411/3277 2962/403/3277 378/402/3277 1596/4401/3277
f 1596/4401/3278 164/390/3278 3236/4412/3278
f 1596/4401/3279 3236/4412/3279 467/4411/3279
f 1654/460/3280 1660/1291/3280 1661/4413/3280 2960/4414/3280
f 2960/4415/3281 1661/1288/3281 1662/407/3281 2961/406/3281
f 167/4416/3282 497/475/3282 1660/1291/3282 1654/460/3282
f 1654/460/3283 2960/4414/3283 2972/455/3283
f 1590/412/3284 1589/4417/3284 1627/411/3284 1634/113/3284
f 45/1294/3285 480/405/3285 1662/407/3285
f 478/4418/3286 2961/4419/3286 480/4420/3286
f 2961/406/3287 2972/462/3287 2960/4415/3287
f 414/416/3288 413/4421/3288 2962/4422/3288 2963/4423/3288
f 36/4424/3289 469/410/3289 1627/411/3289
f 469/410/3290 44/4295/3290 1634/113/3290
f 1590/412/287 1633/115/3291 166/124/285
f 1589/4417/3292 1590/412/3292 415/4425/3292
f 470/4426/3293 2963/4423/3293 2962/4422/3293 467/4427/3293
f 473/417/3294 414/416/3294 2963/4423/3294 474/2131/3294
f 2963/4423/3295 470/4426/3295 474/2131/3295
f 478/4418/3296 484/430/3296 304/4428/3296 305/4429/3296
f 47/408/3297 478/409/3297 305/447/3297
f 430/323/3298 505/321/3298 303/421/3298 485/420/3298
f 304/4428/3299 484/430/3299 485/432/3299
f 475/4304/3300 2964/4392/3300 2955/387/3300 165/133/3300
f 476/423/3301 2965/422/3301 2964/4392/3301 475/4304/3301
f 2965/422/3302 396/4430/3302 1592/4393/3302 2964/4392/3302
f 396/4430/3303 2965/422/3303 481/424/3303
f 2967/4431/3304 2966/425/3304 486/433/3304 487/4432/3304
f 443/428/3305 486/433/3305 2966/425/3305
f 477/1295/3306 2967/4431/3306 487/4432/3306 45/1294/3306
f 443/428/3307 425/2138/3307 2968/434/3307 486/433/3307
f 2967/4431/3308 477/1295/3308 50/426/3308
f 2966/425/3309 2967/4431/3309 50/426/3309
f 468/401/3310 2966/4433/3310 1565/1306/3310
f 484/4434/3311 480/405/3311 2968/434/3311
f 478/4418/3312 480/4420/3312 484/430/3312
f 480/405/3313 45/1294/3313 487/4432/3313
f 480/405/3314 487/4432/3314 486/433/3314
f 425/2138/3315 430/323/3315 485/420/3315 2968/434/3315
f 304/419/3316 491/446/3316 492/448/3316 305/447/3316
f 2969/435/3317 482/443/281 427/436/280
f 481/424/3318 2969/441/3318 426/4435/3318
f 476/4436/3319 479/442/3319 2969/435/3319
f 482/443/3320 479/442/3320 483/2141/3320
f 303/421/3321 505/321/3321 422/464/3321 490/445/3321
f 491/446/3322 304/419/3322 303/421/3322
f 417/453/3323 416/4437/3323 2970/449/3323 2971/450/3323
f 415/4425/3324 2970/449/3324 416/4437/3324
f 2975/457/3325 1575/4438/3325 1576/4439/3325 2972/458/3325
f 1590/412/3326 2970/449/3326 415/4425/3326
f 2971/450/3327 43/451/3327 493/452/3327
f 417/453/3328 493/452/3328 38/4440/3328
f 2974/4441/3329 2972/462/3329 2973/461/3329
f 506/465/3330 431/269/3330 418/346/3330 1010/322/3330
f 167/4416/3331 1654/460/3331 1577/454/3331
f 47/408/3332 2973/461/3332 2961/406/3332
f 2974/4441/3333 2973/461/3333 47/408/3333
f 1635/4442/3334 2975/457/3334 46/463/3334
f 1635/4442/3335 1575/4438/3335 2975/457/3335
f 418/346/3336 2944/345/3336 1010/322/3336
f 1010/322/3337 422/464/3337 505/321/3337
f 449/326/3338 493/466/3338 43/4443/3338 2976/4444/3338
f 489/4445/3339 2977/4446/3339 2976/4447/3339 488/2125/3339
f 43/451/3340 488/2125/3340 2976/4447/3340
f 450/328/3341 2938/327/3341 2976/4444/3341 2977/468/3341
f 2977/4446/3342 489/4445/3342 496/505/3342
f 2979/470/3343 3095/4448/3343 49/1244/3343 504/4449/3343
f 449/326/3344 2976/4444/3344 2938/327/3344
f 1571/473/3345 1570/1252/3345 2978/474/3345
f 498/477/3346 2978/471/3346 2979/470/3346
f 501/498/3347 432/32/3347 299/2211/3347 338/229/3347
f 3095/4450/3348 2979/4451/3348 1570/1252/3348
f 499/494/3349 2979/4452/3349 504/495/3349
f 499/494/3350 498/4453/3350 2979/4452/3350
f 167/4416/3351 1571/473/3351 497/475/3351
f 320/146/3352 346/1279/3352 349/86/3352
f 346/1279/3353 311/4289/3353 349/86/3353
f 15/145/3354 346/1279/3354 320/146/3354
f 349/86/3355 311/4289/3355 433/30/3356
f 432/32/3357 501/498/3357 433/30/3357
f 14/1/3358 299/2211/3358 432/32/3358
f 513/479/3359 2981/481/3359 515/514/3359 2980/4454/3359
f 518/492/3360 41/329/3360 450/328/3360 516/490/3360
f 42/513/3361 436/4382/3361 515/514/3361
f 436/482/3362 437/485/305 2980/483/307
f 2980/483/3363 512/486/3363 513/4455/3363
f 2981/481/3364 514/480/3364 503/488/3364
f 1006/4456/3365 137/317/3365 41/329/3365 518/4457/3365
f 516/490/3366 517/493/3366 2982/491/3366
f 2982/491/3367 500/476/3367 499/478/3367
f 2982/4458/3368 499/494/3368 1007/496/3368
f 518/502/3369 2982/4458/3369 1007/496/3369
f 395/497/3370 28/314/3370 1011/289/3370
f 2983/193/3371 1649/499/3371 1651/501/3371
f 2985/509/3372 517/493/3372 516/490/3372 2984/504/3372
f 1008/4459/3373 1007/496/3373 504/495/3373
f 1008/1243/3374 504/4449/3374 49/1244/3374
f 2986/515/3375 1583/2147/3375 1648/2180/3375 1559/4383/3375
f 450/328/3376 496/469/3376 2984/504/3376
f 2984/504/3377 511/4460/3377 51/508/3377
f 517/493/3378 2985/509/3378 507/510/3378
f 2981/481/3379 2987/511/3379 2986/515/3379 515/514/3379
f 1559/4383/3380 42/513/3380 2986/515/3380
f 1568/516/3381 1635/4442/3381 1585/2145/3381 2988/512/3381
f 2987/511/3382 2981/481/3382 48/489/3382
f 2988/512/3383 1585/2145/3383 1584/2144/3383 2987/511/3383
f 2987/511/3384 1584/2144/3384 1583/2147/3384 2986/515/3384
f 528/4461/3385 561/4462/3385 522/618/3385 523/4463/3385
f 524/517/3386 529/4464/3386 526/520/3386
f 561/4462/3387 52/518/3387 519/619/3387 522/618/3387
f 54/4465/3388 558/4466/3388 561/4462/3388 528/4461/3388
f 529/528/3389 52/532/3389 525/529/3389
f 534/4467/3390 555/540/3390 558/533/3390 54/4468/3390
f 52/518/3391 561/4462/3391 558/4466/3391
f 573/606/3392 599/620/3392 574/553/3392
f 532/530/3393 525/529/3393 530/535/3393
f 532/530/3394 530/535/3394 581/539/3394
f 55/548/3395 551/551/3395 555/540/3395 534/4467/3395
f 525/529/3396 558/533/3396 555/540/3396
f 576/4469/3397 603/630/3397 605/634/3397 593/541/3397
f 530/535/344 555/540/343 551/551/3398
f 576/4469/3399 593/541/3399 577/543/3399
f 547/4470/3400 544/572/3400 546/4471/3400 57/4472/3400
f 577/543/3401 592/542/3401 65/545/3401
f 538/537/3402 537/536/3402 542/547/3402
f 537/536/3403 549/538/3403 535/546/3403
f 538/537/3404 542/547/3404 589/639/3404
f 551/551/3405 55/548/3405 56/550/3405
f 597/641/3406 567/552/3406 3005/554/3406
f 545/557/3407 535/556/3407 539/565/3407
f 542/555/3408 545/557/353 589/559/355
f 549/538/3409 546/560/3409 535/546/3409
f 602/617/3410 601/586/3410 598/562/3410
f 539/565/3411 63/576/3411 548/566/3411
f 543/558/3412 545/557/3412 548/566/3412
f 63/576/3413 539/565/3413 544/4473/3413 540/4474/3413
f 546/568/3414 544/4473/3414 539/565/3414
f 597/641/3415 600/638/3415 567/552/3415
f 63/576/3416 64/569/363 548/566/365
f 580/567/3417 548/566/3417 550/570/3417
f 547/4470/3418 58/573/3418 544/572/3418
f 553/580/3419 550/4475/3419 64/4476/3419 533/578/3419
f 536/583/3420 540/574/3420 58/573/3420 552/581/3420
f 59/643/3421 550/4475/3421 553/580/3421
f 556/579/3422 554/591/3422 59/643/3422 553/580/3422
f 63/576/3423 540/4474/3423 536/577/3423
f 578/4477/3424 592/542/3424 593/541/3424
f 605/634/3425 578/4477/3425 593/541/3425
f 527/598/3426 531/593/3426 559/4478/3426 61/4479/3426
f 64/4476/3427 536/4480/3427 533/578/3427
f 598/562/3428 576/587/3428 577/585/3428
f 601/631/3429 603/630/3429 576/4469/3429
f 556/579/3430 2990/589/3430 554/591/3430
f 60/592/3431 559/4478/3431 531/593/3431
f 600/594/3432 602/617/3432 568/595/3432
f 2990/589/3433 557/607/3433 562/597/3433
f 567/596/3434 568/595/3434 569/564/3434 2992/4481/3434
f 531/593/3435 527/598/381 556/579/383
f 2992/599/3436 2991/4482/3436 2996/605/3436
f 569/564/3437 2991/4483/3437 2992/4481/3437
f 2993/4484/3438 2991/4485/3438 569/4486/3438
f 2994/4487/3439 2991/4485/3439 2993/4484/3439
f 2995/602/3440 2991/4488/3440 2994/601/3440
f 2996/603/3441 2991/4488/3441 2995/602/3441
f 2992/599/3442 2996/605/3442 574/553/3442
f 521/612/3443 527/598/3443 61/4479/3443 565/4489/3443
f 65/545/3444 2993/4490/3444 570/4491/3444
f 2994/4492/3445 2993/4490/3445 65/545/3445
f 66/544/3446 2994/4492/3446 65/545/3446
f 571/523/3447 2995/602/3447 2994/601/3447
f 572/575/3448 2996/603/3448 2995/602/3448
f 557/616/3449 560/615/3449 566/610/3449
f 2989/590/3450 562/597/3450 566/608/3450
f 523/4463/3451 62/4493/3451 565/4494/3451 2998/4495/3451
f 527/598/3452 521/612/3452 2990/589/3452
f 2998/4495/3453 2997/4496/3453 3004/4497/3453
f 2999/4498/3454 2997/4496/3454 2998/4495/3454
f 3000/4499/3455 2997/4500/3455 2999/4501/3455
f 3001/4502/3456 2997/4500/3456 3000/4499/3456
f 3002/4503/3457 2997/4500/3457 3001/4502/3457
f 3003/4504/3458 2997/4500/3458 3002/4503/3458
f 3004/4497/3459 2997/4496/3459 3003/4505/3459
f 528/4461/3460 2998/4495/3460 3004/4497/3460
f 523/4463/3461 2998/4495/3461 528/4461/3461
f 565/4489/3462 61/4479/3462 559/4478/3462 2999/4506/3462
f 565/4494/3463 2999/4498/3463 2998/4495/3463
f 559/4507/3464 60/582/3464 552/581/3464 3000/4499/3464
f 559/4478/3465 3000/4508/3465 2999/4506/3465
f 552/581/3466 58/573/3466 547/4470/3466 3001/4502/3466
f 552/581/3467 3001/4502/3467 3000/4499/3467
f 547/4470/3468 57/4472/3468 541/4509/3468 3002/4503/3468
f 547/4470/3469 3002/4503/3469 3001/4502/3469
f 541/549/3470 55/548/3470 534/4467/3470 3003/4510/3470
f 541/549/3471 3003/4510/3471 3002/4511/3471
f 534/4512/3472 54/4465/3472 528/4461/3472 3004/4497/3472
f 534/4512/3473 3004/4497/3473 3003/4505/3473
f 564/613/3474 566/610/3474 560/615/3474 519/619/3474
f 520/614/3475 521/4513/3475 565/4494/3475 62/4493/3475
f 563/611/3476 566/610/3476 564/613/3476
f 52/518/3477 524/517/3477 564/613/3477 519/619/3477
f 521/612/3478 520/4514/3478 557/607/3478
f 568/595/3479 598/562/3479 569/564/3479
f 522/618/3480 520/614/3480 62/4493/3480 523/4463/3480
f 564/613/3481 524/517/3481 53/521/3481
f 596/534/3482 595/624/3482 584/623/3482 599/621/3482
f 520/614/3483 522/618/3483 560/615/3483
f 596/534/3484 573/604/3484 572/575/3484
f 594/4515/3485 585/622/3485 595/624/3485
f 584/627/3486 585/644/3486 587/637/3486 588/626/3486
f 586/625/3487 587/637/3487 585/644/3487
f 67/4516/3488 649/4517/3488 612/748/3488 611/4518/3488
f 563/611/3489 586/625/3489 585/644/3489
f 575/628/3490 581/539/3490 602/617/3490
f 526/531/3491 581/539/3491 575/628/3491
f 579/632/3492 591/633/406 582/635/408
f 594/4515/3493 595/624/3493 554/591/3493
f 554/591/3494 595/624/3494 604/525/3494
f 2989/590/3495 594/4515/3495 554/591/3495
f 595/624/3496 596/534/3496 604/525/3496
f 587/637/3497 575/636/3497 600/638/3497
f 588/626/3498 600/638/3498 597/641/3498
f 586/625/3499 526/520/3499 587/637/3499
f 581/539/415 589/639/414 590/640/3500
f 580/567/3501 579/632/3501 583/642/3501
f 582/635/3502 605/634/3502 603/630/3502
f 59/643/3503 604/525/3503 591/4519/3503
f 2989/590/3504 585/622/3504 594/4515/3504
f 584/627/3505 3005/554/3505 599/620/3505
f 591/4519/3506 604/525/330 605/526/332
f 59/571/3507 591/633/3507 579/632/3507
f 589/559/3508 543/558/3508 583/642/3508
f 590/629/3509 582/635/3509 603/630/3509
f 613/645/3510 606/658/3510 607/646/3510
f 613/4520/3511 616/4521/3511 608/746/3511
f 619/4522/3512 646/4523/3512 649/4517/3512 67/4516/3512
f 606/658/3513 612/4524/3513 649/659/3513
f 616/655/3514 607/666/3514 614/663/3514
f 68/4525/3515 642/673/3515 646/667/3515 619/4526/3515
f 607/646/3516 649/659/3516 646/4527/3516
f 661/661/3517 3006/660/3517 662/683/3517
f 616/655/3518 617/664/3518 677/656/3518
f 623/4528/3519 639/680/3519 642/673/3519 68/4525/3519
f 614/663/3520 646/667/3520 642/673/3520
f 664/4529/3521 691/756/3521 693/760/3521 682/674/3521
f 617/664/443 642/673/442 639/680/3522
f 664/4529/3523 682/674/3523 665/676/3523
f 628/679/3524 629/4530/3524 625/671/3524 624/670/3524
f 665/676/3525 681/675/3525 78/678/3525
f 70/4531/3526 631/4532/3526 634/4533/3526 632/4534/3526
f 639/680/3527 623/4528/3527 69/681/3527
f 686/769/3528 655/682/3528 3021/684/3528
f 629/4535/3529 628/4536/3529 633/690/3529
f 633/690/3530 628/4536/3530 626/691/3530
f 628/679/3531 621/672/457 626/695/456
f 629/4535/3532 633/690/3532 630/693/3532
f 690/743/3533 689/712/3533 687/687/3533
f 626/691/3534 635/4537/3534 636/692/3534
f 630/693/3535 633/690/3535 636/692/3535
f 627/4538/3536 631/4532/3536 70/4531/3536 637/4539/3536
f 634/4540/3537 631/4541/3537 626/691/3537
f 686/769/3538 688/766/3538 655/682/3538
f 635/4537/3539 77/696/458 636/692/460
f 668/694/3540 636/692/3540 638/697/3540
f 627/4538/3541 635/701/3541 626/4542/3541 631/4532/3541
f 640/706/3542 638/4543/3542 77/4544/3542 620/704/3542
f 684/700/3543 660/699/3543 685/668/3543
f 622/702/3544 627/4538/3544 637/4539/3544 72/707/3544
f 71/771/3545 638/4543/3545 640/706/3545
f 644/705/3546 641/717/3546 71/771/3546 640/706/3546
f 635/701/3547 627/4538/3547 622/702/3547
f 666/4545/3548 681/675/3548 682/674/3548
f 693/760/3549 666/4545/3549 682/674/3549
f 615/727/3550 618/719/3550 74/721/3550 650/740/3550
f 77/703/3551 622/702/3551 620/709/3551
f 687/687/3552 664/713/3552 665/711/3552
f 689/757/504 691/756/503 664/4529/3553
f 644/705/3554 3008/715/3554 641/717/3554
f 73/718/3555 74/721/3555 618/719/3555
f 688/722/3556 690/743/3556 656/723/3556
f 3008/715/3557 645/734/3557 651/725/3557
f 655/724/3558 656/723/3558 657/689/3558 3010/4546/3558
f 618/719/3559 615/727/479 644/705/481
f 3010/728/3560 3009/4547/3560 3013/733/3560
f 657/689/3561 3009/4548/3561 3010/4546/3561
f 3011/4549/3562 3009/4550/3562 657/4551/3562
f 79/677/3563 3009/4552/3563 3011/4553/3563
f 3012/730/3564 3009/4554/3564 79/4555/3564
f 3013/731/3565 3009/4554/3565 3012/730/3565
f 662/683/3566 3010/728/3566 3013/733/3566
f 610/739/3567 615/727/3567 650/740/3567 75/4556/3567
f 78/678/3568 3011/4553/3568 658/4557/3568
f 79/677/3569 3011/4553/3569 78/678/3569
f 659/669/3570 3012/730/3570 79/4555/3570
f 660/699/3571 3013/731/3571 3012/730/3571
f 645/734/3572 647/742/3572 653/735/3572
f 648/726/3573 651/725/3573 653/735/3573
f 619/4522/3574 67/4516/3574 611/4518/3574 3020/4558/3574
f 615/727/3575 610/739/3575 3008/715/3575
f 3015/4559/3576 3014/4560/3576 3020/4558/3576
f 3016/4561/3577 3014/4560/3577 3015/4559/3577
f 643/710/3578 3014/4562/3578 3016/4563/3578
f 3017/4564/3579 3014/4562/3579 643/710/3579
f 3018/4565/3580 3014/4562/3580 3017/4564/3580
f 3019/4566/3581 3014/4560/3581 3018/4567/3581
f 3020/4558/3582 3014/4560/3582 3019/4566/3582
f 654/4568/3583 75/4569/3583 650/4570/3583 3016/4561/3583
f 654/4568/3584 3015/4559/3584 611/4518/3584
f 3015/4559/3585 3020/4558/3585 611/4518/3585
f 643/710/3586 72/707/3586 637/4539/3586 3017/4564/3586
f 3016/4561/3587 3015/4559/3587 654/4568/3587
f 643/720/3588 3016/4571/3588 650/740/3588
f 637/4539/3589 70/4531/3589 632/4534/3589 3018/4565/3589
f 632/686/3590 69/681/3590 623/4528/3590 3018/4572/3590
f 3018/4565/3591 3017/4564/3591 637/4539/3591
f 623/4528/3592 68/4525/3592 619/4526/3592 3019/4573/3592
f 3019/4573/3593 3018/4572/3593 623/4528/3593
f 652/744/3594 653/4574/3594 647/4575/3594 606/658/3594
f 3020/4558/3595 3019/4566/3595 619/4522/3595
f 609/4576/3596 610/4577/3596 75/4569/3596 654/4568/3596
f 76/738/3597 653/737/3597 652/745/3597
f 612/748/3598 609/4576/3598 654/4568/3598 611/4518/3598
f 610/739/3599 609/741/3599 645/734/3599
f 656/723/3600 687/687/3600 657/689/3600
f 652/745/3601 613/4520/3601 608/746/3601
f 672/4578/3602 673/772/3602 675/764/3602 676/767/3602
f 609/4576/3603 612/748/3603 647/747/3603
f 3022/750/3604 661/732/3604 660/699/3604
f 683/751/3605 672/753/3605 684/700/3605
f 674/765/3606 675/764/3606 673/772/3606
f 3006/660/3607 672/4578/3607 676/767/3607 3021/684/3607
f 76/738/3608 674/765/3608 673/772/3608
f 679/4579/3609 689/712/3609 669/665/3609 678/768/3609
f 663/754/3610 677/656/3610 690/743/3610
f 677/656/3611 669/665/3611 690/743/3611
f 608/657/3612 677/656/3612 3023/4580/3612
f 3023/4580/3613 677/656/3613 663/754/3613
f 625/671/3614 629/4530/3614 678/768/3614
f 667/758/3615 680/759/506 670/761/508
f 641/717/3616 684/700/3616 692/651/3616
f 3007/716/3617 683/751/3617 641/717/3617
f 675/764/3618 663/763/3618 688/766/3618
f 676/767/3619 688/766/3619 686/769/3619
f 674/765/3620 3023/762/3620 675/764/3620
f 80/789/3621 741/792/3621 701/777/3621 700/902/3621
f 76/738/3622 608/746/3622 674/765/3622
f 668/694/3623 667/758/3623 671/770/3623
f 670/761/3624 693/760/3624 691/756/3624
f 71/771/3625 692/651/3625 680/4581/3625
f 648/726/3626 673/752/3626 683/751/3626
f 672/4578/3627 3006/660/3627 3022/4582/3627
f 680/4581/3628 692/651/426 693/653/428
f 71/698/3629 680/759/3629 667/758/3629
f 678/773/3630 671/770/3630 679/755/3630
f 629/4535/3631 630/693/3631 678/773/3631
f 679/755/3632 670/761/3632 691/756/3632
f 759/4583/3633 785/812/3633 760/4584/3633
f 760/4584/3634 785/812/3634 95/814/3634
f 702/774/3635 695/778/3635 696/775/3635
f 702/774/3636 705/776/3636 697/901/3636
f 81/791/3637 739/4585/3637 741/792/3637 80/789/3637
f 695/778/3638 701/777/3638 741/792/3638
f 705/786/3639 696/800/3639 703/793/3639
f 82/799/3640 735/809/3640 739/801/3640 81/797/3640
f 696/775/3641 741/792/3641 739/4585/3641
f 755/889/3642 786/903/3642 756/819/3642
f 705/786/3643 710/795/3643 772/787/3643
f 83/808/3644 732/817/3644 735/809/3644 82/799/3644
f 703/793/3645 739/801/3645 735/809/3645
f 710/795/3646 706/794/3646 714/804/3646
f 759/4583/3647 789/912/3647 791/916/3647 779/810/3647
f 706/794/3648 735/809/3648 732/817/3648
f 759/4583/3649 779/810/3649 785/812/3649
f 718/815/3650 719/4586/3650 715/805/3650 714/804/3650
f 785/812/3651 778/811/546 95/814/548
f 3024/848/3652 722/850/3652 725/836/3652 85/4587/3652
f 732/817/3653 83/808/3653 84/816/3653
f 783/822/3654 747/818/3654 3042/820/3654
f 719/4588/3655 718/4589/3655 724/833/3655
f 724/833/3656 718/4589/3656 716/837/3656
f 718/4589/3657 711/838/3657 716/837/3657
f 719/4588/3658 724/833/3658 721/834/3658
f 724/833/3659 716/837/3659 726/831/3659
f 716/837/3660 720/846/3660 726/831/3660
f 721/834/3661 724/833/3661 727/832/3661
f 733/856/3662 729/4590/3662 94/4591/3662 709/854/3662
f 725/836/3663 722/850/3663 716/837/3663
f 747/818/3664 783/822/3664 748/882/3664
f 99/821/3665 97/842/3665 783/822/3665
f 783/822/3666 787/843/3666 748/882/3666
f 726/831/3667 94/844/3667 727/832/3667
f 763/835/3668 727/832/3668 729/845/3668
f 717/849/3669 3024/848/3669 728/4592/3669
f 722/850/3670 717/849/3670 716/837/3670
f 98/852/3671 754/851/3671 782/802/3671
f 733/856/3672 731/925/3672 86/929/3672 729/4590/3672
f 712/859/3673 717/4593/3673 728/4594/3673 87/857/3673
f 737/855/3674 734/869/3674 731/925/3674 733/856/3674
f 720/846/3675 717/849/3675 712/853/3675
f 761/4595/3676 778/811/3676 779/810/3676
f 791/916/3677 761/4595/3677 779/810/3677
f 709/854/3678 730/866/3678 737/855/3678
f 704/880/3679 707/870/3679 89/872/3679 90/879/3679
f 94/4591/3680 712/860/3680 709/854/3680
f 776/827/3681 759/864/3681 760/863/3681
f 788/913/3682 789/912/3682 759/4583/3682
f 737/855/3683 3026/867/3683 734/869/3683
f 88/861/3684 89/872/3684 707/870/3684
f 3026/867/3685 738/890/3685 743/876/3685
f 748/875/3686 749/874/3686 750/830/3686 3028/4596/3686
f 707/870/3687 704/880/3687 730/866/3687
f 3028/881/3688 3027/4597/3688 3033/888/3688
f 750/830/3689 3027/4598/3689 3028/4596/3689
f 3029/4599/3690 3027/4600/3690 750/4601/3690
f 3030/4602/3691 3027/4600/3691 3029/4599/3691
f 3031/4603/3692 3027/4600/3692 3030/4602/3692
f 3032/885/3693 3027/4604/3693 3031/884/3693
f 3033/886/3694 3027/4604/3694 3032/885/3694
f 3028/881/3695 3033/888/3695 756/819/3695
f 699/896/3696 704/880/3696 90/879/3696 91/895/3696
f 95/814/3697 3029/4605/3697 751/4606/3697
f 3030/4607/3698 3029/4605/3698 95/814/3698
f 96/813/3699 3030/4607/3699 95/814/3699
f 96/813/3700 3031/4608/3700 3030/4607/3700
f 752/781/3701 3032/885/3701 3031/884/3701
f 754/851/3702 3033/886/3702 3032/885/3702
f 740/892/3703 743/4609/3703 745/893/3703
f 708/790/3704 80/789/3704 700/902/3704 3035/4610/3704
f 704/880/3705 699/896/3705 3026/867/3705
f 3035/4610/3706 3034/4611/3706 3041/4612/3706
f 3036/4613/3707 3034/4611/3707 3035/4610/3707
f 3037/4614/3708 3034/4615/3708 3036/4616/3708
f 3038/4617/3709 3034/4615/3709 3037/4614/3709
f 3039/4618/3710 3034/4615/3710 3038/4617/3710
f 3040/4619/3711 3034/4615/3711 3039/4618/3711
f 3041/4620/3712 3034/4615/3712 3040/4619/3712
f 746/897/3713 91/899/3713 742/4621/3713 3036/4613/3713
f 3035/4610/3714 3041/4612/3714 708/790/3714
f 746/897/3715 3035/4610/3715 700/902/3715
f 3036/4613/3716 3035/4610/3716 746/897/3716
f 742/4622/3717 89/4623/3717 736/862/3717 3037/4614/3717
f 3037/4624/3718 3036/4625/3718 742/4626/3718
f 736/862/3719 87/857/3719 728/4594/3719 3038/4617/3719
f 3038/4617/3720 3037/4614/3720 736/862/3720
f 728/4594/3721 3024/841/3721 723/840/3721 3039/4618/3721
f 723/825/3722 84/816/3722 713/807/3722 3040/4627/3722
f 3039/4618/3723 3038/4617/3723 728/4594/3723
f 713/807/3724 82/799/3724 708/798/3724 3041/4628/3724
f 3040/4619/3725 3039/4618/3725 723/840/3725
f 744/900/3726 745/893/3726 738/4629/3726 694/779/3726
f 3041/4628/3727 3040/4627/3727 713/807/3727
f 698/4630/3728 699/4631/3728 91/899/3728 93/898/3728
f 92/894/3729 745/893/3729 744/900/3729
f 695/778/3730 702/774/3730 744/900/3730 694/779/3730
f 699/896/3731 698/4632/3731 738/890/3731
f 787/873/3732 788/826/3732 784/828/3732
f 749/874/3733 784/828/3733 750/830/3733
f 701/777/3734 698/4630/3734 93/898/3734 700/902/3734
f 744/900/3735 702/774/3735 697/901/3735
f 694/779/3736 738/4629/3736 698/4630/3736 701/777/3736
f 98/852/3737 781/908/3737 767/907/3737 786/904/3737
f 98/852/3738 755/887/3738 754/851/3738
f 780/905/3739 768/906/3739 781/908/3739
f 768/4633/3740 757/926/3740 769/921/3740 770/920/3740
f 767/4634/3741 768/4633/3741 770/920/3741 771/922/3741
f 786/903/3742 767/4634/3742 771/922/3742 99/821/3742
f 92/894/3743 769/921/3743 757/926/3743
f 775/4635/3744 788/826/3744 764/796/3744 774/4636/3744
f 758/909/3745 772/787/3745 787/873/3745
f 772/787/3746 764/796/3746 788/826/3746
f 697/788/3747 772/787/3747 3043/4637/3747
f 3043/4637/3748 772/787/3748 758/909/3748
f 715/805/3749 719/4586/3749 773/923/3749
f 762/914/3750 777/915/616 765/917/618
f 780/905/3751 781/908/3751 734/869/3751
f 734/869/3752 781/908/3752 790/783/3752
f 3025/868/3753 780/905/3753 734/869/3753
f 781/908/3754 98/852/3754 790/783/3754
f 770/920/3755 758/919/3755 97/842/3755
f 769/921/3756 3043/918/3756 770/920/3756
f 764/796/3757 773/923/3757 774/4636/3757
f 100/4638/3758 840/935/3758 796/1046/3758 795/4639/3758
f 92/894/3759 697/901/3759 769/921/3759
f 763/835/3760 762/914/3760 766/924/3760
f 765/917/3761 791/916/3761 789/912/3761
f 731/925/3762 790/783/3762 777/928/3762
f 740/877/3763 757/927/3763 780/905/3763
f 777/928/3764 790/783/525 791/784/527
f 86/847/3765 777/915/3765 762/914/3765
f 774/931/3766 766/924/3766 775/911/3766
f 719/4588/3767 721/834/3767 773/930/3767
f 775/911/3768 765/917/3768 789/912/3768
f 859/4640/3769 883/962/3769 860/4641/3769
f 860/4641/3770 883/962/3770 112/964/3770
f 797/936/3771 800/4642/3771 798/932/3771
f 798/932/3772 800/4642/3772 801/933/3772
f 800/4642/3773 797/936/3773 840/935/3773 835/4643/3773
f 796/1046/3774 840/935/3774 843/937/3774
f 800/4644/3775 3044/944/3775 801/946/3775
f 800/4644/3776 3045/947/3776 3044/944/3776
f 840/935/3777 834/4645/3777 835/4643/3777
f 100/4638/3778 834/4645/3778 840/935/3778
f 100/4638/3779 101/4646/3779 834/4645/3779
f 3045/947/3780 800/4644/3780 835/4647/3780 829/957/3780
f 855/1034/3781 884/1047/3781 856/968/3781
f 3045/947/3782 805/4648/3782 3046/948/3782
f 3044/944/3783 3045/947/3783 803/945/3783
f 803/945/3784 3046/948/3784 863/955/3784
f 834/951/3785 828/950/3785 829/957/3785
f 834/951/3786 829/957/3786 835/4647/3786
f 810/954/3787 3046/948/3787 805/4648/3787 809/979/3787
f 805/4648/3788 3045/947/3788 829/957/3788 824/956/3788
f 828/950/647 102/959/3789 824/956/648
f 101/949/3790 808/958/3790 828/950/3790
f 859/4640/3791 889/1059/3791 891/1063/3791 877/960/3791
f 859/4640/3792 877/960/3792 883/962/3792
f 809/979/3793 805/4648/3793 824/956/3793 822/965/3793
f 883/962/3794 876/961/652 112/964/654
f 809/979/3795 814/4649/3795 810/954/3795
f 810/954/3796 814/4649/3796 812/4650/3796
f 809/979/3797 811/978/3797 814/4649/3797
f 102/959/655 103/966/3798 822/965/656
f 802/1015/3799 831/1002/3799 826/4651/3799 804/1013/3799
f 881/971/3800 847/967/3800 3065/969/3800
f 811/976/3801 816/993/3801 3047/975/3801
f 812/974/3802 817/973/3802 815/1077/3802
f 103/966/3803 818/977/3803 822/965/3803
f 103/966/3804 104/4652/3804 818/977/3804
f 887/980/3805 886/1008/3805 874/981/3805
f 817/973/3806 820/985/3806 821/991/3806
f 815/1077/3807 817/973/3807 821/991/3807
f 816/993/3808 818/987/3808 3048/989/3808
f 818/987/3809 816/993/3809 811/976/3809
f 104/4653/3810 819/988/3810 818/987/3810
f 847/967/3811 881/971/3811 848/1027/3811
f 881/971/3812 885/1070/3812 848/1027/3812
f 820/985/3813 813/986/3813 807/996/3813
f 3048/989/3814 819/4654/3814 105/4655/3814
f 813/986/3815 3048/989/3815 105/4655/3815
f 114/995/3816 854/994/3816 880/952/3816
f 820/985/3817 826/997/3817 823/990/3817
f 826/997/3818 807/996/3818 804/1006/3818
f 823/4656/3819 826/4651/3819 827/1001/3819
f 106/1004/3820 823/4656/3820 827/1001/3820
f 105/4655/3821 806/1005/3821 813/986/3821
f 807/996/3822 813/986/3822 806/1005/3822
f 861/4657/3823 876/961/3823 877/960/3823
f 891/1063/3824 861/4657/3824 877/960/3824
f 827/1001/3825 826/4651/3825 831/1002/3825
f 799/1023/3826 836/1011/3826 831/1002/3826 802/1015/3826
f 804/1013/3827 806/4658/3827 107/1014/3827
f 806/999/3828 825/998/3828 107/4659/3828
f 874/981/3829 859/1009/3829 860/1007/3829
f 886/1060/725 889/1059/724 859/4640/3830
f 832/1003/3831 831/1002/3831 836/1011/3831
f 848/1020/3832 849/1019/3832 850/984/3832 3050/4660/3832
f 802/1015/3833 107/1014/3833 108/1017/3833
f 885/1018/3834 887/980/3835 849/1019/3836
f 837/1012/3837 836/1011/3837 833/1040/3837
f 837/1012/3838 833/1040/3838 842/1021/3838
f 836/1011/3839 799/1023/3839 833/1040/3839
f 799/1023/3840 108/1017/3840 109/1025/3840
f 3050/1026/3841 3049/4661/3841 3055/1033/3841
f 850/984/3842 3049/4662/3842 3050/4660/3842
f 3051/4663/3843 3049/4664/3843 850/4665/3843
f 3052/4666/3844 3049/4664/3844 3051/4663/3844
f 3053/4667/3845 3049/4668/3845 3052/4669/3845
f 3054/1030/3846 3049/4670/3846 3053/1029/3846
f 3055/1031/3847 3049/4670/3847 3054/1030/3847
f 3050/1026/3848 3055/1033/3848 856/968/3848
f 838/4671/3849 846/1036/3849 842/4672/3849 833/4673/3849
f 112/964/3850 3051/4674/3850 851/4675/3850
f 3052/4669/3851 3051/4674/3851 112/964/3851
f 113/963/3852 3052/4669/3852 112/964/3852
f 113/963/3853 3053/4667/3853 3052/4669/3853
f 852/939/3854 3054/1030/3854 3053/1029/3854
f 854/994/3855 3055/1031/3855 3054/1030/3855
f 101/4646/3856 100/4638/3856 795/4639/3856 3064/4676/3856
f 839/1035/3857 842/4672/3857 846/1036/3857
f 3057/4677/3858 3056/4678/3858 3064/4676/3858
f 3058/4679/3859 3056/4678/3859 3057/4677/3859
f 3059/4680/3860 3056/4681/3860 3058/4682/3860
f 3060/4683/3861 3056/4681/3861 3059/4680/3861
f 3061/4684/3862 3056/4681/3862 3060/4683/3862
f 3062/4685/3863 3056/4681/3863 3061/4684/3863
f 3063/4686/3864 3056/4687/3864 3062/4688/3864
f 3064/4676/3865 3056/4678/3865 3063/4689/3865
f 795/4639/3866 111/1045/3866 845/1041/3866 3057/4677/3866
f 795/4639/3867 3057/4677/3867 3064/4676/3867
f 841/1024/3868 108/1017/3868 830/1016/3868 3058/4690/3868
f 841/4691/3869 3057/4677/3869 845/1041/3869
f 841/4691/3870 3058/4679/3870 3057/4677/3870
f 830/4692/3871 107/4659/3871 825/998/3871 3059/4680/3871
f 830/4692/3872 3059/4680/3872 3058/4682/3872
f 825/998/3873 105/1000/3873 819/4693/3873 3060/4683/3873
f 825/998/3874 3060/4683/3874 3059/4680/3874
f 104/4652/3875 103/966/3875 808/958/3875 3062/4688/3875
f 819/4693/3876 3061/4684/3876 3060/4683/3876
f 104/4652/3877 3061/4694/3877 819/4695/3877
f 104/4652/3878 3062/4688/3878 3061/4694/3878
f 843/937/3879 844/1044/3879 846/1036/3879 838/4671/3879
f 808/958/3880 3063/4686/3880 3062/4688/3880
f 101/949/3881 3063/4686/3881 808/958/3881
f 101/4646/3882 3064/4676/3882 3063/4689/3882
f 793/1042/3883 838/4671/3883 833/4696/3883 794/1043/3883
f 110/1037/3884 846/1036/3884 844/1044/3884
f 793/1042/707 845/1041/706 111/1045/3885
f 796/1046/3886 843/937/3886 838/4671/3886 793/1042/3886
f 849/1019/3887 882/982/3887 850/984/3887
f 844/1044/3888 798/932/3888 792/934/3888
f 796/1046/3889 111/1045/3889 795/4639/3889
f 114/995/3890 879/1052/3890 866/1051/3890 884/1048/3890
f 888/970/3891 3065/969/3891 884/1047/3891
f 114/995/3892 855/1032/3892 854/994/3892
f 878/1049/3893 867/1050/3893 879/1052/3893
f 867/4697/3894 857/1073/3894 868/1068/3894 869/1067/3894
f 866/1054/3895 867/4697/3895 869/1067/3895 870/1053/3895
f 873/4698/3896 886/1008/3896 863/955/3896 872/4699/3896
f 110/1037/3897 868/1068/3897 857/1073/3897
f 858/1055/3898 803/945/3898 887/980/3898
f 803/945/3899 863/955/3899 887/980/3899
f 3066/1057/3900 803/945/3900 858/1055/3900
f 3067/1056/3901 887/980/3835 885/1018/3834
f 810/954/3902 812/4650/3902 871/1071/3902
f 862/1061/3903 875/1062/3903 864/1064/3903
f 878/1049/3904 879/1052/3904 832/1003/3904
f 832/1003/3905 879/1052/3905 890/941/3905
f 837/1012/3906 878/1049/3906 832/1003/3906
f 879/1052/3907 114/995/3907 890/941/3907
f 869/1067/3908 858/1066/3908 3067/1069/3908
f 792/934/3909 801/933/3909 3066/1065/3909
f 870/1053/3910 3067/1069/3910 881/971/3910
f 868/1068/3911 3066/1065/3911 869/1067/3911
f 863/955/3912 871/1071/3912 872/4699/3912
f 865/1072/3913 815/1077/3913 821/991/3913 862/1061/3913
f 110/1037/3914 792/934/3914 868/1068/3914
f 116/1091/3915 940/4700/3915 897/1207/3915 896/1206/3915
f 864/1064/3916 891/1063/3916 889/1059/3916
f 106/1004/3917 890/941/3917 875/4701/3917
f 839/1022/3918 857/1074/3918 878/1049/3918
f 866/1054/3919 888/970/3919 884/1047/3919
f 875/4701/3920 890/941/636 891/942/638
f 106/992/3921 875/1062/3921 862/1061/3921
f 872/1076/3922 865/1072/3922 873/1058/3922
f 812/974/3923 815/1077/3923 871/1075/3923
f 873/1058/3924 864/1064/3924 889/1059/3924
f 958/4702/3925 984/1111/3925 959/4703/3925
f 959/4703/3926 984/1111/3926 131/1113/3926
f 898/1078/3927 901/1080/3927 893/1205/3927
f 940/4700/3928 115/1079/3928 892/1208/3928 897/1207/3928
f 117/1093/3929 937/4704/3929 940/4700/3929 116/1091/3929
f 901/1087/3930 115/1099/3930 899/1088/3930
f 118/1098/3931 933/1108/3931 937/1100/3931 117/1096/3931
f 115/1079/3932 940/4700/3932 937/4704/3932
f 954/1190/3933 985/1209/3933 955/1119/3933
f 905/1089/3934 899/1088/3934 907/1095/3934
f 905/1089/3935 907/1095/3935 963/1105/3935
f 908/1114/3936 911/1103/3936 907/1095/3936 902/1094/3936
f 899/1088/3937 937/1100/3937 933/1108/3937
f 119/1107/3938 930/1117/3938 933/1108/3938 118/1098/3938
f 958/4702/3939 990/1222/3939 992/1226/3939 978/1109/3939
f 902/1094/3940 933/1108/3940 930/1117/3940
f 958/4702/3941 978/1109/3941 984/1111/3941
f 915/1115/3942 916/4705/3942 912/1104/3942 911/1103/3942
f 984/1111/3943 977/1110/764 131/1113/766
f 3068/1148/3944 919/1150/3944 923/1140/3944 121/4706/3944
f 930/1117/3945 119/1107/3945 120/1116/3945
f 982/1122/3946 946/1118/3946 3086/1120/3946
f 916/4707/3947 915/1123/3947 922/1135/3947
f 922/1135/3948 915/1123/3948 921/1125/3948
f 915/1123/3949 908/1141/785 913/1124/784
f 916/4707/3950 922/1135/3950 918/1137/3950
f 988/1129/3951 987/1164/3951 975/1130/3951
f 922/1135/3952 924/1134/3952 925/1138/3952
f 913/1124/3953 917/1136/3953 921/1125/3953
f 918/1137/3954 922/1135/3954 925/1138/3954
f 914/1149/3955 917/1136/3955 913/1124/3955 919/1150/3955
f 923/1140/3956 919/1150/3956 913/1124/3956
f 946/1118/3957 982/1122/3957 947/1183/3957
f 982/4708/3958 986/1174/3958 947/1176/3958
f 962/1139/3959 925/1138/3959 927/1145/3959
f 914/1149/3960 3068/1148/3960 926/4709/3960
f 931/1156/3961 927/4710/3961 130/4711/3961 906/1154/3961
f 133/1152/3962 953/1151/3962 981/1101/3962
f 931/1156/3963 929/1236/3963 122/1240/3963 927/4710/3963
f 909/1153/3964 914/1149/3964 926/4709/3964 123/4712/3964
f 935/1155/3965 932/1170/3965 929/1236/3965 931/1156/3965
f 917/1136/3966 914/1149/3966 909/1153/3966
f 960/4713/3967 977/1110/3967 978/1109/3967
f 992/1226/3968 960/4713/3968 978/1109/3968
f 906/1154/3969 928/1167/3969 935/1155/3969
f 900/1181/3970 903/1171/3970 125/1173/3970 126/1180/3970
f 130/4711/3971 909/1160/3971 906/1154/3971
f 975/1130/3972 958/1165/3972 959/1163/3972
f 987/1223/839 990/1222/838 958/4702/3973
f 935/1155/3974 3070/1168/3974 932/1170/3974
f 124/1161/3975 125/1173/3975 903/1171/3975
f 986/1174/3976 988/1129/3977 948/1175/3978
f 3070/1168/3979 936/1191/3979 942/1177/3979
f 947/1176/3980 948/1175/3980 949/1133/3980 3072/4714/3980
f 903/1171/3981 900/1181/3981 928/1167/3981
f 3072/1182/3982 3071/4715/3982 3077/1189/3982
f 949/1133/3983 3071/4716/3983 3072/4714/3983
f 3073/4717/3984 3071/4718/3984 949/4719/3984
f 3074/4720/3985 3071/4718/3985 3073/4717/3985
f 3075/4721/3986 3071/4718/3986 3074/4720/3986
f 3076/1186/3987 3071/4722/3987 3075/1185/3987
f 3077/1187/3988 3071/4722/3988 3076/1186/3988
f 3072/1182/3989 3077/1189/3989 955/1119/3989
f 895/1197/3990 900/1181/3990 126/1180/3990 127/1196/3990
f 131/4723/3991 3073/4717/3991 950/4724/3991
f 3074/4720/3992 3073/4717/3992 131/4723/3992
f 132/1112/3993 3074/4725/3993 131/1113/3993
f 132/1112/3994 3075/4726/3994 3074/4725/3994
f 951/1082/3995 3076/1186/3995 3075/1185/3995
f 953/1151/3996 3077/1187/3996 3076/1186/3996
f 936/1203/3997 938/1202/3997 944/1194/3997
f 939/1193/3998 942/4727/3998 944/1194/3998
f 904/1092/3999 116/1091/3999 896/1206/3999 3085/4728/3999
f 900/1181/4000 895/1197/4000 3070/1168/4000
f 3079/4729/4001 3078/4730/4001 3085/4728/4001
f 3080/4731/4002 3078/4732/4002 3079/4733/4002
f 3081/4734/4003 3078/4732/4003 3080/4731/4003
f 3082/4735/4004 3078/4732/4004 3081/4734/4004
f 3083/4736/4005 3078/4732/4005 3082/4735/4005
f 3084/4737/4006 3078/4732/4006 3083/4736/4006
f 3085/4728/4007 3078/4730/4007 3084/4738/4007
f 945/1198/4008 127/1200/4008 941/4739/4008 3079/4729/4008
f 945/1198/4009 3085/4728/4009 896/1206/4009
f 945/1198/4010 3079/4729/4010 3085/4728/4010
f 941/4740/4011 125/4741/4011 934/1162/4011 3080/4731/4011
f 941/1179/4012 3080/4742/4012 3079/4743/4012
f 934/1162/4013 123/1157/4013 926/4744/4013 3081/4734/4013
f 934/1162/4014 3081/4734/4014 3080/4731/4014
f 926/4744/4015 3068/1144/4015 920/1143/4015 3082/4735/4015
f 926/4744/4016 3082/4735/4016 3081/4734/4016
f 920/1128/4017 120/1116/4017 910/1106/4017 3083/4745/4017
f 920/1128/4018 3083/4745/4018 3082/4746/4018
f 910/1106/4019 118/1098/4019 904/1097/4019 3084/4747/4019
f 910/1106/4020 3084/4747/4020 3083/4745/4020
f 943/1204/4021 944/1194/4021 938/1202/4021 892/1208/4021
f 904/1092/4022 3085/4728/4022 3084/4738/4022
f 894/1201/4023 895/4748/4023 127/1200/4023 129/1199/4023
f 128/1195/4024 944/1194/4024 943/1204/4024
f 115/1079/4025 898/1078/4025 943/1204/4025 892/1208/4025
f 895/4748/4026 894/1201/4026 936/1203/4026
f 948/1175/4027 983/1131/4027 949/1133/4027
f 897/1207/4028 894/1201/4028 129/1199/4028 896/1206/4028
f 943/1204/4029 898/1078/4029 893/1205/4029
f 133/1152/4030 980/1214/4030 966/1213/4030 985/1210/4030
f 894/1201/4031 897/1207/4031 938/1202/4031
f 989/1121/4032 3086/1120/4032 985/1209/4032
f 133/1152/4033 954/1188/4033 953/1151/4033
f 979/1211/4034 967/1212/4034 980/1214/4034
f 967/4749/4035 956/1237/4035 968/1231/4035 969/1230/4035
f 966/1216/4036 967/4749/4036 969/1230/4036 970/1215/4036
f 974/4750/4037 987/1164/4037 963/1105/4037 973/4751/4037
f 128/1195/4038 968/1231/4038 956/1237/4038
f 957/1217/4039 971/1219/4039 988/1129/4039
f 905/1089/4040 963/1105/4041 971/1219/4042
f 971/1219/4042 963/1105/4041 988/1129/4043
f 893/1090/4044 905/1089/4044 3087/1220/4044
f 3087/1220/4045 971/1219/4045 957/1217/4045
f 3088/1218/4046 988/1129/3977 986/1174/3976
f 912/1104/4047 916/4705/4047 972/1234/4047
f 961/1224/4048 976/1225/841 964/1227/843
f 979/1211/4049 980/1214/4049 932/1170/4049
f 932/1170/4050 980/1214/4050 991/1084/4050
f 3069/1169/4051 979/1211/4051 932/1170/4051
f 980/1214/4052 133/1152/4052 991/1084/4052
f 969/1230/4053 957/1229/4053 3088/1232/4053
f 970/1215/4054 3088/1232/4054 982/1122/4054
f 968/1231/4055 3087/1228/4055 969/1230/4055
f 963/1105/4056 972/1234/4056 973/4751/4056
f 512/486/4057 437/485/4057 137/317/4057 1006/4456/4057
f 128/1195/4058 893/1205/4058 968/1231/4058
f 962/1139/4059 961/1224/4059 965/1235/4059
f 964/1227/4060 992/1226/4060 990/1222/4060
f 929/1236/4061 991/1084/4061 976/1239/4061
f 939/1178/4062 956/1238/4062 979/1211/4062
f 966/1216/4063 989/1121/4063 985/1209/4063
f 976/1239/4064 991/1084/744 992/1085/746
f 122/1147/4065 976/1225/4065 961/1224/4065
f 973/1242/4066 965/1235/4066 974/1221/4066
f 916/4707/4067 918/1137/4067 972/1241/4067
f 974/1221/4068 964/1227/4068 990/1222/4068
f 513/4455/4069 512/486/4069 1006/4456/4069 1007/4752/4069
f 514/1245/4070 513/4455/4070 1007/4752/4070 1008/1243/4070
f 3089/1249/4071 1621/4753/4071 2950/4754/4071 3090/2187/4071
f 3089/1249/4072 3090/2187/4072 3257/2186/4072 1562/1247/4072
f 1561/4755/4073 459/1246/4073 3089/4756/4073 3100/1274/4073
f 3094/4757/4074 503/4758/4074 3095/4448/4074 3091/4759/4074
f 1621/4753/4075 3089/1249/4075 459/4760/4075
f 3093/1255/4076 3091/1254/4076 3092/4761/4076
f 3092/1250/4077 1571/473/4077 167/4416/4077 1577/454/4077
f 3095/4448/4078 1570/4762/4078 3091/4759/4078
f 1575/4438/4079 1635/4442/4079 1568/516/4079 3093/1255/4079
f 1577/454/4080 1576/456/4080 3092/1250/4080
f 1571/473/4081 3092/1250/4081 1570/1252/4081
f 1576/4439/4082 1575/4438/4082 3093/1255/4082 3092/4761/4082
f 1568/516/4083 48/489/4083 3094/1253/4083 3093/1255/4083
f 3096/4763/4084 1659/4764/4084 1658/4765/4084 3097/4766/4084
f 49/1244/4085 3095/4448/4085 503/4758/4085
f 1005/1257/4086 448/1256/4086 428/304/4086
f 447/318/4087 137/317/4087 437/485/4087
f 1003/1259/4088 1005/1257/4088 428/304/4088
f 1004/1258/4089 1009/316/4089 1005/1257/4089
f 1003/1259/4090 428/304/4090 35/301/4090
f 434/356/4091 3096/4763/4091 3097/4766/4091 1641/253/4091
f 434/356/4092 24/351/4092 1659/4764/4092 3096/4763/4092
f 1649/499/4093 2983/193/4093 334/4767/4093 3098/4768/4093
f 22/1264/4094 3098/1263/4094 334/4331/4094
f 3098/4768/4095 3250/4769/4095 1649/499/4095
f 407/1265/4096 30/243/4096 1002/259/4096 1004/1258/4096
f 344/173/4097 343/1278/4097 3101/81/4097 319/1276/4097
f 407/1265/4098 1003/1259/4098 35/301/4098
f 1589/4770/4099 3099/1266/4099 1627/1268/4099
f 3099/1266/4100 1644/1270/4100 1563/1267/4100
f 1001/1272/4101 993/172/4101 1002/259/4101
f 389/242/4102 1001/1272/4102 30/243/4102
f 1561/4755/4103 3100/1274/4103 1560/1273/4103
f 1560/1273/4104 3239/1275/4104 3238/2133/4104
f 1560/1273/4105 3238/2133/4105 163/364/4105
f 301/8/4106 994/171/880 1001/1272/882
f 336/87/4107 349/86/3355 433/30/3356
f 3101/81/4108 318/80/4108 319/1276/4108
f 3105/4771/4109 3104/4772/4109 3102/4773/4109 3103/4774/4109
f 309/168/165 993/172/167 3101/81/885
f 260/155/4110 134/63/4110 346/1279/4110
f 1604/1280/4111 1574/1320/4111 322/1281/4111
f 1650/1283/4112 1604/4775/4112 1014/1284/4112
f 327/1286/4113 999/78/4113 1012/108/4113
f 327/1286/4114 1012/108/4114 1013/1287/4114
f 339/153/4115 327/1286/4115 1013/1287/4115
f 3102/1289/4116 1661/1288/4116 3103/4776/4116
f 1661/4413/4117 1579/1290/4117 3103/1293/4117
f 3229/2112/4118 3105/4771/4118 3103/4774/4118 1578/2113/4118
f 45/1294/4119 1662/407/4119 3102/1289/4119
f 1660/1291/4120 1579/1290/4120 1661/4413/4120
f 1569/2124/4121 1655/4777/4121 3105/4771/4121 3229/2112/4121
f 1655/4777/4122 50/4778/4122 3104/4772/4122 3105/4771/4122
f 1653/1296/4123 3106/1299/4123 280/4262/4123 1652/44/4123
f 477/4779/4124 3104/4772/4124 50/4778/4124
f 477/1295/4125 3102/1289/4125 3104/4780/4125
f 3106/1299/4126 1622/4781/4126 3/4264/4126 280/4262/4126
f 3106/1299/4127 1653/1296/896 3263/1298/898
f 1622/4781/4128 3106/1299/4129 3262/1300/4130
f 3108/2123/4131 3107/4782/4131 50/4778/4131 1655/4777/4131
f 465/284/4132 1645/287/4132 455/1301/4132
f 455/1301/4133 3237/1302/4133 3236/4783/4133
f 455/1303/4134 3236/4412/4134 164/390/4134
f 17/105/4135 1013/1287/4135 332/106/4135
f 16/1277/4136 327/1286/4136 290/136/4136
f 1565/1306/4137 3107/4782/4137 1581/2121/4137
f 3107/4782/4138 3108/2123/4138 1581/2121/4138
f 1565/1306/4139 50/4778/4139 3107/4782/4139
f 1581/2121/4140 1643/4296/4140 1642/1307/4140 1565/1306/4140
f 1655/4777/4141 1569/2124/4141 3108/2123/4141
f 1643/4296/4142 1581/2121/1566 1580/2120/1565
f 3109/4784/4143 1637/93/4143 1636/94/4143 267/1309/4143
f 1622/4781/4144 3109/4784/4144 267/1309/4144 3/4264/4144
f 3111/4785/4145 1604/4775/4145 1650/1283/4145 1548/1315/4145
f 331/1305/4146 136/1304/4146 3110/1313/4146
f 3110/1310/4147 136/4786/4147 1018/1311/4147
f 1019/130/4148 331/1305/4148 3110/1313/4148
f 3111/1318/4149 1548/4787/4149 1017/1319/4149
f 1039/1379/4150 1035/1357/4150 1042/4788/4150 1046/1364/4150
f 1652/44/4151 3112/42/4151 3113/1324/4151
f 3112/42/4152 1609/1322/4152 3113/1324/4152
f 298/97/4153 1623/1321/4153 3112/42/4153
f 1653/1296/4154 3113/1324/4154 1542/1297/4154
f 1103/4789/4155 1108/1362/4155 1109/1326/4155
f 1118/1325/4156 1103/4789/4156 1109/1326/4156
f 1088/4790/4157 1108/1362/4157 1103/4789/4157
f 1090/1337/4158 1095/1339/4158 1116/4791/4158
f 1028/1346/4159 1031/1349/4159 1027/1344/4159
f 1076/1332/4160 1020/1331/4160 1073/1333/4160
f 1110/4792/4161 3130/1456/4161 1117/1457/4161
f 1031/1349/4162 1089/1365/4162 1038/1350/4162
f 1027/1344/4163 1038/1350/4163 1060/1358/4163
f 1020/1345/4164 1027/1344/4164 1069/1353/4164
f 1091/1338/4165 3115/1356/4165 1095/1339/4165
f 1038/1350/4166 1042/4788/4166 1035/1357/4166
f 1089/1365/4167 1042/4788/4167 1038/1350/4167
f 1065/1351/4168 1060/1358/4168 1059/1359/4168
f 1027/1344/4169 1060/1358/4169 1065/1351/4169
f 1037/1354/4170 1059/1359/4170 1041/1368/4170
f 1108/1362/4171 1106/1361/4171 1109/1326/4171
f 1088/4790/4172 1083/1360/4172 1108/1362/4172
f 1043/1382/4173 1039/1388/4173 1046/4793/4173 1051/1375/4173
f 1089/1365/4174 1046/1364/4174 1042/4788/4174
f 1060/1358/4175 1055/1366/4175 1059/1359/4175
f 139/1410/4176 1057/1400/4176 1062/1399/4176 140/1405/4176
f 1101/1376/4177 1051/1375/4177 1046/4793/4177
f 1114/1411/4178 141/1453/4178 1103/1412/4178
f 1103/1412/4179 141/1453/4179 1082/4794/4179
f 1051/1375/4180 1054/1380/4180 1047/1381/4180
f 1048/1374/4181 138/1393/4181 1054/1380/4181
f 1113/1373/4182 1085/1371/4182 1100/1390/4182
f 1054/1380/966 139/1392/965 1047/1381/4183
f 3115/1356/4184 1094/1458/4184 1111/1397/4184
f 1067/1404/4185 1062/1399/4185 1058/1398/4185 1064/1416/4185
f 138/1393/4186 1058/1474/4186 1057/1391/4186
f 1047/1381/4187 139/1392/4187 1040/1403/4187
f 1106/1361/4188 1083/1360/4188 1091/1428/4188
f 1090/1340/4189 1106/1361/4189 1091/1428/4189
f 1109/1326/4190 1090/1340/4190 1105/1342/4190
f 1081/1369/4191 3130/1456/4191 1110/4792/4191 3117/4795/4191
f 1067/1404/4192 1033/1417/4192 140/1405/4192
f 139/1410/4193 140/1405/4193 1036/1406/4193
f 1103/1412/4194 1082/4794/4194 1088/4796/4194
f 1064/1416/4195 1063/1415/4195 1067/1404/4195
f 1036/1406/4196 1033/1417/4196 1032/1418/4196
f 1066/1409/4197 1032/1418/4197 1070/1426/4197
f 1100/1419/4198 3114/4797/4198 1087/1420/4198
f 1075/1423/4199 1068/1433/4199 1063/1415/4199
f 1033/1417/4200 1029/1424/4200 1032/1418/4200
f 1063/1415/4201 1029/1424/4201 1033/1417/4201
f 3117/4795/4202 3116/4798/4202 3121/4799/4202
f 3118/4800/4203 3116/4801/4203 3117/4802/4203
f 1084/1355/4204 3116/4801/4204 3118/4800/4204
f 1083/4803/4205 3116/4804/4205 1084/4805/4205
f 3119/4806/4206 3116/4804/4206 1083/4803/4206
f 3120/4807/4207 3116/4808/4207 3119/4809/4207
f 3121/4810/4208 3116/4808/4208 3120/4807/4208
f 1081/1369/4209 3117/4795/4209 3121/4799/4209
f 1094/1458/4210 3115/1356/4210 1084/1355/4210 3118/4800/4210
f 1094/1458/4211 3118/4800/4211 1110/4811/4211
f 3118/4800/4212 3117/4802/4212 1110/4811/4212
f 1082/4794/4213 141/1453/4213 1087/1420/4213 3120/4807/4213
f 1088/4790/4214 3119/4812/4214 1083/1360/4214
f 1082/4813/4215 3119/4812/4215 1088/4790/4215
f 1082/4794/4216 3120/4807/4216 3119/4809/4216
f 1099/1466/4217 1031/1349/4217 1028/1346/4217 3131/1467/4217
f 3114/4797/4218 3120/4807/4218 1087/1420/4218
f 3114/4797/4219 3121/4810/4219 3120/4807/4219
f 1081/1369/4220 3121/4799/4220 3114/1370/4220
f 1071/1429/4221 1077/1451/4221 1079/1430/4221
f 1079/1430/4222 1072/1455/4222 1068/4814/4222
f 1029/1424/4223 1068/1433/4223 1023/1434/4223
f 1074/1425/4224 1023/1434/4224 1080/1448/4224
f 3123/1436/4225 3122/4815/4225 3129/1435/4225
f 3124/1440/4226 3122/4816/4226 3123/4817/4226
f 3125/1442/4227 3122/4816/4227 3124/1440/4227
f 3126/1443/4228 3122/4816/4228 3125/1442/4228
f 3127/4818/4229 3122/4816/4229 3126/1443/4229
f 3128/1449/4230 3122/4815/4230 3127/4819/4230
f 3129/1435/4231 3122/4815/4231 3128/1449/4231
f 1034/1348/4232 3123/1436/4232 3129/1435/4232
f 1041/4820/4233 3124/1440/4233 3123/4817/4233
f 1053/1386/4234 3125/1442/4234 3124/1440/4234
f 1061/1402/4235 3126/1443/4235 3125/1442/4235
f 1070/1426/4236 3127/1446/4236 3126/1445/4236
f 1080/1450/4237 3128/1449/4237 3127/4819/4237
f 1024/1334/4238 3129/1435/4238 3128/1449/4238
f 1079/1430/1021 1076/1332/1020 1072/1455/4239
f 1068/4814/4240 1022/1454/4240 1023/4821/4240
f 1068/4814/4241 1072/1455/4241 1022/1454/4241
f 1023/4821/4242 1022/1454/4242 1080/1450/4242
f 1112/1421/4243 1087/1420/4243 141/1453/4243
f 1021/1330/4244 1026/1329/4244 1078/1452/4244
f 1072/1455/4245 1025/1335/4245 1022/1454/4245
f 1117/1457/4246 1085/1371/4246 1115/1372/4246
f 1094/1458/4247 1110/4811/4247 1117/1459/4247
f 1111/1397/4248 1096/1460/4248 1107/1462/4248
f 1111/1397/4249 1117/1459/4249 1096/1460/4249
f 1086/1465/4250 1098/1464/4250 1097/1470/4250
f 1096/1463/4251 1115/1372/4251 1098/1464/4251
f 1086/1465/4252 1097/1470/4252 1077/1451/4252
f 1099/1466/4253 1112/1421/4253 1114/1411/4253
f 1031/1349/4254 1099/1466/4254 1089/1365/4254
f 1099/1466/4255 1113/1422/4255 1112/1421/4255
f 1092/1471/4256 1093/1472/4256 1101/1376/4256 1102/4822/4256
f 1102/1468/4257 1114/1411/4257 1118/1413/4257
f 1092/1471/4258 1104/1473/4258 1093/1472/4258
f 1092/1471/4259 1105/1342/4259 1104/1473/4259
f 142/1327/4260 1105/1342/4260 1092/1471/4260
f 1093/1472/4261 1104/1473/4261 138/1393/4261
f 1095/1339/1036 1111/1397/1036 1064/1416/1037
f 1064/1416/4262 1107/1462/4262 1071/1414/4262
f 1021/1330/4263 1097/1470/4263 3131/1469/4263
f 1097/1470/4264 1098/1464/4264 3131/1469/4264
f 1089/1365/4265 1114/1411/4265 1102/1468/4265
f 1098/1464/4266 1115/1372/4266 1113/1373/4266
f 1048/1374/4267 1101/1376/4267 1093/1472/4267
f 1064/1416/4268 1104/4823/4268 1105/4824/4268 1116/4791/4268
f 1102/4822/4269 1118/1325/4269 1092/1471/4269
f 1116/4791/4270 1095/1339/4270 1064/1416/4270
f 1104/4823/4271 1064/1416/4271 1058/1398/4271
f 1136/1501/4272 1198/1500/4272 1190/1612/4272 1140/4825/4272
f 1107/1462/4273 1086/1461/4273 1071/1414/4273
f 1117/1457/4274 1115/1372/4274 1096/1463/4274
f 1188/1562/4275 1208/1514/4275 1209/1563/4275
f 1189/4826/4276 1208/1514/4276 1188/1562/4276
f 1126/1475/4277 1129/4827/4277 1124/1476/4277
f 1175/1480/4278 1119/1479/4278 1172/1485/4278
f 1210/4828/4279 3148/1605/4279 1211/1606/4279
f 1125/1491/4280 1136/1501/4280 1159/1510/4280
f 1129/1493/4281 1198/1500/4281 1125/1491/4281
f 1119/1492/4282 1125/1491/4282 1167/1504/4282
f 1192/1508/4283 3133/1507/4283 1191/1487/4283
f 1191/1487/4284 3133/1507/4284 3150/1488/4284
f 1136/1501/4285 1140/4825/4285 1133/1509/4285
f 1215/1549/4286 1209/1563/4286 1208/1514/4286 1207/1513/4286
f 1163/1502/4287 1159/1510/4287 1158/1511/4287
f 1125/1491/4288 1159/1510/4288 1163/1502/4288
f 1135/1505/4289 1158/1511/4289 1139/1517/4289
f 1137/1524/4290 1133/1509/4290 1140/4825/4290 1144/4829/4290
f 1189/4826/4291 1182/1512/4291 1208/1514/4291
f 1140/4825/4292 1190/1612/4292 1202/1614/4292 1144/4829/4292
f 1141/1530/4293 1137/4830/4293 1144/4831/4293 1148/1526/4293
f 1159/1510/4294 1154/1515/4294 1158/1511/4294
f 143/1557/4295 1156/1545/4295 1161/1544/4295 144/1552/4295
f 1202/1527/4296 1148/1526/4296 1144/4831/4296
f 1205/1560/4297 145/1602/4297 1181/1558/4297
f 1148/1526/4298 1152/1528/4298 1145/1529/4298
f 1152/1528/1091 143/1538/1090 1145/1529/4299
f 1149/1525/4300 1153/1539/4300 1152/1528/4300
f 3133/1507/4301 1195/4832/4301 1216/1499/4301
f 1165/1551/4302 1161/1544/4302 1157/1543/4302 1169/1571/4302
f 1153/1539/4303 1157/4833/4303 1156/1537/4303
f 1145/1542/4304 143/4834/4304 1138/1546/4304
f 1207/1513/4305 1182/1512/4305 1192/1576/4305
f 1191/1548/4306 1207/1513/4306 1192/1576/4306
f 1180/1519/4307 3148/1605/4307 1210/4828/4307 3135/4835/4307
f 1165/1551/4308 1131/1565/4308 144/1552/4308
f 143/1557/4309 144/1552/4309 1134/1553/4309
f 1188/1559/4310 1181/1558/4310 1189/4836/4310
f 1214/4837/4311 1205/1560/4311 1188/1559/4311
f 1169/1571/4312 1162/1564/4312 1165/1551/4312
f 1134/1553/4313 1131/1565/4313 1130/1566/4313
f 1164/1556/4314 1130/1566/4314 1168/1574/4314
f 1213/1567/4315 3132/4838/4315 1187/1568/4315
f 1169/1571/1122 1171/1577/4316 1174/1570/1120
f 1174/1570/4317 1166/1579/4317 1162/1564/4317
f 1131/1565/4318 1127/1572/4318 1130/1566/4318
f 1162/1564/4319 1127/1572/4319 1131/1565/4319
f 3135/4835/4320 3134/4839/4320 3139/4840/4320
f 3136/4841/4321 3134/4842/4321 3135/4843/4321
f 1183/1506/4322 3134/4842/4322 3136/4841/4322
f 1182/1512/4323 3134/4844/4323 1183/1575/4323
f 3137/4845/4324 3134/4844/4324 1182/1512/4324
f 3138/4846/4325 3134/4847/4325 3137/4848/4325
f 3139/4849/4326 3134/4847/4326 3138/4846/4326
f 1180/1519/4327 3135/4835/4327 3139/4840/4327
f 1195/4832/4328 3133/1507/4328 1183/1506/4328 3136/4841/4328
f 1195/4832/4329 3136/4841/4329 1210/1497/4329
f 3136/4841/4330 3135/4843/4330 1210/1497/4330
f 1181/1558/4331 145/1602/4331 1187/1568/4331 3138/4846/4331
f 1189/4826/4332 3137/4845/4332 1182/1512/4332
f 1181/4850/4333 3137/4845/4333 1189/4826/4333
f 1181/1558/4334 3138/4846/4334 3137/4848/4334
f 1171/1577/4335 1169/1571/4335 3149/4851/4335 1200/4852/4335
f 3132/4838/4336 3138/4846/4336 1187/1568/4336
f 3132/4838/4337 3139/4849/4337 3138/4846/4337
f 1180/1519/4338 3139/4840/4338 3132/1521/4338
f 1177/1601/4339 1170/1604/4339 1166/4853/4339
f 1127/1572/4340 1166/1579/4340 1121/1580/4340
f 1173/1573/4341 1121/1580/4341 1179/4854/4341
f 3141/1582/4342 3140/4855/4342 3147/1581/4342
f 3142/4856/4343 3140/4855/4343 3141/1582/4343
f 3143/1588/4344 3140/4857/4344 3142/1586/4344
f 3144/1589/4345 3140/4857/4345 3143/1588/4345
f 3145/1593/4346 3140/4855/4346 3144/4858/4346
f 3146/1596/4347 3140/4855/4347 3145/1593/4347
f 3147/1581/4348 3140/4855/4348 3146/1596/4348
f 1132/1495/4349 3141/1582/4349 3147/1581/4349
f 1139/1517/4350 3142/1585/4350 3141/1584/4350
f 1151/1534/4351 3143/1588/4351 3142/1586/4351
f 1160/1547/4352 3144/1589/4352 3143/1588/4352
f 1168/1574/4353 3145/1592/4353 3144/1591/4353
f 1179/1595/4354 3146/1596/4354 3145/1593/4354
f 1122/1482/4355 3147/1581/4355 3146/1596/4355
f 1177/1601/1149 1175/1480/1148 1170/1604/1148
f 1171/1597/1144 1178/1477/4356 1176/1598/1145
f 1166/1579/4357 1120/4859/4357 1121/1580/4357
f 1166/4860/4358 1170/4861/4358 1120/1603/4358
f 1121/4862/4359 1120/1603/4359 1179/1595/4359
f 1212/1569/4360 1187/1568/4360 145/1602/4360
f 1178/1477/4361 1124/1476/4361 1176/1598/4361
f 1170/4861/4362 1123/1483/4362 1120/1603/4362
f 1195/4832/4363 1210/1497/4363 1216/1499/4363
f 1216/1499/4364 1199/4863/4364 3149/4851/4364
f 3149/4851/4365 1199/4863/4365 1200/4852/4365
f 1196/1619/4366 1197/1617/4366 1185/1622/4366 1184/1618/4366
f 1211/1606/4367 146/1518/4367 1184/1618/4367
f 1198/1500/1160 1212/1569/1159 1205/1560/4368
f 1129/1493/4369 1201/1608/4369 1198/1500/4369
f 1201/1608/4370 1196/1610/4370 1212/1569/4370
f 1204/1626/4371 1214/1561/4371 1209/1563/4371
f 1202/1527/4372 1204/1626/4372 1203/1625/4372
f 1194/1616/4373 1206/1615/4373 1153/1539/4373
f 3150/1488/4374 1216/1499/4374 3149/4851/4374
f 3150/1488/4375 3149/4851/4375 1169/1571/4375
f 1196/1619/4376 146/1518/4376 1213/1520/4376
f 1126/1475/4377 1197/1617/4377 1201/4864/4377
f 1198/1500/4378 1205/1560/4378 1214/4837/4378
f 1198/1500/4379 1214/4837/4380 1204/1613/4381
f 1190/1612/4382 1198/1500/4379 1204/1613/4381
f 1186/1607/4383 1185/1622/4383 1197/1617/4383
f 1184/1618/4384 1199/1623/4384 1216/4865/4384 1211/1606/4384
f 1178/1477/4385 1186/1607/4385 1197/1617/4385
f 3151/1620/4386 1203/1625/4386 1194/1616/4386
f 3151/1620/4387 1153/1539/4387 1149/1525/4387
f 1206/1621/4388 3150/1488/4388 1157/1543/4388
f 1186/1607/4389 1200/4866/4389 1199/1623/4389 1185/1622/4389
f 1235/1660/4390 3152/1659/4390 1289/1777/4390 1239/4867/4390
f 1200/4866/4391 1186/1607/4391 1171/1597/4391
f 1203/1625/4392 1204/1626/4392 1194/1616/4392
f 1194/1616/4393 1209/1563/4393 1215/1549/4393
f 1306/4868/4394 1310/1628/4394 1288/1627/4394
f 1306/4868/4395 3160/1668/4395 1310/1628/4395
f 1222/1632/4396 1227/4869/4396 1217/1634/4396
f 1224/1631/4397 1227/4869/4397 1222/1632/4397
f 150/4870/4398 1284/1641/4398 1290/1640/4398
f 1290/1640/4399 1294/1642/4399 1317/4871/4399
f 1227/1647/4400 1228/1646/4400 1223/1649/4400
f 1277/1635/4401 1217/1634/4401 1274/1636/4401
f 1311/4872/4402 3173/1763/4402 3172/1656/4402
f 1223/1649/4403 1235/1660/4403 1260/1666/4403
f 1228/1646/4404 3152/1659/4404 1223/1649/4404
f 1217/1650/4405 1223/1649/4405 1269/1663/4405
f 1284/1641/4406 3154/1707/4406 1294/1642/4406
f 1235/1660/4407 1239/4867/4407 1232/1665/4407
f 1308/1669/4408 151/1645/4408 152/1629/4408 1310/1628/4408
f 1265/1661/4409 1260/1666/4409 1259/1667/4409
f 1223/1649/4410 1260/1666/4410 1265/1661/4410
f 1234/1664/4411 1259/1667/4411 1238/1672/4411
f 1236/1682/4412 1232/1665/4412 1239/4867/4412 1243/4873/4412
f 1308/1669/4413 3160/1668/4413 150/4874/4413
f 1239/4867/4414 1289/1777/4414 1304/1779/4414 1243/4873/4414
f 1240/1691/4415 1236/1697/4415 1243/1678/4415 1248/1687/4415
f 1260/1666/4416 1255/1670/4416 1259/1667/4416
f 147/1720/4417 1257/1711/4417 1262/1710/4417 148/1715/4417
f 1245/1677/4418 1248/1687/4418 1243/1678/4418
f 1314/1760/4419 149/1683/4419 1307/1722/4419
f 1307/1722/4420 149/1683/4420 1306/1685/4420
f 1248/1687/4421 1253/1688/4421 1252/1689/4421
f 1315/1676/4422 3153/1674/4422 3155/1699/4422
f 1253/1688/4423 147/1702/4423 1252/1689/4423
f 1249/1686/4424 1254/1703/4424 1253/1688/4424
f 3154/1707/4425 1293/1764/4425 1312/1708/4425
f 1267/1714/4426 1262/1710/4426 1258/1709/4426 1264/1725/4426
f 1254/1703/4427 1258/4875/4427 1257/1701/4427
f 1244/1690/4428 147/1702/4428 1237/1712/4428
f 151/1645/4429 1308/1669/4429 1290/1643/4429
f 1290/1643/4430 1308/1669/4430 150/4874/4430
f 1288/1721/4431 1319/1784/4431 1314/1760/4431 1307/1722/4431
f 1267/1714/4432 1230/1726/4432 148/1715/4432
f 147/1720/4433 148/1715/4433 1233/1716/4433
f 1282/1673/4434 3173/1763/4434 1311/4872/4434 3157/4876/4434
f 1264/1725/4435 1263/1724/4435 1267/1714/4435
f 1233/1716/4436 1230/1726/4436 1229/1727/4436
f 1266/1719/4437 1229/1727/4437 1270/1734/4437
f 1303/1728/4438 3155/4877/4438 1287/1729/4438
f 1271/1723/4439 1273/1768/4439 1276/1731/4439
f 1276/1731/4440 1268/1739/4440 1263/1724/4440
f 1230/1726/4441 1225/1732/4441 1229/1727/4441
f 1263/1724/4442 1225/1732/4442 1230/1726/4442
f 3157/4876/4443 3156/4878/4443 3163/4879/4443
f 3158/4880/4444 3156/4881/4444 3157/4882/4444
f 3159/4883/4445 3156/4881/4445 3158/4880/4445
f 3160/4884/4446 3156/4885/4446 3159/4886/4446
f 3161/4887/4447 3156/4885/4447 3160/4884/4447
f 3162/4888/4448 3156/4885/4448 3161/4887/4448
f 3163/4889/4449 3156/4890/4449 3162/4891/4449
f 1282/1673/4450 3157/4876/4450 3163/4879/4450
f 1293/1764/4451 3154/1707/4451 1284/1641/4451 3158/4880/4451
f 1293/1764/4452 3158/4880/4452 1311/1653/4452
f 3158/4880/4453 3157/4882/4453 1311/1653/4453
f 3160/1668/4454 1306/4868/4454 1283/4892/4454 3161/4893/4454
f 3159/4883/4455 3158/4880/4455 1284/1641/4455
f 150/4874/4456 3159/4894/4456 1284/4895/4456
f 3160/1668/4457 3159/4894/4457 150/4874/4457
f 1283/1684/4458 149/1683/4458 1287/1729/4458 3162/4891/4458
f 1283/1684/4459 3162/4891/4459 3161/4896/4459
f 3155/1699/4460 3153/1674/4460 1282/1673/4460 3163/4879/4460
f 3155/4877/4461 3162/4891/4461 1287/1729/4461
f 3155/4877/4462 3163/4889/4462 3162/4891/4462
f 1272/1762/4463 1279/1736/4463 1278/1759/4463 1277/1635/4463
f 1279/1736/4464 1272/1762/4464 1268/4897/4464
f 1225/1732/4465 1268/1739/4465 1219/1740/4465
f 1275/1733/4466 1219/1740/4466 1281/1757/4466
f 3165/1742/4467 3164/4898/4467 3171/1741/4467
f 3166/1745/4468 3164/4899/4468 3165/4900/4468
f 3167/1748/4469 3164/4899/4469 3166/1745/4469
f 3168/1749/4470 3164/4899/4470 3167/1748/4470
f 3169/1753/4471 3164/4899/4471 3168/1749/4471
f 3170/4901/4472 3164/4899/4472 3169/1753/4472
f 3171/1741/4473 3164/4898/4473 3170/4902/4473
f 1226/1639/4474 3165/1742/4474 3171/1741/4474
f 1234/1664/4475 3166/1744/4475 3165/4903/4475
f 1242/1747/4476 3167/1748/4476 3166/1745/4476
f 1251/1695/4477 3168/1749/4477 3167/1748/4477
f 1266/1719/4478 3169/1755/4478 3168/4904/4478
f 1275/4905/4479 3170/4906/4479 3169/4907/4479
f 1281/1758/4480 3171/1741/4480 3170/4902/4480
f 1299/1773/4481 1286/4908/4481 1298/1771/4481 1300/1770/4481
f 1273/1735/4482 1280/1633/4482 1278/1759/4482
f 1268/4897/4483 1218/1761/4483 1219/4909/4483
f 1268/4897/4484 1272/1762/4484 1218/1761/4484
f 1219/4909/4485 1218/1761/4485 1281/1758/4485
f 1313/1730/4486 1287/1729/4486 149/1683/4486
f 1278/1759/4487 1222/1632/4487 1277/1635/4487
f 1280/1633/4488 1222/1632/4488 1278/1759/4488
f 1272/1762/4489 1221/1638/4489 1218/1761/4489
f 3172/1656/4490 1285/1675/4490 1316/1657/4490
f 1293/1764/4491 1311/1653/4491 1318/1655/4491
f 1312/1708/4492 1297/1765/4492 1309/1767/4492
f 1312/1708/4493 1318/1655/4493 1297/1765/4493
f 1302/1774/4494 1228/1646/4494 1224/1648/4494 3174/1775/4494
f 1297/1769/4495 1301/1772/4495 1300/1770/4495
f 1286/4908/4496 1299/1773/4496 1273/1735/4496
f 1302/1774/4497 1313/1730/4497 1314/1760/4497
f 3152/1659/4498 1302/1774/4498 1314/1760/4498
f 1302/1774/4499 1295/1776/4499 1313/1730/4499
f 1295/1776/4500 1303/1728/4500 1313/1730/4500
f 3174/1783/4501 1224/1631/4501 1280/1633/4501 1299/1773/4501
f 152/1629/4502 151/1645/4502 1291/1780/4502
f 1294/1642/1295 1312/1708/1295 1264/1725/1297
f 1264/1725/4503 1309/1767/4503 1271/1723/4503
f 1315/1676/4504 1295/1782/4504 1301/1772/4504 1316/1657/4504
f 1299/1773/4505 1300/1770/4505 3174/1783/4505
f 1295/1782/4506 1315/1676/4506 1303/1700/4506
f 1289/1777/4507 1314/1760/4507 1305/1778/4507
f 1300/1770/4508 1301/1772/4508 1295/1782/4508
f 3175/4910/4509 1291/1780/4509 151/1645/4509 1317/1644/4509
f 1296/1785/4510 1291/1780/4510 1292/1781/4510
f 1317/4871/4511 1294/1642/4511 1264/1725/4511
f 3175/1787/4512 1264/1725/4512 1258/1709/4512
f 3175/1787/4513 1317/4871/4513 1264/1725/4513
f 1309/1767/4514 1286/1786/4514 1273/1768/4514
f 1318/1658/4515 1316/1657/4515 1297/1769/4515
f 1291/1780/4516 3175/4910/4516 1254/1703/4516
f 1327/1800/4517 1383/1899/4517 1320/4911/4517 1382/1809/4517
f 1245/1677/4518 1305/1789/4518 1296/1785/4518
f 1305/1789/4519 1319/1630/4519 1296/1785/4519
f 1397/4912/4520 1421/1791/4520 1396/1790/4520
f 1430/1793/4521 1396/1790/4521 1422/1792/4521
f 1328/1796/4522 1321/4913/4522 1320/4911/4522
f 1332/1806/4523 1321/4914/4523 1328/4915/4523
f 1382/1809/4524 1381/1798/4524 1327/1800/4524
f 1382/1809/4525 1320/4911/4525 1321/4913/4525 1375/1807/4525
f 1326/1799/4526 1381/1798/4526 1335/1881/4526
f 3176/1805/4527 1329/1817/4527 1321/4914/4527
f 1332/1806/4528 3176/1805/4528 1321/4914/4528
f 1382/1809/1316 1374/1808/1315 1381/1798/4529
f 1375/1820/4530 1321/4914/4530 1329/1817/4530 1369/1818/4530
f 1381/1798/4531 1374/1808/4531 1335/1881/4531
f 1423/4916/4532 154/1905/4532 3198/1813/4532
f 1339/1816/4533 1365/1826/4533 1329/1817/4533
f 1336/1804/4534 1329/1817/4534 3176/1805/4534
f 1375/1820/4535 1368/1819/4535 1374/4917/4535
f 1343/1883/4536 1335/1881/4536 1374/1808/4536 1368/4918/4536
f 1365/1826/4537 1339/1816/4537 1344/1831/4537 1361/1832/4537
f 1401/1823/4538 3179/1822/4538 1400/1801/4538
f 1400/1801/4539 3179/1822/4539 3199/1802/4539
f 1340/1824/4540 1344/1831/4540 1339/1816/4540
f 1347/1886/4541 1343/1885/4541 1364/1827/4541 1360/1833/4541
f 1369/1818/4542 1364/1827/4542 1368/1819/4542
f 1368/1819/4543 1364/1827/4543 1343/1885/4543
f 1421/1791/4544 1418/1829/4544 1422/1792/4544
f 1397/4912/4545 1390/1828/4545 1421/1791/4545
f 1345/1923/4546 1348/1830/4546 1340/1824/4546
f 1348/1839/4547 1358/1838/4547 1344/4919/4547
f 1344/1831/4548 1358/1841/4548 1361/1832/4548
f 1365/1826/4549 1360/1833/4549 1364/1827/4549
f 1352/4920/4550 1347/1886/4550 1360/1833/4550 1357/1842/4550
f 1354/1844/4551 1353/1837/4551 1348/1839/4551
f 1345/1845/4552 1354/1844/4552 1348/1839/4552
f 1361/1832/4553 1357/1842/4553 1360/1833/4553
f 1359/1889/4554 1352/1888/4554 1357/4921/4554 1350/4922/4554
f 1414/1866/4555 153/1904/4555 1389/1864/4555
f 1354/1844/4556 1349/1846/4556 1353/1837/4556
f 1351/1840/4557 1350/4923/4557 1357/1847/4557
f 1362/4924/4558 1359/1889/4558 1350/4925/4558 1346/4926/4558
f 1420/1836/1338 3177/1835/4559 3180/1848/1339
f 1354/1844/4560 3178/1851/4560 1349/1846/4560
f 1356/1843/4561 1363/1850/4561 1354/1844/4561
f 1349/1846/4562 3178/1851/4562 1355/1853/4562
f 1351/1840/4563 1346/1861/4563 1350/4923/4563
f 1351/1840/1345 1355/1853/1344 1346/1861/4564
f 1366/4927/4565 1362/4928/4565 1346/1861/4565 1341/1860/4565
f 3179/1822/4566 1403/1906/4566 1424/1854/4566
f 3178/1857/4567 1367/1856/4567 1342/1859/4567
f 1363/1855/4568 1407/1931/4568 1367/1856/4568
f 1355/1853/4569 1342/1852/4569 1341/1860/4569
f 1337/4929/4570 1341/4930/4570 1342/4931/4570 1338/1858/4570
f 1422/1792/4571 1418/1829/4571 1400/4932/4571
f 1418/1829/4572 1390/1828/4572 1401/4933/4572
f 1400/4932/4573 1418/1829/4573 1401/4933/4573
f 1422/1792/4574 1400/4932/4574 1417/1862/4574
f 1407/1931/4575 1372/1868/4575 1367/1856/4575
f 1367/1856/4576 1372/1868/4576 1371/1863/4576
f 1338/1858/4577 1371/1863/4577 1334/4934/4577
f 1370/4935/4578 1366/4936/4578 1341/4930/4578 1337/4929/4578
f 1331/1876/4579 1334/4934/4579 1371/1863/4579 1377/1869/4579
f 1396/1865/4580 1389/1864/4580 1397/4937/4580
f 1426/4938/4581 1414/1866/4581 1396/1865/4581
f 1372/1868/4582 1378/1873/4582 1377/1869/4582
f 1333/4939/4583 1337/4929/4583 1338/1858/4583 1334/4934/4583
f 1376/1894/4584 1370/4935/4584 1337/4929/4584 1333/4939/4584
f 1330/4940/4585 1333/4939/4585 1334/4934/4585 1331/1876/4585
f 1412/1870/4586 3180/4941/4586 1394/1871/4586
f 1378/1873/4587 1380/1910/4587 1385/1875/4587
f 1384/1895/4588 1376/1894/4588 1333/4939/4588 1330/4940/4588
f 1388/1834/4589 154/1905/4589 1423/4916/4589 3182/4942/4589
f 3182/4942/4590 3181/4943/4590 3187/4944/4590
f 3183/4945/4591 3181/4946/4591 3182/4942/4591
f 3184/4947/4592 3181/4946/4592 3183/4945/4592
f 1390/4948/4593 3181/4949/4593 3184/4950/4593
f 3185/4951/4594 3181/4949/4594 1390/4948/4594
f 3186/4952/4595 3181/4953/4595 3185/4954/4595
f 3187/4955/4596 3181/4953/4596 3186/4952/4596
f 1388/1834/4597 3182/4942/4597 3187/4944/4597
f 1403/1906/4598 3179/1822/4598 1391/1821/4598 3183/4945/4598
f 1403/1906/4599 3183/4945/4599 1423/4916/4599
f 3183/4945/4600 3182/4942/4600 1423/4916/4600
f 1391/4956/4601 1401/4933/4601 1390/1828/4601 3184/4957/4601
f 3184/4947/4602 3183/4945/4602 1391/1821/4602
f 1389/1864/4603 153/1904/4603 1394/1871/4603 3186/4952/4603
f 1397/4912/4604 3185/4958/4604 1390/1828/4604
f 1389/4959/4605 3185/4958/4605 1397/4912/4605
f 1389/1864/4606 3186/4952/4606 3185/4954/4606
f 3180/1848/4607 3177/1835/4607 1388/1834/4607 3187/4944/4607
f 3180/4941/4608 3186/4952/4608 1394/1871/4608
f 3180/4941/4609 3187/4955/4609 3186/4952/4609
f 1324/1903/4610 1330/4940/4610 1331/1876/4610 1325/1901/4610
f 1347/4960/4611 1352/1888/4611 3191/1887/4611 3190/4961/4611
f 1331/1876/4612 1373/1874/4612 1325/1901/4612
f 1330/4940/4613 1324/1903/4613 1384/1895/4613
f 3189/1882/4614 3188/4962/4614 3196/1880/4614
f 3190/4961/4615 3188/4963/4615 3189/4964/4615
f 3191/1887/4616 3188/4963/4616 3190/4961/4616
f 3192/4965/4617 3188/4963/4617 3191/1887/4617
f 3193/1890/4618 3188/4963/4618 3192/4965/4618
f 3194/4966/4619 3188/4963/4619 3193/1890/4619
f 3195/1896/4620 3188/4962/4620 3194/4967/4620
f 3196/1880/4621 3188/4962/4621 3195/1896/4621
f 3189/1882/4622 3196/1880/4622 1335/1881/4622
f 3190/1884/4623 3189/4968/4623 1343/1885/4623
f 1359/1889/4624 1362/4924/4624 3192/4965/4624 3191/1887/4624
f 1362/4924/4625 1366/1891/4625 3193/1890/4625 3192/4965/4625
f 1370/4935/4626 1376/1894/4626 3194/1893/4626 3193/4969/4626
f 1387/1897/4627 1326/1799/4627 3196/1880/4627 3195/1896/4627
f 3195/4970/4628 3194/1893/4628 1384/1895/4628
f 1323/1902/4629 1325/1901/4629 1373/4971/4629 1379/1878/4629
f 1380/1900/4630 1386/1916/4630 3197/1898/4630
f 1385/1877/4631 3197/1898/4631 1379/1878/4631
f 3197/1898/4632 1386/1916/4632 1322/1797/4632 1328/1796/4632
f 1425/1872/4633 1394/1871/4633 153/1904/4633
f 3197/1898/4634 1328/1796/4634 1320/4911/4634
f 3197/1898/4635 1320/4911/4635 1383/1899/4635
f 1327/1800/4636 1323/1902/4636 1379/1878/4636 1383/1899/4636
f 1420/1836/4637 1404/1929/4637 1410/1914/4637 1428/1814/4637
f 1403/1906/4638 1423/1810/4638 1429/1812/4638
f 1424/1854/4639 1408/1907/4639 1419/1909/4639
f 1424/1854/4640 1429/1812/4640 1408/1907/4640
f 1408/1915/4641 1410/1914/4641 1392/1911/4641
f 1393/1913/4642 1409/1912/4642 1380/1900/4642
f 1411/1917/4643 1425/1872/4643 1414/1866/4643
f 1336/1804/4644 1411/1917/4644 1406/1825/4644
f 1411/1917/4645 1404/1919/4645 1425/1872/4645
f 1395/4972/4646 1405/1918/4646 1411/1917/4646
f 1404/1919/4647 1412/1870/4647 1425/1872/4647
f 1332/1806/4648 1395/4972/4648 1411/1917/4648
f 1398/1920/4649 1426/1867/4649 1430/1793/4649
f 1399/1935/4650 1398/1920/4650 1413/1921/4650
f 1402/1924/4651 1416/4973/4651 1415/1925/4651
f 1402/1924/4652 1417/1862/4652 1416/4973/4652
f 3199/1802/4653 1424/1854/4653 1372/1868/4653
f 1372/1868/4654 1419/1909/4654 1378/1873/4654
f 1322/1797/4655 1409/1912/4655 1395/1927/4655
f 1404/1929/4656 1420/1836/4656 1412/1849/4656
f 1406/1825/4657 1414/1866/4657 1426/4938/4657
f 1406/1825/4658 1426/4938/4658 1398/1928/4658
f 1340/1824/4659 1406/1825/4659 1399/1922/4659
f 1392/1911/4660 1410/1914/4660 1404/1929/4660
f 1409/1912/4661 1392/1911/4661 1405/1926/4661
f 1448/1966/4662 1511/1965/4662 1503/2083/4662 1452/4974/4662
f 3200/1930/4663 1413/1921/4663 1402/1924/4663
f 1413/1921/4664 1430/1793/4664 1402/1924/4664
f 3200/1930/4665 1415/1925/4665 1356/1843/4665
f 1416/1932/4666 3199/1802/4666 1407/1931/4666
f 1419/1909/4667 1393/1908/4667 1380/1910/4667
f 1429/1815/4668 1428/1814/4668 1408/1915/4668
f 1345/1845/4669 1399/1935/1405 3200/1930/1407
f 1502/4975/4670 1527/1937/4670 1501/1936/4670
f 1536/1939/4671 1501/1936/4671 1528/1938/4671
f 1438/1941/4672 1441/4976/4672 1436/1942/4672
f 1490/1945/4673 1431/1944/4673 1487/1946/4673
f 1529/4977/4674 158/2069/4674 3219/1962/4674
f 1437/1954/4675 1448/1966/4675 1473/1975/4675
f 1441/1956/4676 1511/1965/4676 1437/1954/4676
f 1431/1955/4677 1437/1954/4677 1482/1969/4677
f 1505/1973/4678 3202/1972/4678 1504/1950/4678
f 1504/1950/4679 3202/1972/4679 3222/1951/4679
f 1448/1966/4680 1452/4974/4680 1445/1974/4680
f 1449/1990/4681 1445/1974/4681 1452/4974/4681 1456/4978/4681
f 1478/1967/4682 1473/1975/4682 1472/1976/4682
f 1437/1954/4683 1473/1975/4683 1478/1967/4683
f 1447/1970/4684 1472/1976/4684 1451/1981/4684
f 1528/1938/4685 1527/1937/4685 1525/1978/4685
f 1502/4975/4686 1497/1977/4686 1527/1937/4686
f 1452/4974/4687 1503/2083/4687 1520/2085/4687 1456/4978/4687
f 1453/1996/4688 1449/2001/4688 1456/1986/4688 1461/1992/4688
f 1473/1975/4689 1468/1979/4689 1472/1976/4689
f 155/2022/4690 1470/2012/4690 1475/2011/4690 156/2017/4690
f 1458/1985/4691 1461/1992/4691 1456/1986/4691
f 1522/2025/4692 157/2066/4692 1496/2023/4692
f 1461/1992/4693 1466/1993/4693 1465/1994/4693
f 1526/1984/1457 3201/1983/4694 3203/2002/1458
f 1466/1993/4695 155/2005/4695 1465/1994/4695
f 1462/1991/4696 1467/2006/4696 1466/1993/4696
f 3202/1972/4697 1509/2070/4697 1530/2009/4697
f 1480/2016/4698 1475/2011/4698 1471/2010/4698 1477/2029/4698
f 1467/2006/4699 1471/2096/4699 1470/2004/4699
f 1457/1995/4700 155/2005/4700 1450/2013/4700
f 1528/1938/4701 1525/1978/4701 1504/4979/4701
f 1525/1978/4702 1497/1977/4702 1505/4980/4702
f 1504/4979/4703 1525/1978/4703 1505/4980/4703
f 1528/1938/4704 1504/4979/4704 1524/2015/4704
f 1495/1982/4705 158/2069/4705 1529/4977/4705 3205/4981/4705
f 1480/2016/4706 1443/2030/4706 156/2017/4706
f 155/2022/4707 156/2017/4707 1446/2018/4707
f 1501/2024/4708 1496/2023/4708 1502/4982/4708
f 1532/2092/4709 1522/2025/4709 1501/2024/4709
f 1477/2029/4710 1476/2028/4710 1480/2016/4710
f 1446/2018/4711 1443/2030/4711 1442/2031/4711
f 1479/2021/4712 1442/2031/4712 1483/2038/4712
f 1519/2032/4713 3203/4983/4713 1500/2033/4713
f 1484/2027/4714 1486/4984/4714 1489/2035/4714
f 1489/2035/4715 1481/2044/4715 1476/2028/4715
f 1443/2030/4716 1439/2036/4716 1442/2031/4716
f 1476/2028/4717 1439/2036/4717 1443/2030/4717
f 3205/4981/4718 3204/4985/4718 3210/4986/4718
f 3206/4987/4719 3204/4988/4719 3205/4989/4719
f 3207/4990/4720 3204/4988/4720 3206/4987/4720
f 1497/4991/4721 3204/4992/4721 3207/4993/4721
f 3208/4994/4722 3204/4992/4722 1497/4991/4722
f 3209/4995/4723 3204/4992/4723 3208/4994/4723
f 3210/4996/4724 3204/4997/4724 3209/4998/4724
f 1495/1982/4725 3205/4981/4725 3210/4986/4725
f 1509/2070/4726 3202/1972/4726 1498/1971/4726 3206/4987/4726
f 1509/2070/4727 3206/4987/4727 1529/1959/4727
f 3206/4987/4728 3205/4989/4728 1529/1959/4728
f 1498/4999/4729 1505/4980/4729 1497/1977/4729 3207/5000/4729
f 3207/4990/4730 3206/4987/4730 1498/1971/4730
f 1496/2023/4731 157/2066/4731 1500/2033/4731 3209/4998/4731
f 1502/5001/4732 3208/4994/4732 1497/4991/4732
f 1496/2023/4733 3208/5002/4733 1502/4982/4733
f 1496/2023/4734 3209/4998/4734 3208/5002/4734
f 3203/2002/4735 3201/1983/4735 1495/1982/4735 3210/4986/4735
f 3203/4983/4736 3209/4998/4736 1500/2033/4736
f 3203/4983/4737 3210/4996/4737 3209/4998/4737
f 1486/4984/4738 1484/2027/4738 3220/2073/4738 1515/5003/4738
f 1492/2040/4739 1485/2068/4739 1481/2042/4739
f 1439/2036/4740 1481/2044/4740 1433/2043/4740
f 1488/2037/4741 1433/2043/4741 1494/2062/4741
f 3212/5004/4742 3211/5005/4742 3218/5006/4742
f 3213/2050/4743 3211/5005/4743 3212/5004/4743
f 3214/2055/4744 3211/5005/4744 3213/2050/4744
f 3215/2058/4745 3211/5005/4745 3214/2055/4745
f 3216/5007/4746 3211/5005/4746 3215/2058/4746
f 3217/5008/4747 3211/5005/4747 3216/5007/4747
f 3218/2045/4748 3211/5009/4748 3217/2063/4748
f 1444/1968/4749 3212/2049/4749 3218/5010/4749
f 1451/2051/4750 3213/2050/4750 3212/5004/4750
f 1464/2054/4751 3214/2055/4751 3213/2050/4751
f 1474/2057/4752 3215/2058/4752 3214/2055/4752
f 1483/2038/4753 3216/2061/4753 3215/5011/4753
f 1494/2064/4754 3217/2063/4754 3216/5012/4754
f 1434/1947/4755 3218/2045/4755 3217/2063/4755
f 1492/2040/1516 1490/1945/1515 1485/2068/4756
f 1486/2039/1511 1493/1943/4757 1491/2065/1512
f 1481/2042/4758 1432/2067/4758 1433/5013/4758
f 1481/2042/4759 1485/2068/4759 1432/2067/4759
f 1433/5013/4760 1432/2067/4760 1494/2064/4760
f 1531/2034/4761 1500/2033/4761 157/2066/4761
f 1493/1943/4762 1436/1942/4762 1491/2065/4762
f 1485/2068/4763 1435/1948/4763 1432/2067/4763
f 1509/2070/4764 1529/1959/4764 1535/1961/4764
f 1530/2009/4765 1513/2071/4765 3220/2073/4765
f 1530/2009/4766 1535/1961/4766 1513/2071/4766
f 3220/2073/4767 1514/2072/4767 1515/5003/4767
f 1650/5014/4768 20/5015/4768 293/2107/4768 3225/2106/4768
f 1514/2076/4769 1516/2075/4769 1499/2078/4769
f 1513/2074/4770 1517/2077/4770 1516/2075/4770
f 1511/1965/1529 1531/2034/1530 1522/2025/1530
f 1441/1956/4771 1518/2079/4771 1511/1965/4771
f 1518/2079/4772 1510/2081/4772 1531/2034/4772
f 1510/2081/4773 1519/2032/4773 1531/2034/4773
f 1521/2097/4774 1532/2026/4774 1536/1939/4774
f 1506/2086/4775 1524/2015/4775 1507/2087/4775
f 1508/2089/4776 1523/2088/4776 1467/2006/4776
f 3222/1951/4777 1530/2009/4777 3220/2073/4777
f 3222/1951/4778 3220/2073/4778 1477/2029/4778
f 1510/2091/4779 1526/1984/4779 1519/2003/4779
f 1438/1941/4780 3221/2090/4780 1518/5016/4780
f 1511/1965/4781 1522/2025/4781 1532/2092/4781
f 1503/2083/4782 1511/1965/4782 1521/2084/4782
f 1516/2075/4783 1517/2077/4783 1510/2091/4783
f 1517/2077/4784 1534/1963/4784 1526/1984/4784
f 1493/1943/4785 1499/2078/4785 3221/2090/4785
f 1512/2093/4786 1536/1939/4786 1506/2086/4786
f 1512/2093/4787 1507/2087/4787 1508/2089/4787
f 1523/2094/4788 3222/1951/4788 1471/2010/4788
f 1535/1964/4789 1534/1963/4789 1513/2074/4789
f 1515/2095/4790 1499/2078/4790 1486/2039/4790
f 1458/1985/4791 1521/2097/4791 1512/2093/4791
f 1017/1312/4792 3223/73/4792 1574/70/4792
f 1017/1312/4793 1018/1311/4793 3223/73/4793
f 3223/73/4794 321/71/4794 1574/70/4794
f 1573/2103/4795 3224/2102/4795 1572/5017/4795
f 1623/1321/4796 161/2177/4796 1609/1322/4796
f 3229/2112/4797 3228/2111/4797 3226/5018/4797 3227/2118/4797
f 3226/2115/4798 498/477/4798 500/476/4798 507/510/4798
f 1569/2124/4799 3229/2112/4799 3227/2118/4799 51/2117/4799
f 497/475/4800 2978/474/4800 3228/2109/4800 3230/2110/4800
f 3230/2110/4801 1579/1290/4801 497/475/4801
f 3228/5019/4802 2978/471/4802 498/477/4802 3226/2115/4802
f 3232/2122/4803 3231/5020/4803 1566/2119/4803 1580/2120/4803
f 51/2117/4804 3231/5020/4804 3232/2122/4804 1569/2124/4804
f 1581/2121/4805 3108/2123/4805 3232/2122/4805
f 3231/5020/4806 51/2117/4806 511/506/4806 1566/2119/4806
f 3234/5021/4807 489/4445/4807 488/2125/4807 3233/123/4807
f 1580/2120/4808 1566/2119/4808 489/4445/4808 3234/5021/4808
f 3235/2130/4809 479/442/4809 476/4436/4809 475/4303/4809
f 43/451/4810 166/124/4810 488/2125/4810
f 483/2141/4811 479/442/4811 3235/2130/4811 1564/1269/4811
f 3237/1302/4812 470/4426/4812 467/4427/4812 3236/4783/4812
f 403/2140/4813 402/282/4813 420/4381/4813 442/2139/4813
f 470/4426/4814 3237/1302/4814 474/2131/4814
f 463/395/4815 3238/2133/4815 3239/1275/4815
f 3239/1275/4816 1562/2134/4816 464/2132/4816
f 456/372/4817 3240/357/4817 3241/254/4817
f 3241/254/4818 3247/2137/4818 457/2135/4818
f 431/269/4819 506/465/4819 33/217/4819
f 506/465/1582 2932/320/4820 2935/313/1583
f 421/324/4821 442/2139/4821 420/4381/4821
f 442/2139/4822 421/324/4822 430/323/4822 425/2138/4822
f 415/2143/4823 416/2142/4823 483/2141/4823 1564/1269/4823
f 403/2140/4824 441/397/4824 36/399/4824
f 417/5022/4825 38/444/4825 482/443/4825 416/2142/4825
f 495/2148/4826 40/349/4826 1648/2180/4826 1583/2147/4826
f 415/2143/4827 3099/1266/4827 1589/4770/4827
f 1583/2147/4828 1584/2144/4828 494/2146/4828
f 1585/2145/4829 1635/4442/4829 46/463/4829
f 494/2146/4830 1585/2145/4830 46/463/4830
f 37/2150/4831 3243/2149/4831 3242/5023/4831 1628/2183/4831
f 1628/2183/4832 3242/5023/4832 1591/4374/4832 1558/4373/4832
f 1640/4355/4833 1591/4377/4833 3242/5024/4833
f 3243/5025/4834 32/265/4834 1640/4355/4834 3242/5024/4834
f 32/265/4835 3243/5025/4835 1557/266/4835
f 1625/4358/4836 1592/2153/4836 3245/286/4836 2924/283/4836
f 3244/2152/4837 3245/286/4837 1592/2153/4837
f 473/417/4838 3244/2152/4838 396/418/4838
f 474/2131/4839 1645/287/4839 3245/286/4839
f 492/2156/4840 491/5026/4840 3246/2154/4840 46/463/4840
f 490/445/4841 3246/5027/4841 491/446/4841
f 490/445/4842 422/464/4842 40/4387/4842 495/5028/4842
f 495/2148/4843 494/2146/4843 3246/2154/4843
f 492/2156/4844 2974/459/4844 47/5029/4844
f 1555/378/4845 374/210/4845 383/278/4845 31/376/4845
f 411/281/4846 382/279/4846 25/209/4846
f 382/279/4847 383/278/4847 374/210/4847
f 1598/5030/4848 378/5031/4848 3247/2137/4848 1595/5032/4848
f 374/210/4849 1555/378/4849 24/4340/4849
f 366/5033/4850 367/129/4850 365/126/4850 3249/5034/4850
f 27/374/4851 3247/2137/4851 378/5031/4851
f 3247/2137/4852 1641/253/4852 3097/4766/4852
f 3247/2137/4853 3097/4766/4853 1595/5032/4853
f 397/2159/4854 3248/2158/4854 461/5035/4854
f 398/4356/4855 36/399/4855 397/2159/4855
f 461/4400/1608 462/132/1607 1632/131/4856
f 3251/2167/4857 1572/5017/4857 136/5036/4857 1000/5037/4857
f 3249/2166/4858 2934/307/4858 366/311/4858
f 362/198/4859 3250/5038/4859 1552/207/4859
f 362/4335/4860 23/4334/4860 3250/5039/4860
f 3250/5040/4861 23/5041/4861 1649/5042/4861
f 3250/5038/4862 3098/1263/4862 1552/207/4862
f 1011/289/4863 25/209/4863 336/87/4863
f 3252/2171/4864 1000/2170/4864 21/4293/4864 1549/5043/4864
f 2929/292/4865 3252/5044/4865 1549/4339/4865 1639/293/4865
f 2927/4363/4866 3253/2168/4866 3252/2169/4866 2929/4360/4866
f 2927/4363/4867 2926/2173/4867 1573/2103/4867 3253/2168/4867
f 370/5045/4868 1019/1316/4868 1548/1315/4868 3254/5046/4868
f 1572/5017/4869 3251/2167/4869 1573/2103/4869
f 336/87/4107 433/30/3356 1011/289/4870
f 3254/2174/4871 1548/5047/4871 1650/5014/4871 3225/2106/4871
f 371/2175/4872 3254/2174/4872 3225/2106/4872 1603/2108/4872
f 438/348/4873 439/2181/4873 1587/342/4873 1588/2179/4873
f 10/194/4874 1651/501/4874 161/2177/4874
f 1651/501/4875 3260/500/1632 161/2177/1631
f 3255/2178/4876 1587/342/4876 439/2181/4876
f 3255/2178/4877 1628/2183/4877 1558/4373/4877 1586/341/4877
f 1606/2188/4878 306/5048/4878 3256/2185/4878 3257/2186/4878
f 438/348/4879 1648/2180/4879 40/349/4879
f 37/2150/4880 3255/2178/4880 440/2182/4880
f 306/5048/4881 12/5049/4881 464/5050/4881 3256/2185/4881
f 3256/2185/4882 1562/1247/4882 3257/2186/4882
f 329/205/4883 300/5051/4883 292/2194/4883 363/203/4883
f 1606/5052/4884 3090/5053/4884 2950/5054/4884
f 3260/500/4885 1649/499/4885 23/2189/4885
f 1620/2190/4886 1607/223/4886 3258/2191/4886
f 3258/2191/4887 2933/226/4887 2902/310/4887
f 1545/51/1628 3258/2191/1627 364/2192/4888
f 3261/1323/4889 3259/2193/4889 292/2194/4889
f 3259/2193/4890 3260/500/4890 292/2194/4890
f 282/37/4891 1567/95/4891 502/65/4891 361/40/4891
f 1567/95/4892 311/4289/4892 346/1279/4892 502/65/4892
f 2874/27/4893 1638/26/4893 1608/2195/4893 1619/50/4893
f 346/1279/4894 134/63/4894 502/65/4894
f 3261/1323/4895 375/2196/4895 376/2198/4895 1542/1297/4895
f 2874/27/1640 8/52/1639 6/75/4896
f 3259/2193/4897 3261/1323/4897 1609/1322/4897 161/2177/4897
f 3263/1298/4898 278/2197/4898 277/4270/4898 3262/1300/4898
f 375/2196/4899 292/2194/4899 300/5051/4899
f 3262/1300/4900 277/4270/4900 5/4273/4900 1539/5055/4900
f 278/2197/4901 3263/1298/4901 1542/1297/4901
f 3264/2201/4902 1546/5056/4902 1547/2199/4902 351/3/4902
f 1539/5055/4903 1622/4781/4128 3262/1300/4130
f 3/4264/4904 267/1309/4904 3264/5057/4904 350/4265/4904
f 267/1309/4905 268/1308/4905 1546/2209/4905 3264/5057/4905
f 3109/4784/4906 3265/2203/4906 1538/4328/4906 1637/93/4906
f 1537/2202/4907 1538/4328/4907 3265/2203/4907
f 1622/4781/4908 1539/5055/4908 3265/2203/4908 3109/4784/4908
f 1539/5055/4909 5/4273/4909 269/2204/4909 3265/2203/4909
f 289/185/4910 1543/2205/4910 8/4310/4910 1545/4321/4910
f 270/4329/4911 1537/2202/4911 269/2204/4911
f 1543/2205/4912 289/185/4912 341/2206/4912
f 337/4342/4913 3266/5058/4913 287/91/4913 288/4283/4913
f 341/2206/4914 289/185/4914 20/184/4914
f 2893/154/4915 341/2206/4915 340/160/4915
f 1547/2199/4916 3266/2208/4916 299/2211/4916
f 3266/2208/4917 337/2210/4917 299/2211/4917
f 286/92/4918 287/91/4918 3266/5058/4918
f 1716/5059/4919 1703/2292/4919 1698/2262/4919 1715/2269/4919
f 288/4283/4920 11/4287/4920 337/4342/4920
f 1546/5056/4921 286/2207/1649 1547/2199/1651
f 3267/2213/4922 3268/2212/4922 458/366/4922
f 3268/2212/4923 459/1246/4923 1561/4755/4923
f 3268/2212/4924 1561/4755/4924 1560/1273/4924
f 458/366/1660 1560/1273/1659 1629/363/4925
f 1715/2269/4926 1709/2301/4926 1716/5059/4926
f 1681/2264/4927 1665/2215/4927 170/2249/4927 171/2260/4927
f 1716/5059/4928 1709/2301/4928 1732/2303/4928
f 1664/2216/4929 1698/2262/4929 1703/2292/4929
f 3270/2217/4930 1664/2216/4930 1703/2292/4930
f 1669/2220/4931 168/2219/4931 1668/2316/4931
f 1670/2228/4932 1668/2316/4932 168/2219/4932
f 1668/2316/4933 1670/2228/4933 1706/2255/4933
f 1666/2257/4934 1717/2221/4934 1724/2223/4934
f 1722/2222/4935 1710/2285/4935 1733/2230/4935
f 1700/2226/4936 1691/2225/4936 1690/5060/4936
f 1700/2226/4937 1690/5060/4937 1718/2251/4937
f 1718/2319/4938 1690/2258/4938 1724/2223/4938
f 1672/2227/4939 168/2219/4939 3269/5061/4939
f 168/2219/4940 169/5062/4940 3269/5061/4940
f 1723/2229/4941 1722/2222/4941 1733/2230/4941
f 169/5063/4942 1678/2250/4942 3269/2236/4942
f 1674/2237/4943 3269/2236/4943 1678/2250/4943
f 1713/2242/4944 1711/2240/4944 1731/2243/4944
f 1712/2241/4945 1711/2240/4945 1713/2242/4945
f 1687/2274/4946 1689/2276/4946 1686/2248/4946
f 1689/2276/4947 1676/2245/4947 1686/2248/4947
f 1663/2247/4948 1675/2246/4948 176/2279/4948
f 1674/2237/4949 1665/2215/4949 3270/2217/4949
f 1708/2253/4950 1721/2252/4950 1707/2328/4950
f 1694/2254/4951 1671/2272/4951 1690/5064/4951
f 1664/2216/4952 1665/2215/4952 1681/2264/4952 1680/2287/4952
f 1703/2292/4953 1716/5059/4953 1717/5065/4953
f 1687/2274/4954 1684/5066/4954 172/5067/4954 1688/5068/4954
f 1680/2287/4955 1679/2261/4955 1664/2216/4955
f 171/2260/4956 172/2266/4956 1684/2263/4956
f 1715/2269/4957 1720/2268/4957 1709/2301/4957
f 1698/2262/4958 1719/2267/4958 1715/2269/4958
f 1670/2228/4959 1685/2271/4959 1694/2254/4959
f 1671/2256/4960 1703/2283/1697 1666/2257/1699
f 2100/2893/4961 3271/2892/4961 2105/2889/4961 2118/5069/4961
f 1684/5066/4962 1687/2274/4962 1686/2248/4962
f 176/5070/4963 1682/2239/4963 1712/2241/4963
f 1688/5068/4964 173/2275/4964 1687/2274/4964
f 1711/2277/4965 1718/2251/4965 1708/2253/4965
f 1676/2245/4966 1701/2282/4966 1675/2246/4966
f 173/2275/4967 1692/2280/4967 1689/2276/4967
f 173/2275/4968 1695/5071/4968 1692/2280/4968
f 1701/2282/4969 1689/2276/4969 1693/2281/4969
f 1717/2221/4970 1716/2284/4970 1722/2222/4970
f 1716/2284/4971 1732/5072/4971 1710/2285/4971
f 1681/2264/4972 1684/2263/4972 1680/2287/4972
f 1679/2261/4973 176/2270/4973 1698/2262/4973
f 1696/2288/4974 1692/2280/4974 1699/5073/4974
f 1672/2238/4975 3270/2217/4975 1685/2293/4975
f 1685/2293/4976 1703/2292/4976 1671/5074/4976
f 2105/2889/4977 2119/2921/4977 2118/5069/4977
f 2113/2891/4978 2119/2921/4978 2105/2889/4978
f 1720/5075/4979 1719/5076/4979 1713/2242/4979 1714/2244/4979
f 1712/2241/4980 1713/2242/4980 1719/5076/4980
f 1677/5077/4981 1675/2246/4981 1701/2282/4981 174/5078/4981
f 176/5070/4982 1712/2241/4982 1719/5076/4982
f 2055/2298/4983 2058/2300/4983 2057/2296/4983
f 2056/2297/4984 2057/2296/4984 2059/3511/4984
f 1697/2273/4985 1702/2224/4985 1700/2226/4985
f 2090/2917/4986 3271/2892/4986 2074/2887/4986
f 2086/5079/4987 3271/2892/4988 2090/2917/4989
f 2126/2305/4990 2120/2309/4990 2121/2306/4990
f 2127/2307/4991 2121/2306/4991 1904/2883/4991
f 1682/5080/4992 1677/2234/4992 1711/2277/4992
f 1702/2317/4993 1704/2311/4993 175/2313/4993
f 1686/2248/4994 1663/2247/4994 1679/2314/4994
f 1702/2317/4995 1668/2316/4995 1691/2294/4995
f 175/2313/4996 1667/2218/4996 1669/2220/4996
f 1739/2326/4997 1710/2285/4997 1732/5072/4997 1738/5081/4997
f 1696/2288/4998 174/5078/4998 1701/2282/4998
f 1675/2246/4999 1677/5077/4999 1682/2278/4999
f 1721/2318/5000 1724/2223/5000 1723/2229/5000
f 1731/2310/5001 1708/2253/5001 1727/2323/5001
f 1740/2335/5002 1743/2336/5002 1726/2322/5002 3274/2333/5002
f 1714/2244/5003 1731/2243/5003 1728/2325/5003
f 1720/5075/5004 1714/2244/5004 1728/2325/5004
f 1720/5075/5005 1728/2325/5005 1729/2350/5005
f 1720/5075/5006 1729/2350/5006 1730/2351/5006
f 1708/2253/5007 1707/2328/5007 1746/2330/5007
f 1735/2358/5008 1748/2364/5008 3274/2333/5008
f 3274/2333/5009 1748/2364/5009 1756/2366/5009
f 3272/2348/5010 1729/2350/5010 1728/2325/5010 1741/2346/5010
f 1738/2304/5011 1737/2302/5011 1742/2337/5011
f 1742/2337/5012 1737/2302/5012 1755/2321/5012
f 1728/2325/5013 1727/2324/5013 1741/2346/5013
f 1740/2344/5014 1736/2371/1757 177/2352/1759
f 1742/5082/5015 1744/5083/5015 1725/2327/5015 1739/2326/5015
f 3273/2345/5016 1740/2344/5016 177/2352/5016
f 1744/2357/5017 3274/2333/5017 1746/2330/5017 1725/5084/5017
f 3272/2348/5018 1743/2347/5018 1745/5085/5018
f 1745/5086/5019 1743/2343/5019 3273/2345/5019
f 1744/2349/5020 1734/2342/5020 1735/2375/5020
f 1730/2331/5021 3272/2356/5021 1737/2302/5021
f 1752/2378/5022 1753/5087/5022 1755/2321/5022 1760/2320/5022
f 1737/2302/5023 1745/2354/5023 1760/2320/5023
f 1726/2322/5024 1746/2330/5024 3274/2333/5024
f 1751/2377/5025 3275/5088/5025 1753/5087/5025
f 1749/2369/5026 3275/5089/5026 1751/2373/5026
f 3276/2362/5027 3275/5090/5027 1749/2363/5027
f 3275/2359/5028 3276/5091/5028 1747/2360/5028
f 1753/5092/5029 3275/2359/5029 1754/2361/5029
f 1751/2377/5030 1753/5087/5030 1752/2378/5030
f 1750/2370/5031 1749/2369/5031 1751/2373/5031
f 1818/5093/5032 1801/2449/5032 1795/2426/5032 1817/2434/5032
f 3274/2333/5033 1756/2366/5033 1736/2334/5033
f 1755/2321/5034 1753/5087/5034 1754/2367/5034
f 1736/2371/5035 1756/2368/5035 1750/2370/5035
f 1758/2372/5036 1736/2371/5036 1750/2370/5036
f 1734/2342/5037 1754/2361/5037 1747/2360/5037
f 1734/2342/5038 1757/2341/5038 1754/2361/5038
f 1760/2320/5039 1759/2376/5039 1752/2378/5039
f 1760/2353/1747 177/2352/1746 1759/2374/5040
f 1735/2358/5041 1747/2365/5041 1748/2364/5041
f 1817/2434/5042 1810/2455/5042 1818/5093/5042
f 1780/2428/5043 1763/2379/5043 180/2415/5043 181/2424/5043
f 1818/5093/5044 1810/2455/5044 1834/2457/5044
f 1762/2380/5045 1795/2426/5045 1801/2449/5045
f 3278/2381/5046 1762/2380/5046 1801/2449/5046
f 1764/2444/5047 1819/2388/5047 1826/2390/5047
f 1824/2389/5048 1811/2446/5048 1835/2395/5048
f 1798/2393/5049 1789/2392/5049 1765/2451/5049
f 1803/2464/5050 1806/2391/5050 1798/2393/5050
f 1772/2439/5051 1769/2384/5051 3277/5094/5051
f 178/2383/5052 3277/5094/5052 1769/2384/5052
f 178/2383/5053 179/5095/5053 3277/5094/5053
f 1769/2384/5054 1772/2439/5054 1771/2387/5054
f 1765/2451/5055 1764/2421/5055 1826/5096/5055
f 1825/2394/5056 1824/2389/5056 1835/2395/5056
f 1793/2470/5057 1773/2397/5057 1800/2399/5057
f 179/5097/5058 1777/2416/5058 3277/2402/5058
f 1774/2403/5059 3277/2402/5059 1777/2416/5059
f 1815/2408/5060 1813/5098/5060 1833/2409/5060
f 1814/5099/5061 1813/5098/5061 1815/2408/5061
f 1786/5100/5062 1788/2441/5062 1785/2414/5062
f 1788/2441/5063 1776/2411/5063 1785/2414/5063
f 1761/2413/5064 1775/2412/5064 186/2435/5064
f 1774/2403/5065 1763/2379/5065 3278/2381/5065
f 1809/2419/5066 1823/2418/5066 1808/2473/5066
f 1771/2387/5067 1792/2422/5067 1789/2392/5067
f 1767/2385/5068 1771/2387/5068 1789/2392/5068
f 1762/2380/5069 1763/2379/5069 1780/2428/5069 1779/5101/5069
f 1801/2449/5070 1818/5093/5070 1819/5102/5070
f 1786/5100/5071 1783/2447/5071 182/5103/5071 1787/5104/5071
f 1779/5101/5072 1778/2425/5072 1762/2380/5072
f 181/2424/5073 182/5105/5073 1783/2427/5073
f 1817/2434/5074 1822/2433/5074 1810/2455/5074
f 1795/2426/5075 1821/2432/5075 1817/2434/5075
f 1770/2420/5076 1801/5106/1801 1764/2421/1803
f 1788/2441/5077 1786/5100/5077 1787/5104/5077 1790/5107/5077
f 1783/2447/5078 1786/5100/5078 1785/2414/5078
f 186/2435/5079 1781/2405/5079 1814/2407/5079
f 1773/2397/5080 1820/2417/5080 1804/2398/5080
f 183/5108/5081 1791/5109/5081 1788/2441/5081 1790/5107/5081
f 1812/2400/5082 1820/2417/5082 1809/2419/5082
f 1776/2411/5083 1800/2442/5083 1775/2412/5083
f 1796/5110/5084 1793/2470/5084 1791/2471/5084 183/5111/5084
f 1800/2442/1800 1788/2441/1799 1791/5109/5085
f 1819/2388/5086 1818/2445/5086 1824/2389/5086
f 1818/2445/5087 1834/5112/5087 1811/2446/5087
f 1780/2428/5088 1783/2427/5088 1779/5101/5088
f 1778/2468/5089 186/2435/5089 1795/2437/5089
f 184/5113/5090 1797/2452/5090 1793/2470/5090 1796/5110/5090
f 1772/2404/5091 3278/2381/5091 1784/2450/5091
f 1784/2450/5092 1801/2449/5092 1770/5114/5092
f 1822/5115/5093 1821/5116/5093 1815/2408/5093 1816/2410/5093
f 1773/2397/5094 1793/2470/5094 1797/2452/5094
f 1814/5099/5095 1815/2408/5095 1821/5116/5095
f 179/5095/5096 178/2383/5096 1766/2386/5096 3286/5117/5096
f 186/2435/5097 1814/2407/5097 1821/2436/5097
f 1806/2391/5098 1767/2385/5098 1789/2392/5098
f 1765/2451/5099 1792/2422/5099 1764/2421/5099
f 1797/2452/5100 184/5113/5100 1802/2453/5100
f 1794/2440/1811 1797/2452/1810 1799/2454/5101
f 1794/2440/5102 1798/2460/5102 1820/2417/5102
f 1802/2453/5103 185/2462/5103 1799/2454/5103
f 3280/5118/5104 3279/5119/5104 3286/5120/5104
f 3281/5121/5105 3279/5119/5105 3280/5118/5105
f 3282/5122/5106 3279/5119/5106 3281/5121/5106
f 3283/5123/5107 3279/5119/5107 3282/5122/5107
f 3284/5124/5108 3279/5119/5108 3283/5123/5108
f 3285/5125/5109 3279/5119/5109 3284/5124/5109
f 3286/5120/5110 3279/5119/5110 3285/5125/5110
f 1807/5126/5111 185/5127/5111 1802/5128/5111 3280/5118/5111
f 1807/2466/5112 3286/5129/5112 1766/2386/5112
f 1807/5126/5113 3280/5118/5113 3286/5120/5113
f 1802/5128/5114 184/5130/5114 1796/5131/5114 3281/5121/5114
f 1802/5128/5115 3281/5121/5115 3280/5118/5115
f 1796/5131/5116 183/5132/5116 1790/5133/5116 3282/5122/5116
f 1796/5131/5117 3282/5122/5117 3281/5121/5117
f 1787/5134/5118 182/5135/5118 1782/5136/5118 3284/5124/5118
f 1790/5133/5119 3283/5123/5119 3282/5122/5119
f 1787/5137/5120 3283/5123/5120 1790/5133/5120
f 1787/5134/5121 3284/5124/5121 3283/5123/5121
f 1782/2423/5122 180/2415/5122 1777/2416/5122 3285/5138/5122
f 1782/5139/5123 3285/5125/5123 3284/5124/5123
f 1809/2419/5124 1833/5140/5124 1813/2463/5124 1812/2400/5124
f 1777/5141/5125 3286/5120/5125 3285/5125/5125
f 179/5142/5126 3286/5120/5126 1777/5141/5126
f 1826/5143/5127 1823/2418/5127 1820/2417/5127 1765/5144/5127
f 185/2467/5128 1805/2465/5128 1803/2464/5128
f 1785/2414/5129 1761/2413/5129 1778/2468/5129
f 1805/2465/5130 1768/2382/5130 1767/2385/5130
f 1768/2382/5131 1807/2466/5131 1766/2386/5131
f 1775/2412/5132 1804/2469/5132 1781/2405/5132
f 1823/2418/5133 1826/5143/5133 1825/2472/5133
f 1841/2480/5134 1811/2446/5134 1834/5112/5134 1840/5145/5134
f 1833/5140/5135 1809/2419/5135 1829/2477/5135
f 1842/2488/5136 1845/2489/5136 1828/2476/5136 3289/2486/5136
f 1816/2410/5137 1833/2409/5137 1830/2479/5137
f 1822/5115/5138 1816/2410/5138 1830/2479/5138
f 1822/5115/5139 1830/2479/5139 1831/2502/5139
f 1822/5115/5140 1831/2502/5140 1832/2504/5140
f 1809/2419/5141 1808/2473/5141 1848/2483/5141
f 1837/2511/5142 1851/2523/5142 3289/2486/5142
f 3289/2486/5143 1851/2523/5143 1858/2525/5143
f 3287/2503/5144 1831/2502/5144 1830/2479/5144 1843/5146/5144
f 1840/2458/5145 1839/2456/5145 1844/2490/5145
f 1844/2490/5146 1839/2456/5146 1857/2475/5146
f 1830/2479/5147 1829/2478/5147 1843/5146/5147
f 1842/2497/5148 1838/2528/1862 187/2505/1864
f 1844/5147/5149 1846/5148/5149 1827/2481/5149 1841/2480/5149
f 3288/2498/5150 1842/2497/5150 187/2505/5150
f 1846/2510/5151 3289/2486/5151 1848/2483/5151 1827/2482/5151
f 3287/2500/5152 1845/2496/5152 1847/5149/5152
f 1847/5149/5153 1845/2496/5153 3288/2498/5153
f 1846/2501/5154 1836/2495/5154 1837/2531/5154
f 1832/2484/5155 3287/2509/5155 1839/2456/5155
f 1856/2526/5156 1855/2516/5156 3290/2515/5156 3291/5150/5156
f 1839/2456/5157 1847/2507/5157 1862/2474/5157
f 1828/2476/5158 1848/2483/5158 3289/2486/5158
f 1850/2521/5159 3290/5151/5159 1852/2522/5159
f 3291/5152/5160 3290/5151/5160 1850/2521/5160
f 1918/5153/5161 1903/2610/5161 1898/2580/5161 1917/2587/5161
f 1852/2518/5162 3290/5154/5162 1854/2519/5162
f 1857/2475/5163 1862/2474/5163 1855/2516/5163
f 3289/2486/5164 1858/2525/5164 1838/2487/5164
f 1857/2475/5165 1855/2516/5165 1856/2526/5165
f 1838/2487/5166 1858/2525/5166 1853/5155/5166
f 1860/2529/5167 1838/2528/5167 1853/2520/5167
f 1836/2495/5168 1856/2514/5168 1849/2513/5168
f 1836/2495/5169 1859/2494/5169 1856/2514/5169
f 1837/2531/5170 1849/2513/5170 1850/2524/5170
f 1862/2474/5171 1861/2532/5171 1855/2516/5171
f 1862/2506/1850 187/2505/1849 1861/2530/5172
f 1837/2511/5173 1850/2521/5173 1851/2523/5173
f 1917/2587/5174 1911/2614/5174 1918/5153/5174
f 1881/2582/4927 1865/2533/4927 190/2567/4927 191/2578/4927
f 1918/5153/4928 1911/2614/4928 1935/2616/4928
f 1864/2534/4929 1898/2580/4929 1903/2610/4929
f 3293/2535/4930 1864/2534/4930 1903/2610/4930
f 1869/2538/4931 188/2537/4931 1868/2627/4931
f 1870/2546/4932 1868/2627/4932 188/2537/4932
f 1868/2627/5175 1870/2546/5175 1908/2573/5175
f 1866/2575/4934 1919/2539/4934 1927/2541/4934
f 1925/2540/5176 1912/2603/5176 1936/2548/5176
f 1900/2544/5177 1891/2543/5177 1890/5156/5177
f 1900/2544/4937 1890/5156/4937 1920/2569/4937
f 1920/2630/4938 1890/2576/4938 1927/2541/4938
f 1872/2545/4939 188/2537/4939 3292/5157/4939
f 188/2537/4940 189/5158/4940 3292/5157/4940
f 1926/2547/4941 1925/2540/4941 1936/2548/4941
f 189/5159/4942 1878/2568/4942 3292/2554/4942
f 1874/2555/4943 3292/2554/4943 1878/2568/4943
f 1915/2560/4944 1913/2558/4944 1934/2561/4944
f 1914/2559/4945 1913/2558/4945 1915/2560/4945
f 1887/2592/4946 1889/2594/4946 1886/2566/4946
f 1889/2594/4947 1876/2563/4947 1886/2566/4947
f 1863/2565/4948 1875/2564/4948 196/2597/4948
f 1874/2555/4949 1865/2533/4949 3293/2535/4949
f 1910/2571/4950 1924/2570/4950 1909/2638/4950
f 1894/2572/4951 1871/2590/4951 1890/5160/4951
f 1864/2534/4952 1865/2533/4952 1881/2582/4952 1880/2605/4952
f 1903/2610/4953 1918/5153/4953 1919/5161/4953
f 1911/2614/5178 1917/2587/5178 1922/2586/5178 1923/2636/5178
f 1880/2605/4955 1879/2579/4955 1864/2534/4955
f 191/2578/4956 192/2584/4956 1884/2581/4956
f 1887/2592/4954 1884/5162/4954 192/5163/4954 1888/5164/4954
f 1898/2580/5179 1921/2585/5179 1917/2587/5179
f 1870/2546/4959 1885/2589/4959 1894/2572/4959
f 1871/2574/4960 1903/2601/1697 1866/2575/1699
f 2093/2884/5180 2110/5165/5180 2104/5166/5180 3330/5167/5180
f 1884/5162/4962 1887/2592/4962 1886/2566/4962
f 196/5168/4963 1882/2557/4963 1914/2559/4963
f 1888/5164/4964 193/2593/4964 1887/2592/4964
f 1913/2595/4965 1920/2569/4965 1910/2571/4965
f 1876/2563/4966 1901/2600/4966 1875/2564/4966
f 193/2593/5181 1892/2598/5181 1889/2594/5181
f 193/2593/4968 1895/5169/4968 1892/2598/4968
f 1901/2600/4969 1889/2594/4969 1893/2599/4969
f 1919/2539/4970 1918/2602/4970 1925/2540/4970
f 1918/2602/4971 1935/5170/4971 1912/2603/4971
f 1881/2582/5182 1884/2581/5182 1880/2605/5182
f 1879/2579/4973 196/2588/4973 1898/2580/4973
f 1896/2606/4974 1892/2598/4974 1899/5171/4974
f 1872/2556/4975 3293/2535/4975 1885/2611/4975
f 1885/2611/4976 1903/2610/4976 1871/5172/4976
f 2127/2307/5183 2093/2884/5183 3330/5167/5183 2122/2930/5183
f 1922/5173/5184 1921/5174/5184 1914/2559/5184 1915/2560/5184
f 2109/2928/5185 2104/5175/5185 2110/2299/5185
f 1923/5176/5186 1922/5173/5186 1915/2560/5186 1916/2562/5186
f 2076/3512/5187 2059/3511/5187 2057/2296/5187 2060/5177/5187
f 196/5168/5188 1914/2559/5188 1921/5174/5188
f 2127/2307/5189 2125/2931/5189 2126/2305/5189
f 2126/2305/5190 2136/2932/5190 2112/2308/5190
f 1897/2591/4985 1902/2542/4985 1900/2544/4985
f 2058/2300/5191 2060/5177/5191 2057/2296/5191
f 2058/2300/5192 2061/2906/5192 2060/5177/5192
f 1877/5178/4981 1875/2564/4981 1901/2600/4981 194/5179/4981
f 2096/3508/5193 2103/2618/5193 2072/2620/5193
f 2096/3508/2426 2072/2620/5194 2099/3505/2427
f 1882/5180/4992 1877/2552/4992 1913/2595/4992
f 1902/2628/4993 1906/2622/4993 195/2624/4993
f 1886/2566/4994 1863/2565/4994 1879/2625/4994
f 1902/2628/4995 1868/2627/4995 1891/2612/4995
f 195/2624/4996 1867/2536/4996 1869/2538/4996
f 1944/2650/5195 1912/2603/5195 1935/5170/5195 197/5181/5195
f 1896/2606/4998 194/5179/4998 1901/2600/4998
f 1875/2564/4999 1877/5178/4999 1882/2596/4999
f 1924/2629/5000 1927/2541/5000 1926/2547/5000
f 1934/2621/5196 1910/2571/5196 1937/2642/5196
f 1943/5182/5197 1934/2621/5197 1937/2642/5197
f 1947/2634/5198 1936/2548/5198 1912/2603/5198 1944/2650/5198
f 1916/2562/5003 1934/2561/5003 1930/2633/5003
f 1942/5183/5199 1948/2655/5199 1945/2649/5199 1943/2632/5199
f 1923/5176/5004 1916/2562/5004 1930/2633/5004
f 1923/5176/5200 1930/2633/5200 1931/5184/5200
f 1911/2614/5201 1931/2637/5201 1932/2641/5201
f 1910/2571/5202 1909/2638/5202 1929/2640/5202
f 1959/2647/5203 1937/2642/5203 1957/2673/5203
f 1942/2644/5204 1937/2642/5204 1959/2647/5204
f 197/2617/5205 1958/2631/5205 1946/2645/5205
f 1946/2645/5206 1958/2631/5206 1941/5185/5206
f 3294/2656/5207 1931/5184/5207 1930/2633/5207 1945/2649/5207
f 1948/2652/5208 1942/5186/5208 1938/2653/5208
f 1946/2651/5209 1941/5187/5209 1961/5188/5209
f 1952/2674/5210 1962/2660/5210 1961/2659/5210 1951/5189/5210
f 1949/2657/5211 1946/2651/5211 1961/5188/5211
f 1948/2655/5212 1939/5190/5212 1940/5191/5212
f 1928/2635/5213 1947/2634/5213 1949/2657/5213
f 3294/2663/5214 1948/2661/5214 1933/2615/5214
f 1931/2637/5215 3294/2663/5215 1932/2641/5215
f 1929/2640/5216 1928/2639/5216 1949/2658/5216
f 1953/2678/5217 3295/5192/5217 1955/5193/5217
f 1952/2674/5218 3295/5194/5218 1953/5195/5218
f 1950/2668/5219 1955/2667/5219 3295/5196/5219
f 1953/2678/5220 1955/5193/5220 1954/2679/5220
f 1952/2674/5221 1953/5195/5221 1960/2675/5221
f 1959/2647/5222 1957/2673/5222 1960/2675/5222
f 1958/2631/5223 1956/2669/5223 1950/2668/5223
f 1938/2653/5224 1959/5197/5224 1960/2676/5224
f 1941/5198/5225 1958/5199/5225 1950/2666/5225
f 1941/5198/5226 1950/2666/1902 1961/2677/1904
f 1939/2654/5227 1960/2676/5227 1954/2679/5227
f 2016/5200/5228 2003/2752/5228 1998/2726/5228 2015/2732/5228
f 1940/2662/5229 1954/5201/5229 1955/2667/5229
f 1957/2673/5230 1962/2660/5230 1952/2674/5230
f 1937/2642/5231 1962/2660/5231 1957/2673/5231
f 1933/2615/1909 1940/2662/5232 1955/2667/1907
f 2015/2732/5233 2008/2796/5233 2016/5200/5233
f 1981/2728/5234 1965/2681/5234 200/2713/5234 201/2724/5234
f 2016/5200/5235 2008/2796/5236 2031/2784/5237
f 1964/2682/5238 1998/2726/5238 2003/2752/5238
f 3297/2683/5239 1964/2682/5239 2003/2752/5239
f 1969/2686/5240 198/2685/5240 1968/2779/5240
f 1970/2694/5241 1968/2779/5241 198/2685/5241
f 1968/2779/5242 1970/2694/5242 2006/2719/5242
f 1966/2721/5243 2017/2687/5243 2023/2689/5243
f 2022/2746/5244 2009/2745/5244 2032/2789/5244
f 2000/2692/5245 1991/2691/5245 1990/2722/5245
f 2000/2692/5246 1990/2722/5246 2018/5202/5246
f 2018/5202/5247 1990/2722/5247 2023/2689/5247
f 1972/2693/5248 198/2685/5248 3296/5203/5248
f 198/2685/5249 199/5204/5249 3296/5203/5249
f 2007/2781/5250 2022/2746/5250 2032/2789/5250
f 199/5205/5251 1978/2714/5251 3296/2700/5251
f 1974/2701/5252 3296/2700/5252 1978/2714/5252
f 2013/5206/5253 2011/2738/5253 2030/2772/5253
f 2012/2705/5254 2011/2704/5254 2013/5207/5254
f 1987/5208/5255 1989/2739/5255 1986/2712/5255
f 1989/2739/5256 1976/2709/5256 1986/2712/5256
f 1963/2711/5257 1975/2710/5257 206/2733/5257
f 1974/2701/5258 1965/2681/5258 3297/2683/5258
f 2010/2717/5259 2021/2716/5259 2033/2792/5259
f 1994/2718/5260 1971/2720/5260 1990/2722/5260
f 1964/2682/5261 1965/2681/5261 1981/2728/5261 1980/2748/5261
f 2003/2752/5262 2016/5200/5262 2017/5209/5262
f 1987/5208/5263 1984/5210/5263 202/5211/5263 1988/5212/5263
f 1980/2748/5264 1979/2725/5264 1964/2682/5264
f 201/2724/5265 202/2729/5265 1984/2727/5265
f 2015/2732/5266 2020/2731/5266 2008/2796/5266
f 1998/2726/5267 2019/2730/5267 2015/2732/5267
f 1970/2694/5268 1985/2736/5268 1994/2718/5268
f 1971/2720/5269 2003/2743/1944 1966/2721/1946
f 1989/2739/5270 1987/5208/5270 1988/5212/5270 203/5213/5270
f 1984/5210/5271 1987/5208/5271 1986/2712/5271
f 206/2733/5272 1982/2703/5272 2012/2705/5272
f 2020/5214/5273 2019/5215/5273 2013/2706/5273 2014/2708/5273
f 2011/2738/5274 2018/2715/5274 2010/2717/5274
f 1976/2709/5275 2001/2742/5275 1975/2710/5275
f 203/5213/5276 1992/2740/5276 1989/2739/5276
f 203/5213/5277 1995/2750/5277 1992/2740/5277
f 2001/2742/5278 1989/2739/5278 1993/2741/5278
f 2017/2687/5279 2016/5216/5279 2022/2688/5279
f 2016/2744/5280 2031/5217/5280 2009/2745/5280
f 1981/2728/5281 1984/2727/5281 1980/2748/5281
f 1979/2776/5282 206/2733/5282 1998/2735/5282
f 1996/2749/5283 1992/2740/5283 3304/2751/5283
f 3304/2751/5284 1995/2750/5284 1999/5218/5284
f 1972/2702/5285 3297/2683/5285 1985/2753/5285
f 1985/2753/5286 2003/2752/5286 1971/5219/5286
f 2061/2918/5287 2073/2770/5287 2060/5220/5287
f 2061/2918/5288 2074/2887/5288 2073/2770/5288
f 2060/5221/5289 2073/5222/5289 2076/5223/5289
f 2012/2705/5290 2013/5207/5290 2019/2734/5290
f 2036/2798/5291 2031/2784/5237 2008/2796/5236 2029/2815/5291
f 206/2733/5292 2012/2705/5292 2019/2734/5292
f 2083/2756/5293 2075/2755/5293 3331/2757/5293
f 211/2754/5294 2087/2765/5294 2075/2755/5294
f 2134/2938/5295 2114/2764/5295 2116/2763/5295 2117/2936/5295
f 1997/2737/5296 2002/2837/5296 2000/2761/5296
f 1977/5224/5297 1975/2710/5297 2001/2742/5297 204/5225/5297
f 2079/2619/5298 2115/2762/5298 2114/2764/5298
f 2074/2887/5299 2077/2768/5299 2073/2770/5299
f 1982/5226/5300 1977/2698/5300 2011/2738/5300
f 2002/2690/5301 2004/5227/5301 205/2778/5301
f 1986/2712/5302 1963/2711/5302 1979/2776/5302
f 2002/2690/5303 1968/2779/5303 1991/2691/5303
f 205/2778/5304 1967/5228/5304 1969/2686/5304
f 2038/2790/5305 2032/2789/5305 2009/2745/5305 207/5229/5305
f 1996/2841/5306 204/2696/5306 2001/5230/5306
f 1975/2710/5307 1977/5224/5307 1982/2703/5307
f 2021/2716/5308 2023/2783/5308 2007/5231/5308
f 2036/2798/5309 2035/2818/5309 2049/2825/5309
f 2030/2772/5310 2010/2717/5310 2037/2797/5310
f 2031/2784/5311 2036/2798/5311 207/2785/5311
f 2026/5232/5312 2030/2772/5312 2037/2797/5312
f 2014/2708/5313 2030/2707/5313 2027/2788/5313
f 3298/2800/5314 2038/5233/5314 207/5234/5314 2050/2801/5314
f 2020/5214/5315 2014/2708/5315 2027/2788/5315
f 2020/5214/5316 2027/2788/5316 2028/2804/5316
f 2033/2782/5317 2032/2789/5317 2024/2791/5317
f 2033/2782/5318 2007/2781/5318 2032/2789/5318
f 2008/2796/5319 2028/2795/5319 2029/2815/5319
f 2010/2717/5320 2033/2792/5320 2025/2794/5320
f 2036/2798/5321 2049/2825/5321 2050/2799/5321
f 2039/2806/5322 2037/5235/5322 2034/5236/5322
f 3302/5237/5323 2004/5238/5323 2002/2837/5323 3303/2836/5323
f 2026/2805/5324 2037/5235/5324 2039/2806/5324
f 2039/2806/5325 2034/5236/5325 2053/2808/5325
f 2024/5239/5326 2038/5233/5326 3298/2800/5326
f 3299/2807/5327 2039/2806/5327 2040/2809/5327
f 2025/5240/5328 2024/5239/5328 3298/2800/5328
f 3300/2812/5329 3298/2811/5329 2054/2816/5329
f 2040/2814/5330 2053/5241/5330 2035/2818/5330
f 2028/2795/5331 3299/2813/5331 2029/2815/5331
f 2029/2815/5332 2040/2814/5332 2036/2798/5332
f 2037/2797/5333 3300/2812/5333 2047/2817/5333
f 2037/2797/5334 2025/2794/5334 3300/2812/5334
f 2046/2829/5335 3301/5242/5335 2042/2832/5335
f 2045/2826/5336 3301/5243/5336 2046/2824/5336
f 2046/2829/5337 2042/2832/5337 2041/2831/5337
f 2042/2835/5338 3301/5244/5338 2043/2827/5338
f 2049/2825/5339 2035/2818/5339 2048/2823/5339
f 2034/5236/5340 2043/2822/5340 2044/2821/5340
f 2034/5245/5341 2037/2797/5341 2043/2827/5341
f 2051/2802/5342 2046/2829/5342 2041/2831/5342
f 2051/2802/5343 2050/2801/5343 2046/2829/5343
f 2053/2808/5344 2044/2821/5344 2052/2830/5344
f 2034/5236/5345 2044/2821/5345 2053/2808/5345
f 2054/2810/5346 2051/2802/5346 2041/2831/5346
f 2035/2818/5347 2052/2834/5347 2048/2823/5347
f 2047/2817/5348 2054/2816/5348 2042/2835/5348
f 199/5246/5349 198/5247/5349 1967/5248/5349 3306/5249/5349
f 3303/5250/5350 3384/2839/5350 3302/2838/5350
f 2005/5251/5351 3302/2838/5351 2467/2840/5351
f 2005/5252/5352 2004/5238/5352 3302/5237/5352
f 2062/2699/5353 3303/2836/5353 1997/2737/5353
f 2063/5253/5354 2062/2699/5354 3304/2842/5354
f 204/2696/5355 1996/2841/5355 2062/2699/5355
f 210/2845/5356 3304/2844/5356 1999/2849/5356
f 3306/5249/5357 3305/5254/5357 3310/5255/5357
f 3307/2847/5358 3305/5254/5358 3306/5249/5358
f 3385/2846/5359 3305/5254/5359 3307/2847/5359
f 2065/3471/5360 3305/5254/5360 3385/2846/5360
f 3308/5256/5361 3305/5254/5361 2065/3471/5361
f 3309/5257/5362 3305/5254/5362 3308/5256/5362
f 3310/5255/5363 3305/5254/5363 3309/5257/5363
f 1967/5248/5364 205/5258/5364 2005/5259/5364 3307/2847/5364
f 3306/5249/5365 3310/5255/5365 199/5246/5365
f 2005/5251/5366 2467/2840/5366 2064/5260/5366 3307/5261/5366
f 3307/2847/5367 3306/5249/5367 1967/5248/5367
f 1995/2750/5368 203/5213/5368 1988/5212/5368 3308/5262/5368
f 1995/5263/5369 2065/3471/5369 1999/5264/5369
f 1995/2750/5370 3308/5262/5370 2065/5265/5370
f 1988/5212/5371 202/5211/5371 1983/5266/5371 3309/5267/5371
f 1988/5268/5372 3309/5257/5372 3308/5256/5372
f 1983/2723/5373 200/2713/5373 1978/2714/5373 3310/5269/5373
f 1983/5270/5374 3310/5255/5374 3309/5257/5374
f 3311/5271/5375 1906/5272/5375 1902/2542/5375 3312/2851/5375
f 199/5246/5376 3310/5255/5376 1978/5273/5376
f 189/5158/5377 188/2537/5377 1867/2536/5377 3315/5274/5377
f 3312/5275/5378 3391/2853/5378 3311/2852/5378
f 1907/2623/5379 3311/2852/5379 2466/2854/5379
f 1907/5276/5380 1906/5272/5380 3311/5271/5380
f 2066/2553/5381 3312/2851/5381 1897/2591/5381
f 2068/5277/5382 2066/2553/5382 3313/2856/5382
f 194/2550/5383 1896/2855/5383 2066/2553/5383
f 1899/2857/5384 209/5278/5384 3313/2856/5384
f 2067/2860/5385 3313/2859/5385 209/5279/5385
f 3315/5280/5386 3314/5281/5386 3319/5282/5386
f 3316/3498/5387 3314/5281/5387 3315/5280/5387
f 3392/2863/5388 3314/5281/5388 3316/3498/5388
f 209/2862/5389 3314/5281/5389 3392/2863/5389
f 3317/5283/5390 3314/5281/5390 209/2862/5390
f 3318/5284/5391 3314/5281/5391 3317/5283/5391
f 3319/5282/5392 3314/5281/5392 3318/5284/5392
f 1867/2536/5393 195/2624/5393 1907/2623/5393 3316/2861/5393
f 3315/5274/5394 3319/5285/5394 189/5158/5394
f 1895/2608/5395 193/5286/5395 1888/5287/5395 3317/5283/5395
f 3316/2861/5396 3315/5274/5396 1867/2536/5396
f 1895/2608/5397 209/2862/5397 1899/5288/5397
f 1895/2608/5398 3317/5283/5398 209/2862/5398
f 1888/5287/5399 192/5289/5399 1883/5290/5399 3318/5284/5399
f 1888/5287/5400 3318/5284/5400 3317/5283/5400
f 1883/2577/5401 190/2567/5401 1878/2568/5401 3319/5291/5401
f 1883/5290/5402 3319/5282/5402 3318/5284/5402
f 3320/5292/5375 1704/5293/5375 1702/2224/5375 3321/2865/5375
f 189/5158/5403 3319/5285/5403 1878/5294/5403
f 3322/2870/5404 1696/2869/5404 1699/5295/5404 208/5296/5404
f 3321/5297/5378 3399/2867/5378 3320/2866/5378
f 1705/2312/5379 3320/2866/5379 2465/2868/5379
f 1705/5298/5380 1704/5293/5380 3320/5292/5380
f 2069/2235/5381 3321/2865/5381 1697/2273/5381
f 169/5062/5405 168/2219/5405 1667/2218/5405 3328/5299/5405
f 174/2232/5383 1696/2869/5383 2069/2235/5383
f 3324/2872/5406 3323/5300/5406 3328/5301/5406
f 3401/2871/5407 3323/5300/5407 3324/2872/5407
f 2071/2874/5408 3323/5300/5408 3401/2871/5408
f 3325/5302/5409 3323/5300/5409 2071/2874/5409
f 3326/5303/5391 3323/5300/5391 3325/5302/5391
f 3327/5304/5410 3323/5300/5410 3326/5303/5410
f 3328/5301/5411 3323/5300/5411 3327/5304/5411
f 1667/2218/5412 175/2313/5412 1705/2312/5412 3324/5305/5412
f 1705/2312/5413 2465/2868/5413 2070/3521/5413 3324/5305/5413
f 3324/5305/5414 3328/5299/5414 1667/2218/5414
f 1695/2290/5395 173/5306/5395 1688/5307/5395 3325/5302/5395
f 1695/2290/5415 2071/2874/5415 1699/2876/5415
f 1695/2290/5416 3325/5302/5416 2071/2874/5416
f 1688/5307/5399 172/5308/5399 1683/5309/5399 3326/5303/5399
f 1688/5307/5400 3326/5303/5400 3325/5302/5400
f 1683/2259/5417 170/2249/5417 1678/2250/5417 3327/5310/5417
f 1683/5309/5418 3327/5304/5418 3326/5303/5418
f 2090/2905/5419 1905/2881/5419 1904/2882/5419 2086/5311/5419
f 1678/5312/5420 3328/5301/5420 3327/5304/5420
f 169/5062/5421 3328/5299/5421 1678/5313/5421
f 2077/2768/5422 2078/2886/5422 2081/2885/5422
f 2080/2769/5423 2081/2885/5423 2084/5314/5423
f 3271/2892/5424 2082/2894/5424 2078/2886/5424
f 2078/2886/5425 2085/2895/5425 2081/2885/5425
f 2119/2944/5426 2124/2900/5426 2118/2902/5426
f 2118/2902/5427 2123/2901/5427 2100/2904/5427
f 2122/2877/5428 2072/2620/5428 2079/2619/5428 2114/2764/5428
f 1904/2883/5429 2105/2913/5429 2086/5315/5429
f 1905/2881/5430 2090/2905/5430 2058/2300/5430
f 2114/2764/5431 2134/2938/5431 2122/2877/5431
f 2122/2877/5432 2134/2938/5432 2137/2878/5432
f 2087/5316/5433 211/2903/5433 2123/2901/5433 2115/5317/5433
f 3329/2758/5434 2075/2755/5434 2103/2911/5434
f 3331/2757/5435 3329/2758/5435 2092/2760/5435
f 2094/2910/5436 2095/2912/5436 2097/5318/5436
f 2100/2904/5437 211/2903/5437 2083/5319/5437
f 2095/2912/5438 2464/2916/5438 2097/5320/5438
f 2105/2889/5439 3271/2892/4988 2086/5079/4987
f 2123/2901/5440 2116/2919/5440 2115/5317/5440
f 2116/2919/5441 2124/2900/5441 2117/5321/5441
f 3330/5322/5442 2104/3504/5442 2099/3505/5442 2072/2620/5442
f 2140/2920/5443 2133/2934/5443 2119/2921/5443
f 2141/2962/5444 2131/5323/5444 2135/5324/5444 2145/2960/5444
f 3330/5322/5445 2072/2620/5445 2122/2877/5445
f 2106/2924/5446 2109/2928/5446 2108/2922/5446
f 2104/3504/5447 2109/5325/5447 2106/3501/5447
f 2085/2908/5448 2082/2927/5448 3331/2757/5448
f 2109/2928/5449 2055/2298/5449 2108/2922/5449
f 2103/2911/5450 2087/2765/5450 2079/2767/5450
f 2125/2931/5451 2137/2942/5451 2136/2932/5451
f 2134/2938/5452 2131/2937/5452 2130/2945/5452
f 2132/2953/5453 2140/2920/5453 2113/2891/5453
f 2128/2964/5454 2132/2939/5454 2112/2308/5454
f 2117/5321/5455 2135/5324/5455 2131/5323/5455
f 2135/5324/5456 2117/5321/5456 2124/2900/5456
f 2112/2308/5457 2129/2941/5457 2128/2964/5457
f 3332/2943/5458 2135/5324/5458 2124/2900/5458
f 2137/2878/5459 2130/2945/5459 2129/5326/5459
f 2133/2934/5460 3332/5327/5460 2119/2921/5460
f 2141/2949/5461 2142/2952/5461 3333/2950/5461
f 2131/2937/5462 2141/2949/5462 2130/2945/5462
f 3335/2933/5463 3340/5328/5463 2139/2935/5463
f 2144/2956/5464 3334/2955/5464 2142/2967/5464
f 212/2954/5465 2156/2983/5465 3334/2955/5465
f 2143/2963/5466 3335/5329/5466 2132/2939/5466
f 2135/5324/5467 3332/2943/5467 2149/2971/5467 2145/2960/5467
f 2143/2957/5468 2146/2965/5468 3340/2958/5468
f 2145/2960/5469 2147/2970/5469 2142/2961/5469
f 2128/2964/5470 2148/2972/5470 2143/2963/5470
f 2147/2968/5471 213/2986/5471 2144/2956/5471
f 2144/2956/5472 213/2986/5472 212/2954/5472
f 2148/2973/5473 2129/5326/5473 2130/2945/5473 3333/2950/5473
f 2138/2987/5474 2146/2965/5474 2148/2969/5474
f 213/2991/5475 2147/5330/5475 2133/2934/5475 2139/2935/5475
f 2199/3042/5476 3341/3041/5476 2207/3039/5476 2221/5331/5476
f 2133/2934/5477 2147/5330/5477 2149/5332/5477
f 2133/2934/5478 2149/5332/5478 3332/5327/5478
f 3334/2951/5479 2138/2947/5479 3333/2950/5479
f 3337/2974/5480 3336/5333/5480 3339/2975/5480
f 3338/5334/5481 3336/5335/5481 214/2989/5481
f 3339/2975/5482 3336/5333/5482 3338/5336/5482
f 2151/2982/5483 3336/5337/5483 2154/2946/5483
f 3336/5337/5484 3337/2977/5484 2154/2946/5484
f 2152/2979/5485 214/5338/5485 3336/2980/5485
f 2153/5339/5486 3338/5334/5486 214/2989/5486
f 2139/2935/5487 2153/5339/5487 2155/2988/5487
f 3338/5334/5488 2153/5339/5488 2139/2935/5488
f 3340/2958/5489 3338/5336/5489 2139/5340/5489
f 3339/2975/5490 3338/5336/5490 3340/2958/5490
f 2152/2979/5491 2151/2981/5491 2157/2984/5491
f 2159/2985/5492 2157/2984/5492 212/2954/5492
f 2158/2966/5493 2150/2976/5493 3339/2975/5493
f 214/5338/5494 2152/2979/5494 2159/2985/5494
f 213/2991/5495 2155/2988/5495 2159/2990/5495
f 2138/2947/5496 2154/2946/5496 2150/2978/5496
f 2155/2988/5497 2153/5339/5497 214/2989/5497
f 2207/3039/5498 2222/3078/5498 2221/5331/5498
f 2217/3038/5499 2222/3078/5499 2207/3039/5499
f 2160/5341/5500 2192/3034/5500 2198/2998/5500 2202/5342/5500
f 2189/3069/5501 3341/3041/5501 2173/3037/5501
f 2185/5343/5502 3341/3041/5503 2189/3069/5504
f 2162/2994/5505 2164/2996/5505 2163/2992/5505
f 2161/2993/5506 2163/2992/5506 2167/5344/5506
f 2229/3002/5507 2223/3062/5507 2210/3004/5507
f 2175/5345/5508 2167/5344/5508 2163/2992/5508 2168/5346/5508
f 2202/5342/5509 2227/5347/5509 2160/5341/5509
f 2213/2999/5510 2198/2998/5510 2192/3034/5510
f 2164/2996/5511 2168/5346/5511 2163/2992/5511
f 2164/2996/5512 2169/3053/5512 2168/5346/5512
f 2235/3116/5513 2218/3013/5513 2220/3012/5513 2236/3114/5513
f 2228/3003/5514 2238/3000/5514 2229/3002/5514
f 2160/3111/5515 2228/3003/5515 2210/3004/5515
f 2169/3070/5516 2172/3026/5516 2168/5348/5516
f 2169/3070/5517 2173/3037/5517 2172/3026/5517
f 2168/5348/5518 2172/3026/5518 2175/3027/5518
f 2189/3052/5519 2166/3033/5519 2165/3032/5519 2185/5349/5519
f 2177/3010/5520 2219/3011/5520 2218/3013/5520
f 2182/3019/5521 2174/3018/5521 3351/3020/5521
f 215/3017/5522 2186/3014/5522 2174/3018/5522
f 2173/3037/5523 2176/3024/5523 2172/3026/5523
f 2227/5350/5524 2224/3028/5524 2228/3031/5524
f 2160/5341/5525 2165/3032/5525 2192/3034/5525
f 2160/5341/5526 2210/5351/5526 2165/3032/5526
f 2192/3034/5527 2166/3033/5527 2214/2995/5527
f 2176/3024/5528 2180/3036/5528 2179/3035/5528
f 2178/3025/5529 2179/3035/5529 2183/5352/5529
f 3341/3041/5530 2181/3043/5530 2180/3036/5530
f 2180/3036/5531 2184/3044/5531 2179/3035/5531
f 2222/3078/5532 2226/3124/5532 2221/5331/5532
f 2221/5331/5533 2225/5353/5533 2199/3042/5533
f 2185/5349/5534 2165/3032/5534 2210/5351/5534 2207/5354/5534
f 2194/3060/5535 2191/3023/5535 3351/3020/5535 3342/3021/5535
f 2166/3033/5536 2189/3052/5536 2164/2996/5536
f 2220/3075/5537 2237/3074/5537 2236/3118/5537
f 2171/3007/5538 2224/3028/5538 2198/3080/5538
f 2171/3007/5539 2170/3006/5539 2224/3028/5539
f 2170/3006/5540 2177/3010/5540 2224/3028/5540
f 2198/3080/5541 2224/3028/5541 2202/5355/5541
f 2205/3079/5542 2171/3007/5542 2198/3080/5542
f 2218/3013/5543 2235/3116/5543 2224/3028/5543
f 2224/3028/5544 2235/3116/5544 2239/3029/5544
f 2177/3010/5545 2218/3013/5545 2224/3028/5545
f 3342/3021/5546 2174/3018/5546 2206/3058/5546
f 2186/3014/5547 215/3017/5547 2225/3050/5547 2219/3015/5547
f 2216/5356/5548 2217/3038/5548 2223/3040/5548
f 2199/3051/5549 215/3017/5549 2182/3019/5549
f 2194/3068/5550 2197/3005/5550 2196/3066/5550
f 2195/5357/5551 2196/5358/5551 2200/5359/5551
f 2207/3039/5552 3341/3041/5503 2185/5343/5502
f 2197/3005/5553 2201/3071/5553 2196/3066/5553
f 2225/3048/5554 2220/3075/5554 2219/5360/5554
f 2215/3109/5555 2211/5361/5555 2208/5362/5555 2212/3108/5555
f 2201/3071/5556 2205/3079/5556 2204/3076/5556
f 2171/3007/5557 2205/3079/5557 2201/3071/5557
f 2203/3072/5558 2204/3076/5558 2211/3102/5558
f 2232/3077/2157 2234/3113/5559 2222/3078/2158
f 2202/5355/5560 2224/3028/5560 2227/5350/5560
f 2205/3079/5561 2208/5363/5562 2204/3076/5563
f 2205/3079/5561 2209/3081/5564 2208/5363/5562
f 2204/3076/5565 2208/5363/5565 2211/3102/5565
f 3344/3086/5105 3343/5364/5105 3350/3082/5105
f 3345/3088/5106 3343/5364/5106 3344/3086/5106
f 3346/3091/5107 3343/5364/5107 3345/3088/5107
f 3347/3094/5108 3343/5364/5108 3346/3091/5108
f 3348/3098/5109 3343/5364/5109 3347/3094/5109
f 3349/3103/5110 3343/5364/5110 3348/3098/5110
f 3350/3082/5104 3343/5364/5104 3349/3103/5104
f 2175/3085/5566 3344/3086/5566 3350/3082/5566
f 2178/3087/5567 3345/3088/5567 3344/3086/5567
f 2187/3090/5568 3346/3091/5568 3345/3088/5568
f 2193/3095/5569 3347/3094/5569 3346/3091/5569
f 2200/3099/5570 3348/3098/5570 3347/3094/5570
f 2211/3104/5571 3349/3103/5571 3348/3098/5571
f 2161/3083/2161 3350/3082/2161 3349/3103/5572
f 2209/2997/5573 2212/3108/5574 2208/5362/5575
f 2209/2997/5573 2213/2999/5576 2212/3108/5574
f 2217/5365/5577 2216/3001/5577 2233/5366/5577 2232/5367/5577
f 2226/3047/5578 2237/3074/5578 2225/3048/5578
f 2184/3055/5579 2181/3064/5579 3351/3020/5579
f 2213/2999/5580 2162/2994/5580 2212/3108/5580
f 3342/3021/5581 3352/3059/5581 2194/3060/5581
f 2206/3058/5582 2186/3014/5582 2177/3016/5582
f 2235/3116/5583 2241/3115/5583 2230/3127/5583
f 2236/3114/5584 2231/5368/5584 2241/3115/5584
f 3355/3126/5585 3357/5369/5585 2240/3156/5585 3356/3155/5585
f 2246/3119/5586 2233/5366/5586 2216/3001/5586
f 2236/3118/2186 3353/3117/2185 2231/5370/2186
f 3354/3120/5587 3353/3117/5587 2237/3074/5587
f 2238/3000/5588 2253/3122/5588 2246/3119/5588
f 2234/3113/5589 3354/3123/5589 2222/3078/5589
f 2235/3116/5590 2230/3127/5590 2253/3125/5590
f 2258/3154/5591 3359/5371/5591 3356/3155/5591
f 2241/3115/5592 3357/5369/5592 3355/3126/5592
f 2232/3077/5593 2233/5372/5593 2243/5373/5593 2257/3112/5593
f 2241/5374/5594 2231/5370/5594 3353/3117/5594 2245/5375/5594
f 2243/5373/5595 2259/3157/5595 2257/3112/5595
f 2243/3135/5596 2242/3162/5596 2259/3160/5596
f 2242/3162/5597 2261/3159/5597 2259/3160/5597
f 2247/3131/5598 2240/3134/5598 3357/3129/5598
f 2245/3128/5599 2244/3132/5599 3357/3129/5599
f 2243/3135/5600 2249/5376/5600 2248/3164/5600 2242/3162/5600
f 2246/3119/5601 2249/3140/5601 2243/5377/5601
f 3353/3117/5602 3354/3120/5602 2252/5378/5602 2245/5375/5602
f 2251/3138/5603 2244/3132/5603 2252/3139/5603
f 2247/3131/5604 2262/3142/5604 216/3133/5604
f 2279/3488/5187 2272/3486/5187 2268/3167/5187 2273/5379/5187
f 2251/3138/5605 2250/3141/5605 2247/3131/5605
f 2253/3125/5606 3355/3126/5606 2249/3144/5606
f 3356/3155/5607 2248/3143/5607 3355/3126/5607
f 2257/3112/5608 2251/3146/5608 2234/3113/5608
f 2234/3113/5609 2252/3147/5609 3354/3123/5609
f 3360/5380/5610 3358/5381/5610 3359/5371/5610
f 3361/5382/5611 3358/5383/5611 3360/5384/5611
f 3362/3151/5612 3358/5385/5612 3361/3152/5612
f 2254/3148/5613 3359/5386/5613 3358/3149/5613
f 3360/5380/5614 3359/5371/5614 2258/3154/5614
f 2255/3163/5615 3361/5382/5615 3360/5384/5615
f 2256/3150/5616 3358/3149/5616 3362/5387/5616
f 2257/3112/5617 3362/3151/5617 2263/3153/5617
f 2256/5388/5618 3362/3151/5618 2259/3157/5618
f 2260/3161/5619 3360/5384/5619 2258/5389/5619
f 2254/3148/5620 2256/3150/5620 2261/3159/5620
f 2260/3161/5621 2255/3163/5621 3360/5384/5621
f 2262/3142/5622 2260/3161/5622 216/3133/5622
f 2248/3164/5623 3359/5386/5623 2254/3148/5623
f 3361/3152/5624 2255/3165/5624 2263/3153/5624
f 3356/3155/5625 3359/5371/5625 2248/3143/5625
f 3363/3205/5626 2319/3237/5626 2320/5390/5626
f 2315/3204/5627 2319/3237/5627 3363/3205/5627
f 3363/3205/5628 2320/5390/5628 2305/3208/5628
f 2294/3231/5629 3363/3205/5629 2277/3203/5629
f 2290/5391/5630 3363/3205/5630 2294/3231/5630
f 3363/3205/5631 2305/3208/5631 2282/3207/5631
f 3363/3205/5632 2282/3207/5632 2277/3203/5632
f 2267/3169/4983 2269/3171/4983 2268/3167/4983
f 2266/3168/4984 2268/3167/4984 2272/3486/4984
f 2327/3177/5633 2321/3176/5633 2326/3172/5633
f 2306/5392/5634 3365/3178/5634 2297/3179/5634
f 3365/3178/5635 2322/3248/5635 2265/3174/5635
f 2311/3235/5636 2306/5393/5636 2297/3200/5636
f 2269/3171/5191 2273/5379/5191 2268/3167/5191
f 2269/3171/5192 2274/3219/5192 2273/5379/5192
f 2332/3253/5637 2316/5394/5637 2317/5395/5637 2323/3251/5637
f 2326/3172/5638 2325/3249/5638 2327/3177/5638
f 2327/3177/5190 2336/3250/5190 2314/3175/5190
f 2300/3180/5639 2275/3182/5639 2304/3479/5639
f 2274/3232/5287 2276/3193/5287 2273/5396/5287
f 2274/3232/5288 2277/3203/5288 2276/3193/5288
f 2273/5397/5289 2276/5398/5289 2279/5399/5289
f 2278/3187/5640 3364/3246/5640 3366/3189/5640 2264/3186/5640
f 2284/3181/5641 2317/5395/5641 2316/5394/5641
f 217/3245/5642 2291/3183/5642 2264/3186/5642
f 2324/3215/5643 2320/5400/5643 2319/3265/5643 2335/3259/5643
f 2277/3203/5299 2280/3191/5299 2276/3193/5299
f 2265/5401/5644 2270/3198/5644 2297/3200/5644
f 2297/3200/5645 2271/3199/5645 2312/3170/5645
f 2280/3191/5422 2283/3202/5422 2286/3201/5422
f 2285/3192/5423 2286/3201/5423 2288/5402/5423
f 2321/3206/5646 3363/3205/5646 2307/5403/5646
f 2283/3202/5425 2289/3210/5425 2286/3201/5425
f 2294/3218/5419 2271/3199/5419 2270/3198/5419 2290/5404/5419
f 2320/5400/5647 2324/3215/5647 2305/3217/5647
f 2323/3258/5648 2317/3234/5648 2318/3233/5648 2334/3256/5648
f 2270/3173/5649 2307/3225/5649 2290/5405/5649
f 2271/3199/5430 2294/3218/5430 2269/3171/5430
f 2322/3195/5428 2275/3182/5428 2284/3181/5428 2316/5394/5428
f 2316/5394/5431 2332/3253/5431 2322/3195/5431
f 2322/3195/5432 2332/3253/5432 2337/3196/5432
f 2291/5406/5650 217/3216/5650 2324/3215/5650 2317/3234/5650
f 3366/3189/5435 3364/3246/5435 2296/3190/5435
f 2298/3223/5436 2299/3224/5436 2301/5407/5436
f 2305/3217/5651 217/3216/5651 2281/5408/5651
f 2303/3230/5652 2302/3227/5652 2299/3224/5652
f 2299/3224/5653 2302/3227/5653 2301/3229/5653
f 2307/5403/5654 3363/3205/5654 2290/5391/5654
f 3365/5409/5442 2306/3478/5442 2304/3479/5442 2275/3182/5442
f 2340/3236/5655 2331/3293/5655 2319/3237/5655
f 2318/3233/5656 2324/3215/5656 2335/3259/5656 2334/3256/5656
f 3365/5409/5445 2275/3182/5445 2322/3195/5445
f 2308/3240/5446 2311/3235/5446 2310/3238/5446
f 2306/3478/5447 2311/5410/5447 2308/3475/5447
f 2341/3279/5657 2329/3257/5657 2333/3260/5657 2345/3277/5657
f 2281/3243/5658 2264/3186/5658 3366/3189/5658
f 2289/3221/5659 2287/3244/5659 3366/3189/5659
f 2311/3235/5449 2267/3169/5449 2310/3238/5449
f 3364/3246/5660 2278/3187/5660 2300/3247/5660
f 2278/3187/5661 2291/3183/5661 2284/3185/5661
f 2325/3249/5451 2337/3262/5451 2336/3250/5451
f 2332/3253/5662 2329/3252/5662 2328/3266/5662
f 2330/3272/5663 2340/3236/5663 2315/3204/5663
f 2334/3256/5664 2333/3260/5664 2329/3257/5664
f 2346/3261/5665 2330/3254/5665 2314/3175/5665
f 3367/3264/5666 2333/3260/5666 2335/3259/5666
f 2336/3250/5667 2350/3263/5667 2346/3261/5667
f 2331/3293/5668 3367/5411/5668 2319/3237/5668
f 2329/3252/5669 2341/5412/5669 2328/3266/5669
f 2342/3294/5670 2340/3236/2271 3368/3271/2270
f 2341/5412/5671 2343/3273/5671 2328/3266/5671
f 2343/5413/5672 2356/3296/5672 2355/5414/5672
f 2344/3280/5673 3368/5415/5673 2330/3254/5673
f 2343/5413/5674 2338/3284/5674 2356/3296/5674
f 2343/3278/5675 2349/5416/5675 2347/5417/5675 2338/5418/5675
f 2357/3282/5676 2342/5419/5676 2344/3280/5676
f 2346/3261/5677 2348/3281/5677 2344/3280/5677
f 2349/5416/5678 2343/3278/5678 2345/3277/5678
f 2333/3260/5679 3367/3264/5679 2349/5416/5679 2345/3277/5679
f 2398/3374/5680 2388/3380/5680 2402/3351/5680 2414/5420/5680
f 2348/3281/5681 2358/3302/5681 2357/3282/5681
f 2350/3267/5682 2358/3270/5682 2348/5421/5682
f 2331/3293/5683 2347/3304/5683 2349/5422/5683
f 2331/3293/5684 2349/5422/5684 3367/5411/5684
f 2328/3266/5685 2355/3268/5685 2358/3270/5685
f 3370/3301/5686 3369/5423/5686 3373/5424/5686
f 3372/5425/5687 3369/3287/5687 3371/3297/5687
f 3373/3299/5688 3369/5426/5688 3372/5427/5688
f 2351/3269/5689 3369/5428/5689 3370/3303/5689
f 3371/3297/5690 3369/3287/5690 2352/3286/5690
f 3373/5429/5691 3372/3289/5691 2353/3292/5691
f 2340/3236/5692 2353/3292/5692 2354/3291/5692
f 2355/3268/5693 2352/5430/5693 2351/3269/5693
f 2342/3274/5694 3373/3299/5694 2353/5431/5694
f 2357/3300/5695 3373/3299/5695 2342/3274/5695
f 2338/3284/5696 2339/3283/5696 2352/3286/5696
f 2354/3291/5697 2339/5432/5697 2347/3304/5697
f 2354/3291/5698 3371/3290/5698 2339/5432/5698
f 2402/3351/5699 2413/3415/5699 2414/5420/5699
f 2409/3353/5700 2413/3415/5700 2402/3351/5700
f 2374/5433/5701 2366/5434/5701 2362/3305/5701 2367/5435/5701
f 2388/3380/5702 2398/3374/5702 2359/3354/5702
f 2388/3380/5703 2359/3354/5703 2372/3349/5703
f 2361/3307/5704 2363/3309/5704 2362/3305/5704
f 2360/3306/5705 2362/3305/5705 2366/5434/5705
f 2423/3312/5706 2415/3311/5706 2416/5436/5706
f 2401/5437/5707 2370/3313/5707 2391/3315/5707
f 3374/3314/5708 2417/5438/5708 2424/3319/5708
f 2406/3383/5709 2401/5437/5709 2391/3315/5709
f 2363/3309/5710 2367/5435/5710 2362/3305/5710
f 2363/3309/5711 2368/3361/5711 2367/5435/5711
f 2365/3346/5712 2391/3315/5712 3374/3314/5712 2364/3345/5712
f 2424/3401/5713 2422/3400/5713 2423/3312/5713
f 2368/3382/5714 2371/3341/5714 2367/5439/5714
f 2368/3382/5715 2372/3349/5715 2371/3341/5715
f 2367/5440/5716 2371/5441/5716 2374/3464/5716
f 2418/3327/5717 2419/5442/5717 2430/3386/5717
f 2377/3331/5718 2411/3330/5718 2410/5443/5718
f 2381/3334/5719 2373/3333/5719 3376/3335/5719
f 2373/3333/5720 219/3332/5720 2385/3329/5720
f 2372/3349/5721 2375/3339/5721 2371/3341/5721
f 2420/5444/5722 2414/5420/5722 2413/3415/5722 2421/5445/5722
f 2391/3315/5723 2365/3346/5723 2407/3308/5723
f 2375/3339/5724 2376/3348/5724 2379/3347/5724
f 2378/3340/5725 2379/3347/5725 2382/3357/5725
f 2376/3348/5726 2383/3355/5726 2379/3347/5726
f 2417/3317/5727 2370/3316/5727 2377/3324/5727 2410/3328/5727
f 2414/5420/5728 2420/5446/5728 2398/3374/5728
f 218/3322/5729 2402/3372/5729 2364/3345/5729
f 2365/3346/5730 2384/3360/5730 2363/3309/5730
f 2411/3330/5731 2412/3365/5731 2418/3367/5731
f 2397/3384/5732 2369/3325/5732 2370/3316/5732
f 2369/3325/5733 2377/3324/5733 2370/3316/5733
f 2410/3328/5734 2430/3386/5734 2417/3317/5734
f 2417/3317/5735 2430/3386/5735 2433/3343/5735
f 2413/3415/5736 2409/3353/5736 2438/3404/5736 2437/3403/5736
f 3375/3336/5737 2373/3333/5737 2400/3370/5737
f 3376/3335/5738 3375/3336/5738 2390/3338/5738
f 2392/3369/5739 2393/3371/5739 2394/3378/5739
f 2359/3354/5740 2381/3375/5740 2380/3373/5740
f 2398/3359/5741 219/3332/5741 2381/3334/5741
f 2396/3379/5742 2395/3376/5742 2393/3371/5742
f 2393/3371/5743 2395/3376/5743 2394/3378/5743
f 2364/3381/5744 2388/3380/5744 2384/5447/5744
f 2384/5447/5745 2388/3380/5745 2368/3382/5745
f 2420/3358/5746 2411/3330/5746 219/3332/5746
f 3374/3314/5747 2424/3319/5747 218/3322/5747
f 2427/3417/5748 2430/3386/5748 2419/5442/5748 2428/3420/5748
f 2403/3389/5749 2406/3383/5749 2405/3387/5749
f 2401/5437/5750 2406/3383/5750 2403/3389/5750
f 2421/3393/5751 2431/3409/5751 2412/3394/5751
f 2383/3363/5752 2380/3396/5752 3376/3335/5752
f 2406/3383/5753 2361/3307/5753 2405/3387/5753
f 2400/3370/5754 2385/3329/5754 2377/3331/5754
f 2422/3400/5755 2433/3410/2362 2432/3310/2364
f 2429/3405/5756 2438/3404/5756 2409/3353/5756
f 2429/5448/5757 2425/3430/5757 2440/3428/5757 2452/3442/5757
f 2425/3407/5758 2429/5449/5758 2415/3311/5758
f 2431/3409/5759 3377/5450/5759 2428/5451/5759
f 2432/3310/5760 2426/3411/5760 2425/3407/5760
f 2444/3408/5761 3377/5450/5761 2431/3409/5761
f 3378/3412/5762 2444/3408/5762 2421/3393/5762
f 2433/3343/5763 2447/3416/5763 2426/3434/5763
f 2430/3386/5764 2427/3417/5764 2447/3416/5764
f 2427/3417/5765 2435/3421/5765 2434/3418/5765
f 2435/3424/5766 2428/3406/5766 3377/5452/5766 2442/3422/5766
f 2442/3422/5767 2444/5453/5767 2443/3432/5767 2441/3423/5767
f 2440/3428/5768 2454/3427/5768 2452/3442/5768
f 220/3431/5769 2439/3425/5769 2441/3423/5769
f 2425/3430/5770 2445/3426/5770 2440/3428/5770
f 2449/3449/5771 2434/3418/5771 2435/3421/5771 3381/3439/5771
f 2444/3408/5772 2442/5454/5772 3377/5450/5772
f 2445/3426/5773 2455/3445/5773 2454/3427/5773
f 2446/3435/5774 220/5455/5774 2443/3436/5774
f 2445/3433/5775 2434/3418/5775 2455/3450/5775
f 2436/3402/5776 2446/3435/5776 2437/3403/5776
f 2437/3403/5777 2443/3436/5777 2444/5456/5777
f 2437/3403/5778 2444/5456/5778 3378/3414/5778
f 3380/3444/5779 3379/5457/5779 2448/3440/5779
f 3381/3439/5780 3379/5458/5780 3380/5459/5780
f 3382/3446/5781 3379/5460/5781 3381/5461/5781
f 3383/3437/5782 3379/5462/5782 3382/5463/5782
f 2448/3440/5783 3379/5457/5783 3383/3441/5783
f 2449/3449/5784 3381/3439/5784 3380/5459/5784
f 2450/5464/5785 3382/3446/5785 3381/5461/5785
f 2436/3402/5786 3383/3437/5786 2451/3451/5786
f 3384/3453/5787 2403/3452/5787 2404/5465/5787 2467/5466/5787
f 2439/3425/5788 2450/5464/5788 3381/5461/5788
f 2453/3443/5789 2450/5464/5789 2439/3425/5789
f 3382/3446/5790 2450/5464/5790 2453/3443/5790
f 2451/3447/5791 2453/3443/5791 220/3431/5791
f 2455/3450/5792 2449/3449/5792 3380/5459/5792
f 3383/3437/5793 3382/5463/5793 2451/3451/5793
f 2378/3465/5794 2382/3467/5794 3387/3466/5794 3386/3463/5794
f 2401/3385/5795 2403/3452/5795 3303/3454/5795
f 2397/3384/5796 3303/3454/5796 2062/3455/5796
f 3386/3463/5797 3385/2846/5797 3390/3460/5797
f 3387/3466/5798 3385/2846/5798 3386/3463/5798
f 3388/5467/5799 3385/2846/5799 3387/3466/5799
f 3389/3470/5800 3385/2846/5800 3388/5467/5800
f 3390/3460/5801 3385/2846/5801 2064/2848/5801
f 2366/3462/5802 3386/3463/5802 3390/3460/5802
f 2386/3468/5803 2389/5468/5803 3388/5467/5803 3387/3466/5803
f 2392/3369/5804 2394/3378/5804 3389/5469/5804 3388/3469/5804
f 3391/3476/5805 2308/3475/5805 2309/5470/5805 2466/5471/5805
f 210/3459/5806 3389/5472/5806 2394/5473/5806
f 2065/2850/5807 3389/5474/5807 210/2845/5807
f 2408/3474/5808 2064/2848/5808 2404/5475/5808
f 2408/3474/5809 3390/3460/5809 2064/2848/5809
f 2285/3491/5810 2288/3214/5810 3394/3492/5810 3393/3489/5810
f 2306/3478/5811 2308/3475/5811 3312/3477/5811
f 2304/3479/5812 3312/3477/5812 2066/3480/5812
f 3393/3489/5813 3392/2863/5813 3398/5476/5813
f 3394/3492/5814 3392/2863/5814 3393/3489/5814
f 3395/3493/5815 3392/2863/5815 3394/3492/5815
f 3396/2864/5816 3392/2863/5816 3395/3493/5816
f 3398/5476/5817 3392/2863/5817 3397/3497/5817
f 2272/3486/5818 3393/3487/5818 3398/3485/5818
f 2292/3213/5819 2295/3494/5819 3395/3493/5819 3394/3492/5819
f 2298/3495/5820 2301/5477/5820 3396/2864/5820 3395/3493/5820
f 3399/3502/5805 2106/3501/5805 2107/5478/5805 2465/5479/5805
f 2067/3496/5821 3396/2864/5821 2301/5477/5821
f 2466/2854/5822 3397/3499/5822 3316/2861/5822
f 2313/3241/5823 3397/5480/5823 2309/3242/5823
f 2313/3241/5824 3398/3485/5824 3397/5480/5824
f 3322/5481/5825 208/5482/5825 2464/5483/5825 3400/5484/5825
f 2104/3504/5811 2106/3501/5811 3321/3503/5811
f 2099/3505/5812 3321/3503/5812 2069/3506/5812
f 2464/5485/5826 2098/3509/5826 3400/3507/5826
f 2069/5486/5827 3322/5481/5827 3400/5484/5827
f 2080/3515/5828 2084/2899/5828 3403/3516/5828 3402/3513/5828
f 3402/3513/5829 3401/2871/5829 3406/5487/5829
f 3403/3516/5830 3401/2871/5830 3402/3513/5830
f 3404/3517/5815 3401/2871/5815 3403/3516/5815
f 3405/3520/5831 3401/2871/5831 3404/3517/5831
f 3406/5487/5832 3401/2871/5832 2070/2873/5832
f 3402/3513/5833 3406/5487/5833 2076/3514/5833
f 2088/2898/5819 2091/3518/5819 3404/3517/5819 3403/3516/5819
f 2094/3519/5834 2097/5488/5834 3405/3520/5834 3404/3517/5834
f 2464/5489/5835 208/2875/5835 2071/2874/5835 3405/3520/5835
f 2464/5489/5836 3405/3520/5836 2097/5488/5836
f 223/5490/5837 2457/3537/5837 2461/3528/5837 224/5491/5837
f 2111/2925/5838 2070/5492/5838 2107/2926/5838
f 2111/2925/5839 3406/3510/5839 2070/5492/5839
f 2492/3525/5840 2491/3524/5840 231/3569/5840
f 2496/3523/5841 2463/3527/5841 2491/3524/5841
f 2461/3528/5842 2462/3607/5842 224/5491/5842
f 222/3554/5843 2399/3544/5843 2457/5493/5843 223/5494/5843
f 2481/3535/5844 2458/3531/5844 2498/3533/5844
f 2497/3539/5845 2498/3533/5845 2486/3579/5845
f 3411/3541/5846 229/3559/5846 2469/5495/5846
f 225/5496/5847 2472/3580/5847 2468/3562/5847 2470/3563/5847
f 2457/5493/5848 2399/3544/5848 2471/3545/5848
f 3410/3550/5849 3407/3552/5849 3409/3553/5849
f 2102/3526/5850 2399/3544/5850 2101/3556/5850
f 2399/3544/5851 222/3554/5851 2101/3556/5851
f 2460/3530/5852 2459/3529/5852 2458/3531/5852
f 221/3555/5853 2470/3563/5853 2101/3556/5853
f 2102/3526/5854 2468/3562/5854 2463/3527/5854
f 2474/5497/5855 2473/3551/5855 2472/5498/5855 225/5499/5855
f 2468/3562/5856 2472/3580/5856 3409/3564/5856
f 2491/3524/5857 2495/3565/5857 2490/3567/5857
f 2458/3531/5858 2471/3538/5858 2496/3532/5858
f 3413/5500/5859 2501/3654/5859 2619/3656/5859 2618/3716/5859
f 228/3548/5860 2494/3547/5860 2489/3571/5860
f 2494/3547/5861 230/3850/5861 2488/3570/5861
f 2456/3540/5862 229/3559/5862 3411/3541/5862
f 2480/3543/5863 2482/3594/5863 2456/3540/5863
f 2473/3551/5864 2474/5497/5864 226/3572/5864
f 229/3559/5865 2493/3558/5865 2469/5495/5865
f 2493/3558/5866 2487/3561/5866 230/3599/5866
f 2475/3549/5867 3408/3574/5867 3410/3550/5867
f 3407/3552/5868 2469/3546/5868 228/3548/5868
f 2475/3549/5869 226/3572/5869 2477/3576/5869
f 2498/3533/5870 2492/3577/5870 2486/3579/5870
f 2463/3527/5871 3409/3564/5871 2491/3524/5871
f 2478/3573/5872 2477/3576/5872 2479/3583/5872
f 227/3575/5873 238/3582/5873 2477/3576/5873
f 2491/3524/5874 2490/3567/5874 231/3569/5874
f 2471/3545/5875 2102/3526/5875 2496/3523/5875
f 2586/3596/5876 2609/3584/2470 2608/3586/2472
f 2476/3534/5877 2458/3531/5877 2481/3535/5877
f 2476/3534/5878 2460/3530/5878 2458/3531/5878
f 237/3758/5879 2561/3724/5879 2559/5501/5879
f 237/3758/5880 2562/3760/5880 2561/3724/5880
f 2559/3807/5881 2561/5502/5881 2560/3808/5881
f 2532/3593/5882 2508/3592/5882 3412/3588/5882
f 2514/3590/5883 2505/3589/5883 235/3662/5883
f 2571/3597/5884 2586/3596/5884 2558/3598/5884
f 2469/5495/5885 2493/3558/5885 2494/3600/5885
f 2490/3602/5886 2489/3571/5886 2488/3570/5886
f 2472/5498/5887 2473/3551/5887 3410/3550/5887
f 2484/3601/5888 2483/5503/5888 2462/3607/5888
f 2484/3601/5889 2460/3530/5889 2476/3534/5889
f 2460/3530/5890 2484/3601/5890 2461/3528/5890
f 3408/3574/5891 3411/3608/5891 3407/3552/5891
f 2497/3539/5892 2486/3579/2587 2487/3792/2589
f 2620/5504/5893 2627/3638/5893 2512/3640/5893
f 2500/3644/2504 233/3643/2503 234/5505/5894
f 2518/3612/5895 2504/3611/5895 2547/3658/5895
f 2528/3670/5896 2509/3613/5896 2517/3615/5896
f 236/5506/5897 2530/3616/5897 2513/3618/5897
f 2530/3655/5898 2533/3610/5898 2519/3622/5898
f 2515/3623/5899 3412/3588/5899 2514/3590/5899
f 2529/3631/5900 2621/3632/5900 2626/5507/5900 2528/3629/5900
f 2504/3626/5901 2502/3625/5901 2526/3934/5901
f 2501/3654/5902 3413/5500/5902 2503/3663/5902
f 2503/3624/5903 2507/3628/5903 2500/3634/5903
f 2617/3702/5904 2616/3701/5904 2532/3818/5904
f 2517/3630/5905 2527/5508/5905 2510/3636/5905
f 2512/3627/5906 3413/5509/5906 2618/5510/5906 2620/5511/5906
f 2510/3636/5907 2527/5508/5907 2520/5512/5907
f 2508/3633/5908 2529/3631/5908 2506/3635/5908
f 2616/5513/5909 2621/3632/5909 2508/3633/5909
f 234/3913/5910 2526/3934/5910 2502/3625/5910 2500/3634/5910
f 2520/5512/5911 2534/3937/5911 2505/3637/5911 2510/3636/5911
f 3413/5509/5912 2512/3627/5912 2503/3624/5912
f 2499/3648/5913 2509/5514/5913 2515/5515/5913 2514/3646/5913
f 2507/3641/5914 2516/3642/5914 2500/3644/5914
f 3414/3819/5915 2515/5515/5915 2509/5514/5915
f 2516/3673/5916 2507/5516/5916 2519/3617/5916 2531/3671/5916
f 2531/3671/5917 2521/3678/5917 233/3672/5917
f 2619/3656/5918 2501/3654/5918 2530/3655/5918
f 2499/3648/5919 2511/3647/5919 232/3653/5919
f 3412/3588/5920 2506/3660/5920 2505/3589/5920
f 2533/3610/5921 2503/3663/5921 2504/3611/5921
f 2509/3613/5922 2499/3668/5922 2527/3614/5922
f 2626/3667/5923 3414/3666/5923 2528/3670/5923
f 2527/3614/5924 232/3669/5924 2520/3945/5924
f 2513/3639/5925 2519/5517/5925 2507/3641/5925
f 2627/3638/5926 2620/5504/5926 2523/3696/5926 2553/3695/5926
f 2519/3617/5927 2518/3677/5927 2531/3671/5927
f 3415/3682/5928 2550/3679/5928 2540/3681/5928
f 2647/5518/5929 3415/3682/5929 2548/3683/5929
f 2635/3844/5930 2544/3687/5930 2539/3688/5930
f 2544/3687/5931 2549/3684/2524 2543/3686/2526
f 2554/3691/2530 2552/3690/2529 2553/3695/5932
f 2525/3826/5933 2556/5519/5933 2524/3692/5933
f 2525/3826/5934 2524/3692/5935 2537/3827/5936
f 2537/3827/5936 2524/3692/5935 2619/3656/5937
f 242/5520/5938 2644/3689/5938 2554/3691/5938
f 2536/5521/5939 2551/3700/5939 2550/3679/5939 2535/3699/5939
f 2542/5522/5940 2536/5523/5940 2535/3705/5940 2543/3704/5940
f 2551/3700/5941 2536/5521/5941 2616/3701/5941
f 3415/3682/5942 3416/3698/5942 2550/3679/5942
f 2621/5524/5943 2616/5525/5943 2536/5523/5943 2542/5522/5943
f 2627/3638/5944 2553/3695/5944 2541/5526/5944 236/3645/5944
f 2557/3709/5945 2523/3708/5945 2620/3710/5945
f 2556/3714/5946 2554/3713/5946 2555/3707/5946
f 2552/3690/5947 2522/5527/5947 2553/3695/5947
f 2522/5527/5948 2541/5526/5948 2553/3695/5948
f 223/5528/5949 224/5529/5949 2462/3606/5949 3420/5530/5949
f 2525/3794/5950 242/3712/5950 2556/3714/5950
f 2524/3715/5951 2555/3707/5951 2557/3709/5951
f 2615/3720/5952 2601/3820/5952 2606/3822/5952
f 2562/3760/5953 2564/3722/5953 2561/3724/5953
f 2562/3760/5954 3426/3773/5954 2564/3722/5954
f 2561/5502/5955 2569/5531/5955 2560/3808/5955
f 2582/5532/5956 2575/3725/5956 2597/3727/5956
f 2564/3730/5957 2571/3597/5957 2570/3728/5957
f 3426/3595/5958 2571/3597/5958 2564/3730/5958
f 2571/3597/5959 2576/5533/5959 2570/3728/5959
f 2570/3728/5960 2576/5533/5960 2577/3731/5960
f 3417/3748/5961 2484/3747/5961 2565/5534/5961
f 2480/3543/5962 2565/5534/5962 2484/3747/5962
f 2485/5535/5963 2483/3746/5963 3417/3748/5963
f 2482/3594/5964 2480/3543/5964 2484/3747/5964
f 2478/5536/5965 3418/3751/5965 3408/3542/5965
f 2566/3750/5966 2479/3583/5966 238/3582/5966
f 239/5537/5967 2480/5538/5967 3418/5539/5967
f 3420/5530/5968 3419/5540/5968 3424/5541/5968
f 3421/3753/5969 3419/5540/5969 3420/5530/5969
f 2567/3897/5970 3419/5540/5970 3421/3753/5970
f 2568/3896/5971 3419/5542/5971 2567/3894/5971
f 227/3575/5972 3419/5542/5972 2568/3896/5972
f 3422/5543/5973 3419/5542/5973 227/3575/5973
f 3423/5544/5974 3419/5542/5974 3422/5543/5974
f 3424/5541/5975 3419/5540/5975 3423/5545/5975
f 227/3575/5976 226/3572/5976 2474/5497/5976 3422/5543/5976
f 3420/5530/5977 3424/5541/5977 223/5528/5977
f 2485/3605/5978 3420/5530/5978 2462/3606/5978
f 3421/3753/5979 3420/5530/5979 2485/3605/5979
f 2567/3897/5980 3421/3753/5980 3417/3752/5980
f 238/3582/5981 227/3575/5981 2568/3896/5981
f 2474/5497/5982 225/5499/5982 2470/5546/5982 3423/5544/5982
f 2474/5497/5983 3423/5544/5983 3422/5543/5983
f 3439/5547/5984 2577/3731/5984 2576/5533/5984 2578/3764/5984
f 2470/3563/5985 3424/5548/5985 3423/5549/5985
f 221/3555/5986 3424/5548/5986 2470/3563/5986
f 222/5550/5987 3424/5541/5987 221/5551/5987
f 223/5528/5988 3424/5541/5988 222/5550/5988
f 2610/3756/5989 2601/3755/5989 2563/3757/5989
f 237/3758/2562 2614/3721/5990 3425/3759/2563
f 2571/3597/5991 2578/3764/5991 2576/5533/5991
f 2571/3597/5992 2579/3761/5992 2578/3764/5992
f 2612/5552/5993 2581/5553/5993 2558/3598/5993 2608/3586/5993
f 2609/3584/5994 2606/3859/5994 2605/3585/5994
f 2580/5554/5995 2583/3762/5995 2579/3761/5995 2558/3598/5995
f 2579/3761/5996 2583/3762/5996 2578/3764/5996
f 2612/3770/5997 2607/3769/5997 2613/3772/5997
f 2607/3769/5998 2605/3845/5998 2604/3771/5998
f 3425/3759/5999 2614/3721/5999 2586/3782/5999
f 2613/3772/6000 2611/3738/6000 2582/3740/6000
f 2604/3771/6001 2603/3776/6001 2613/3772/6001
f 2603/3798/6002 2602/3754/6002 2610/3756/6002
f 2572/3733/6003 2597/3778/6003 2573/3734/6003
f 2574/3735/6004 2573/3734/6004 2588/3736/6004
f 2615/3720/6005 2606/3822/6005 2609/3781/6005
f 2614/3721/6006 2615/3720/6006 2609/3781/6006
f 2572/3733/6007 2574/3735/6007 2580/3785/6007 2581/3784/6007
f 2612/3770/6008 2582/3740/6008 2572/3733/6008
f 2589/3718/6009 2563/3717/6009 2614/3721/6009
f 2594/3884/6010 2593/3726/6010 2595/3797/6010
f 2575/3725/6011 2563/3757/6011 2593/3726/6011
f 2611/3799/6012 2610/3756/6012 2575/3725/6012
f 2595/3719/6013 2589/3718/6013 2600/3806/6013
f 2596/5555/6014 2599/3800/6014 2598/3802/6014
f 2600/3806/6015 2599/3803/6015 3435/3805/6015
f 2581/3784/6016 2612/3770/6016 2572/3733/6016
f 2574/3735/6017 2585/3737/6017 2583/3774/6017 2580/3785/6017
f 236/3676/6018 2541/5556/6018 2538/3862/6018 2640/3674/6018
f 2600/3806/6019 237/3758/6019 2559/5501/6019
f 2599/5557/6020 2559/3807/6020 3442/3809/6020
f 2600/3806/6021 2559/5501/6021 2599/3803/6021
f 2601/3820/6022 2615/3720/6022 2563/3717/6022
f 3428/3796/6023 2639/5558/6023 2624/3830/6023
f 2624/3830/6024 2639/5558/6024 2525/3826/6024
f 2487/3561/6025 3428/3796/6025 2624/3830/6025
f 2643/3864/6026 3429/3811/6026 2552/3813/6026
f 3427/3791/6027 2642/3816/6027 3428/3814/6027
f 3428/3814/6028 2631/3817/6028 2641/3815/6028
f 2639/3793/6029 2641/3815/6029 242/3712/6029
f 3414/3819/6030 2532/3818/6030 2515/5515/6030
f 2514/3646/6031 235/3946/6031 2511/3647/6031
f 2628/3821/6032 3430/3823/6032 2623/3825/6032
f 2637/3882/6033 2636/3838/6033 3416/3839/6033
f 2537/3827/6034 2619/3656/6034 2538/3829/6034
f 241/3833/6035 2525/3826/6035 3429/3828/6035
f 2648/3837/6036 2624/3830/6036 2622/3832/6036
f 2548/3867/6037 2540/3834/6037 2549/3836/6037
f 2624/3830/6038 2525/3826/6038 241/3833/6038
f 3416/3839/6039 2539/3703/6039 2535/3705/6039
f 2629/3865/6040 2623/3840/6040 2630/3842/6040
f 2623/3840/6041 2635/3844/6041 2636/3843/6041
f 2529/3631/6042 2517/3630/6042 2506/3635/6042
f 2506/3635/6043 2517/3630/6043 2510/3636/6043
f 2648/3851/6044 2622/3847/6044 2633/3849/6044
f 3434/3848/6045 241/3863/6045 2643/3864/6045
f 3430/3823/6046 3431/3853/6046 3432/3824/6046
f 240/3858/6047 2548/3855/6047 2544/3687/6047
f 2606/3822/6048 2628/3821/6048 3433/3856/6048
f 2623/3840/6049 3432/3857/6049 2635/3844/6049
f 3429/3811/6050 2537/3861/6050 2522/3812/6050
f 2522/3812/6051 2538/3862/6051 2541/5556/6051
f 2626/5559/6052 2545/3835/6052 2546/5560/6052 2617/5561/6052
f 2605/3585/6053 3433/3860/6053 2629/3865/6053
f 2540/3834/6054 2546/5560/6054 2545/3835/6054
f 2621/3632/6055 2542/3685/6055 2545/5562/6055 2626/5507/6055
f 2488/3570/6056 2648/3851/6056 2634/3603/6056
f 2633/3849/6057 3434/3848/6057 2632/3868/6057
f 2549/3684/6058 2545/5562/6058 2542/3685/6058
f 2646/5563/6059 3431/5564/6059 2602/3754/2644 2645/3870/2644
f 2645/3870/6060 2650/3869/6060 2649/5565/6060
f 2645/3870/6061 2649/5565/6061 2646/5563/6061
f 2647/5518/6062 2637/3697/6062 3415/3682/6062
f 2546/3680/6063 2551/3700/6063 2617/3702/6063
f 3431/3853/6064 2647/3866/6064 240/3854/6064
f 2642/3875/6065 2638/3871/6065 2631/3873/6065
f 2631/3873/6066 2638/3871/6066 2644/3689/6066
f 2641/3874/6067 2644/3689/6067 242/5520/6067
f 2638/3871/6068 2633/3876/6068 2632/3872/6068
f 2486/3579/6069 231/3578/6069 2642/3816/6069
f 2637/3697/6070 2647/5518/6070 3431/5564/6070 2646/5563/6070
f 2597/3727/6071 2593/3726/6071 2651/3890/6071 3436/5566/6071
f 2649/3879/6072 2630/3878/6072 2625/3880/6072
f 2650/3877/6073 2629/3846/6073 2630/3878/6073
f 2603/3776/6074 2604/3771/6074 2650/3877/6074
f 2646/3881/6075 2625/3880/6075 2636/3838/6075
f 2565/3742/6076 2594/3891/6076 3435/3745/6076
f 2600/3885/6077 2594/3884/6077 2595/3797/6077
f 239/3741/6078 2594/3891/6078 2565/3742/6078
f 2566/3787/6079 2591/3786/6079 3436/5566/6079
f 2597/3727/6080 3436/5566/6080 2591/3786/6080
f 3436/5567/6081 2651/5568/6081 239/5537/6081 3418/5539/6081
f 2584/3766/6082 2587/3775/6082 3440/3893/6082 3439/3767/6082
f 2566/3750/6083 3436/5569/6083 3418/3749/6083
f 3438/5570/6084 3437/5571/6084 3443/5572/6084
f 3439/5573/6085 3437/5571/6085 3438/5570/6085
f 3440/3893/6086 3437/5574/6086 3439/3767/6086
f 3441/3895/6087 3437/5574/6087 3440/3893/6087
f 2567/3894/6088 3437/5574/6088 3441/3895/6088
f 3442/3809/6089 3437/5571/6089 2567/3897/6089
f 3443/5572/6090 3437/5571/6090 3442/3809/6090
f 2560/3808/6091 3438/5570/6091 3443/5572/6091
f 2569/5531/6092 3438/5570/6092 2560/3808/6092
f 2577/5575/6093 3438/5570/6093 2569/5531/6093
f 3439/5573/6094 3438/5570/6094 2577/5575/6094
f 2590/3777/6095 2592/3780/6095 3441/3895/6095 3440/3893/6095
f 2566/3750/6096 238/3582/6096 2568/3896/6096 3441/3895/6096
f 2566/3750/6097 3441/3895/6097 2592/3780/6097
f 2661/3936/6098 2675/5576/6098 3445/3938/6098 2662/3916/6098
f 2598/3886/6099 3442/3809/6099 2567/3897/6099
f 2560/3808/6100 3443/5572/6100 3442/3809/6100
f 2521/3678/6101 3444/3901/6101 2673/3903/6101
f 2659/3900/6102 2670/3899/6102 2655/3950/6102
f 2663/3931/6103 2660/3904/6103 2664/3907/6103
f 2534/3937/6104 2520/5512/6104 2662/3916/6104
f 2677/3912/6105 2664/3911/6105 244/5577/6105
f 2520/5512/6106 2665/3914/6106 2662/3916/6106
f 233/3672/6107 2673/3903/6107 3446/3941/6107
f 3446/3941/6108 2673/3903/6108 2659/3902/6108
f 2667/3924/6109 2658/3619/6109 2652/3621/6109
f 2547/3658/6110 2526/3664/6110 2671/3925/6110
f 2526/3934/6111 234/3913/6111 2676/3910/6111
f 2674/3929/6112 243/5578/6112 3450/5579/6112
f 235/3662/6113 2534/3661/6113 3445/3927/6113
f 233/3643/6114 3446/3930/6114 2663/3931/6114
f 2660/3904/6115 2668/5580/6115 2654/3905/6115
f 2671/3935/6116 2676/3910/6116 2669/3932/6116
f 2670/3933/6117 2677/3912/6117 246/5581/6117
f 2661/3936/6118 2667/3915/6118 2666/3917/6118
f 2661/3936/6119 2666/3917/6119 3451/3919/6119
f 2521/3659/6120 2547/3658/6120 3444/3898/6120
f 2699/3983/6121 2688/3972/6121 2687/3971/6121 2693/3991/6121
f 2675/5576/6122 2661/3936/6122 3451/3919/6122
f 2675/3943/6123 3451/5582/6123 243/5578/6123
f 2669/3932/6124 2672/3909/6124 2677/3912/6124
f 232/3669/6125 2657/3939/6125 2665/3923/6125
f 2657/3652/6126 2678/3940/2680 2658/3649/2682
f 2678/5583/6127 2674/3929/6127 3450/5579/6127
f 3447/3947/6128 2674/5584/6128 2678/3940/6128
f 2660/3942/6129 2659/3902/6129 2668/3920/6129
f 234/5505/5894 233/3643/2503 2663/3931/6130
f 2674/3929/6131 2675/3943/6131 243/5578/6131
f 2511/3647/6132 3447/3947/6132 2657/3652/6132
f 3444/3898/2691 2671/3925/2691 2670/3899/6133
f 2668/3920/6134 2655/3951/6134 245/3921/6134
f 244/5577/6135 3448/5585/6135 246/5581/6135
f 2654/3905/6136 3448/5586/6136 244/3906/6136
f 245/3921/6137 3448/5587/6137 2654/3922/6137
f 2655/5588/6138 3448/5587/6138 245/3921/6138
f 246/3949/6139 3448/5589/6139 2655/3950/6139
f 244/5577/6140 246/5581/6140 2677/3912/6140
f 243/5578/6141 3449/5590/6141 3450/5579/6141
f 3451/5591/6142 3449/5590/6142 243/5578/6142
f 3452/5592/6143 3449/5593/6143 3451/3919/6143
f 2652/3621/6144 3452/5594/6144 3451/5595/6144
f 2656/3620/6145 3452/5594/6145 2652/3621/6145
f 2653/3650/6146 3452/5596/6146 2656/5597/6146
f 2653/3650/6147 3449/3952/6147 3452/5596/6147
f 248/3954/6148 3453/3953/6148 3457/3966/6148
f 2767/3968/6149 2691/3967/2713 2682/3979/2712
f 2685/3957/6150 2680/3959/6150 2684/3958/6150
f 247/3977/6151 2683/3965/6151 249/5598/6151
f 2679/3963/6152 2771/3956/6152 2684/3958/6152
f 3455/3969/6153 248/3964/6153 2685/3957/6153
f 3457/3966/6154 2683/3965/6154 247/3977/6154
f 2686/3962/6155 2681/3960/6155 2767/3968/6155
f 2690/3982/6156 2698/3981/6156 2700/3986/6156
f 2680/3959/6157 3456/5599/6157 2692/5600/6157
f 2692/5601/6158 3456/3970/6158 2688/3972/6158
f 3474/4107/6159 2697/3996/6159 2768/4109/6159
f 2691/3967/6160 2681/3960/6160 2690/3975/6160
f 2690/3982/2707 2700/3986/6161 2701/3990/2708
f 2691/3967/6162 2701/3976/6162 2689/3980/6162
f 2681/3960/6163 2692/5600/6163 2690/3975/6163
f 2692/5601/6164 2688/3972/6164 2690/3982/6164
f 2681/3960/6165 2680/3959/6165 2692/5600/6165
f 248/3954/6166 2687/3978/6166 3456/5602/6166
f 3474/4107/6167 2689/3997/6168 2697/3996/6169
f 3474/5603/6167 2682/3979/6170 2689/3980/6168
f 2710/3987/6171 247/3977/6171 249/5598/6171
f 2699/3983/6172 2694/4007/6172 2695/3984/6172
f 2698/3981/6173 2688/3972/6173 2699/3983/6173
f 2698/3981/6174 2695/3984/6174 2696/3985/6174
f 251/5604/6175 2785/5605/6175 2786/4139/6175 2798/4140/6175
f 2699/3983/6176 2693/3991/6176 2694/4007/6176
f 2700/3986/6177 2696/3985/6177 2701/3990/6177
f 2701/3994/6178 2703/4003/6178 2704/3995/6178
f 2703/3989/6179 2696/3985/6179 2705/3998/6179
f 2707/4005/6180 3459/4000/2726 2717/4002/2728
f 2694/4007/6181 3459/4000/6181 2707/4005/6181
f 3458/3992/6182 2718/5606/6182 2706/3993/6182
f 2695/3984/6183 2694/4007/6183 2707/4005/6183
f 2707/4005/6184 2717/4002/6184 2711/3999/6184
f 2693/3991/6185 2706/3993/6185 3459/4000/6185
f 3460/4006/6186 2706/3993/6186 2718/5606/6186
f 3459/4000/6187 2706/3993/6187 3460/4006/6187
f 2697/3996/6188 2704/3995/6188 2714/4042/6188
f 2697/3996/6189 2714/4042/6189 2768/4109/6189
f 3458/3988/6190 2715/4008/6190 2718/5607/6190
f 3464/4015/6191 2710/3987/6191 249/5598/6191
f 2702/4001/6192 3460/4006/6192 2717/4002/6192
f 2716/4004/6193 2711/4016/6193 2708/4017/6193
f 2717/4002/6194 2713/4014/6194 2712/4009/6194
f 2712/4011/6195 2713/4026/6195 2724/4019/6195
f 2716/4004/6196 2709/4018/6196 2720/4024/6196
f 2711/3999/6197 2717/4002/6197 2712/4009/6197
f 2712/4011/6198 2722/4020/6198 2721/4012/6198
f 2718/4023/6199 3462/4022/6199 3460/4025/6199
f 2714/4042/6200 2704/3995/6200 2720/4024/6200
f 2709/4018/6201 2728/4033/6201 2726/4027/6201
f 2722/4020/2748 2731/4034/6202 2719/4028/2749
f 3462/4022/6203 3463/4030/6203 3461/4029/6203
f 2720/4024/6204 2726/4027/6204 2714/4042/6204
f 2708/4017/6205 2721/5608/6205 2723/5609/6205
f 2723/5610/6206 2721/4012/6206 2719/4028/6206
f 2724/4019/6207 3461/4029/2754 2722/4020/2753
f 2715/4021/6208 3464/5611/6208 2727/4037/6208
f 2723/5609/6209 2719/4032/6209 2709/4018/6209
f 2709/4018/6210 2708/4017/6210 2723/5609/6210
f 2715/4021/6211 2727/4037/6211 3462/4022/6211
f 3462/4022/6212 2727/4037/6212 3463/4030/6212
f 3464/5611/6213 2736/4061/6213 2727/4037/6213
f 3464/4015/6214 2747/4056/6214 2736/5612/6214
f 2728/4033/6215 2719/4032/6215 2729/4035/6215
f 2729/4035/6216 2733/4048/6216 2737/4036/6216
f 3465/4031/6217 2730/4044/6217 2731/4034/6217
f 3468/4038/6218 2727/4037/6218 2736/4061/6218
f 2728/4033/6219 2737/4036/6219 2726/4027/6219
f 2730/4044/6220 2738/4049/6220 2725/4046/6220
f 3467/4040/6221 3463/4030/6221 3468/4038/6221
f 2747/4056/6222 3464/4015/6222 249/5598/6222
f 3465/4031/6223 3467/4040/6223 2730/4044/6223
f 2714/4042/6224 3466/4041/6224 2768/4109/6224
f 2733/4052/6225 2744/4053/6225 2732/4074/6225
f 2738/4049/6226 2735/4054/6226 2734/5613/6226
f 2734/4051/6227 2735/4063/6227 2748/4059/6227
f 2737/4036/6228 2732/4058/6228 2743/4039/6228
f 2725/4050/6229 2738/5614/6229 2734/4051/6229
f 2734/4051/6230 2745/4060/6230 2744/4053/6230
f 3468/4038/6231 3469/4062/6231 2735/4054/6231
f 2735/4054/6232 3469/4062/6232 2746/5615/6232
f 3469/4057/6233 2742/4066/6233 2746/4065/6233
f 2743/4039/6234 2732/4058/6234 2741/5616/6234
f 2743/4039/6235 2741/5616/6235 2753/4071/6235
f 2766/4076/6236 2747/4056/6236 249/5598/6236
f 2744/4053/6237 2756/4068/6237 2757/4072/6237
f 2748/4059/6238 2739/4070/6238 2745/4060/6238
f 3466/4041/6239 2753/4071/6239 2768/4109/6239
f 2747/4056/6240 2766/4076/6240 2742/4066/6240
f 2754/4078/6241 2751/4080/6241 2752/4079/6241
f 2740/4073/6242 2757/4072/6242 2754/4078/6242
f 2742/4066/6243 2749/4077/6243 2750/4085/6243
f 2741/4075/6244 2740/4073/6244 2752/4079/6244
f 2757/4072/6245 2756/4068/6245 2755/4082/6245
f 2757/4072/6246 2755/4082/2794 2751/4080/2796
f 2753/4071/6247 2752/5617/6247 2769/4106/6247
f 2753/4071/6248 2741/5616/6248 2752/5617/6248
f 2739/4070/6249 3471/4089/6249 2755/4082/6249
f 2755/4082/6250 3471/4089/6250 2762/4083/6250
f 2750/4085/6251 2760/4100/6251 2759/4088/6251
f 2759/4088/6252 2760/4100/6252 3472/4091/6252
f 2764/4094/6253 2759/4088/6253 3473/4092/6253
f 2762/4083/6254 2759/5618/6254 2764/4099/6254
f 2749/4077/6255 2766/4076/6255 2760/4100/6255
f 2763/4098/6256 2772/4097/6256 2758/4103/6256
f 2761/4096/6257 2770/4105/6257 2772/4097/6257
f 2760/4100/6258 3453/3953/6258 3472/4091/6258
f 3472/4091/6259 3453/3953/6259 3454/3955/6259
f 2758/4103/6260 2767/3968/6260 2682/3979/6260
f 2772/4097/6261 2770/4105/6261 2771/3956/6261
f 3474/5603/6262 2769/4102/6262 2682/3979/6262
f 2683/3965/6263 2766/4076/6263 249/5598/6263
f 3473/4092/6264 3454/3955/6264 3455/3961/6264
f 2758/4103/6265 2772/4097/2822 2686/3962/2824
f 2770/4105/6266 3455/3969/6266 2771/3956/6266
f 2778/4245/6267 2777/5619/6267 2864/4121/6267
f 2777/5619/6268 2866/4120/6268 2864/4121/6268
f 2782/4115/6269 250/4114/6269 2779/4117/6269
f 2780/4112/6270 2776/4118/6270 2775/4110/6270
f 2781/4187/6271 2777/5620/6271 2778/5621/6271
f 2781/4187/6272 2799/4143/6272 2777/5620/6272
f 2789/5622/6273 2793/4113/6273 2782/4115/6273
f 250/4114/6274 2776/5623/6274 2773/4122/6274
f 2866/4120/6275 2789/5622/6275 2782/4115/6275
f 2789/4126/6276 2790/4125/6276 2793/5624/6276
f 3475/4127/6277 2785/5625/6277 251/4131/6277
f 2791/4133/6278 3476/4161/6278 3485/4260/6278
f 2865/4111/6279 2791/4133/6279 3485/4260/6279
f 2866/4120/6280 2792/4135/6280 2789/5622/6280
f 2792/5626/6281 2800/4124/6281 2789/4126/6281
f 3475/4129/6282 2790/4125/6282 2785/5605/6282
f 2790/4125/6283 2786/4139/6283 2785/5605/6283
f 2793/4113/6284 3475/5627/6284 250/4114/6284
f 251/4131/6285 2791/4133/6285 2775/4110/6285
f 2775/4110/6286 2791/4133/6286 2865/4111/6286
f 2788/4136/6287 2792/4135/6287 2866/4120/6287
f 2777/5619/6288 2788/4136/6288 2866/4120/6288
f 3475/4127/6289 251/4131/6289 2776/4118/6289
f 2799/4143/6290 2788/4145/6290 2777/5620/6290
f 2790/4125/6291 2796/4137/6291 2786/4139/6291
f 2798/5628/6292 2784/4132/6292 251/4131/6292
f 2799/4143/6293 2806/4157/6293 2787/4144/6293
f 3485/4260/6294 3476/4161/6294 258/4162/6294
f 2815/4181/6295 2819/4180/6295 2811/4177/6295 2816/4179/6295
f 2806/4157/6296 2799/4143/6296 2781/4187/6296
f 2794/4147/6297 3476/4161/6297 2791/4133/6297
f 2792/5626/6298 2801/5629/6298 2800/4124/6298
f 2801/5629/6299 2807/4152/6299 2800/4124/6299
f 2807/4152/6300 2796/4137/6300 2800/4124/6300
f 2786/4139/6301 2797/4138/6301 2795/4146/6301
f 3477/4153/6302 253/4175/6302 252/4159/6302
f 2805/4158/6303 2812/5630/6303 2807/5631/6303
f 2801/5629/6304 2805/5632/6304 2807/4152/6304
f 2804/4151/6305 253/4175/6305 3477/4153/6305
f 2797/4138/6306 2804/4151/6306 3477/4153/6306
f 3478/4156/6307 2802/5633/6307 2794/4141/6307
f 3478/4156/6308 2803/5634/6308 2802/5633/6308
f 2796/4137/6309 2807/4152/6309 2804/4151/6309
f 3478/4156/6310 252/4159/6310 2803/5634/6310
f 3477/4153/6311 3478/4156/6311 2795/4146/6311
f 2794/4147/6312 2813/4155/6312 3479/4160/6312
f 2819/5635/6313 2818/4163/6313 2812/4150/6313
f 2804/4151/6314 2812/4150/6314 2814/4164/6314
f 252/4165/6315 254/4170/6315 2810/4166/6315
f 2817/4176/6316 2806/4157/6316 2781/4187/6316
f 2814/4164/6317 252/4159/6317 253/4175/6317
f 2811/4177/6318 2819/4180/6318 2812/5630/6318
f 2805/4158/6319 2811/4177/6319 2812/5630/6319
f 2818/4163/6320 254/5636/6320 2814/4164/6320
f 2803/4167/6321 2809/4171/6321 2802/4173/6321
f 2803/4167/6322 2810/4166/6322 2809/4171/6322
f 2816/4179/6323 2826/4195/6323 2815/4181/6323
f 2810/4166/6324 254/4170/6324 256/4203/6324 255/4178/6324
f 2830/4183/6325 256/4203/6325 2818/4184/6325
f 254/4170/6326 2818/4184/6326 256/4203/6326
f 255/4178/6327 2828/4190/6327 2809/4171/6327
f 3479/4160/6328 3480/5637/6328 258/4162/6328
f 257/4199/6329 2837/4198/6329 2838/5638/6329 2832/4213/6329
f 302/5639/6330 2869/5640/6330 281/2/6330 2877/39/6330
f 2808/4174/6331 2821/4191/6331 3480/4188/6331
f 2828/4190/6332 2808/4174/6332 2809/4171/6332
f 2830/4183/6333 2827/4197/6333 256/4203/6333
f 2824/4201/6334 2823/4193/6334 2826/4195/6334
f 2816/4179/6335 2824/4201/6335 2826/4195/6335
f 2822/5641/6336 2837/4198/6336 2829/4196/6336
f 2830/4183/6337 2822/5641/6337 2829/4196/6337
f 2815/4181/6338 2826/4195/6338 2830/4202/6338
f 2827/4197/6339 2837/4198/6339 257/4199/6339
f 2825/4186/6340 2845/4223/6340 2836/4204/6340
f 2838/4209/6341 2837/5642/6341 2822/5643/6341 2834/4207/6341
f 2845/4223/6342 2825/4186/6342 2781/4187/6342
f 3480/5637/6343 2820/4215/6343 258/4162/6343
f 2835/4219/6344 2848/5644/6344 2823/4193/6344
f 3481/4200/6345 2831/4212/6345 2821/4191/6345
f 2824/4201/6346 2836/4204/6346 2835/4219/6346
f 2824/4201/6347 2835/4219/6347 2823/4193/6347
f 2846/4220/6348 2847/4224/6348 2843/4230/6348 2842/4234/6348
f 2834/4207/6349 2833/4210/6349 2838/4209/6349
f 3481/4200/6350 2832/4213/6350 2831/4212/6350
f 2844/4218/6351 2847/4236/6351 2835/4219/6351
f 3482/4221/6352 2839/5645/6352 2831/4222/6352
f 3482/4221/6353 2840/4238/6353 2839/5645/6353
f 2834/4207/6354 2847/4224/6354 2846/4220/6354
f 3482/4221/6355 2841/4225/6355 2840/4238/6355
f 2833/4210/6356 2846/4220/6356 2841/4225/6356
f 2846/4220/6357 2842/4234/6357 2841/4225/6357
f 2855/4239/6358 2845/4223/6358 2781/4187/6358
f 2854/5646/6359 2860/4229/6359 2857/4231/6359
f 2847/4224/6360 2857/4231/6360 2843/4230/6360
f 2842/4234/6361 2851/4233/6361 2841/4225/6361
f 2840/4238/6362 2856/5647/6362 2839/5645/6362
f 2840/4238/6363 3484/5648/6363 2856/5647/6363
f 2856/4217/6364 3484/4244/6364 2849/4228/6364
f 2844/4218/6365 2854/4240/6365 2857/4235/6365
f 2840/4238/6366 2850/4237/6366 3484/5648/6366
f 2860/4229/6367 2853/4241/6367 2843/4230/6367
f 2850/4237/6368 2858/4253/6368 3486/5649/6368
f 2863/4252/6369 2850/4237/6369 2851/4233/6369
f 2849/4228/6370 3485/4260/6370 3483/4226/6370
f 2854/5650/6371 2862/4246/6371 2860/4251/6371
f 2863/4252/6372 2859/5651/6372 2858/4253/6372
f 3484/4244/6373 3486/4243/6373 259/4255/6373
f 2778/4245/6374 2868/4254/6374 2862/4246/6374
f 2861/4249/6375 2859/4258/6375 2863/4256/6375
f 259/4255/6376 2780/4112/6376 2865/4111/6376
f 2859/4258/6377 2867/4257/6377 2774/4123/6377
f 3486/4243/6378 2773/4119/6378 2780/4112/6378
f 2781/4187/6379 2778/5621/6379 2855/4239/6379
f 3483/4226/6380 3485/4260/6380 258/4162/6380
f 2783/4116/6381 2779/4117/6381 2867/4257/6381
f 2858/4261/6382 2774/4123/6382 2773/4122/6382
f 259/4255/6383 3485/4260/6383 2849/4228/6383
f 2864/4121/6384 2783/4116/6384 2867/4257/6384
